policy_id,had_claim_flag,incurred_loss_12mo_usd,earned_exposure,p_claim,e_loss_raw,e_loss_capped,pure_premium,log_loss_pred,indicated_premium,risk_tier
POL000001,0,0,0.25,0.424969,16838.17,16838.17,7155.69,9.7315,9302.4,HIGH
POL000002,0,0,0.5,0.157512,3586.03,3586.03,564.84,8.1851,734.3,LOW
POL000003,0,0,0.537,0.37638,12743.81,12743.81,4796.52,9.4529,6235.47,MODERATE
POL000004,1,10235,0.2938,0.50216,14853.58,14853.58,7458.88,9.6061,9696.54,HIGH
POL000005,0,0,0.7956,0.492885,3693.06,3693.06,1820.26,8.2145,2366.33,MODERATE
POL000006,0,0,0.4086,0.494717,10375.06,10375.06,5132.72,9.2473,6672.53,MODERATE
POL000007,0,0,1.0,0.189187,11564.33,11564.33,2187.83,9.3558,2844.17,MODERATE
POL000008,0,0,1.0,0.698732,10346.65,10346.65,7229.54,9.2445,9398.41,HIGH
POL000009,0,0,0.524,0.297061,11696.0,11696.0,3474.43,9.3671,4516.76,MODERATE
POL000010,0,0,1.0,0.656672,7850.17,7850.17,5154.99,8.9684,6701.48,MODERATE
POL000011,0,0,0.25,0.839262,14698.86,14698.86,12336.2,9.5956,16037.06,VERY_HIGH
POL000012,0,0,1.0,0.436909,5920.62,5920.62,2586.77,8.6864,3362.81,MODERATE
POL000013,0,0,0.8064,0.826983,6864.97,6864.97,5677.21,8.8343,7380.38,HIGH
POL000014,0,0,1.0,0.467138,29602.98,29602.98,13828.66,10.2957,17977.26,VERY_HIGH
POL000015,0,0,0.5,0.415636,3880.22,3880.22,1612.76,8.2639,2096.58,LOW
POL000016,0,0,0.25,0.276585,15698.05,15698.05,4341.84,9.6614,5644.39,MODERATE
POL000017,0,0,0.6025,0.510096,13623.54,13623.54,6949.32,9.5196,9034.11,HIGH
POL000018,0,0,0.25,0.256601,11469.85,11469.85,2943.17,9.3476,3826.12,MODERATE
POL000019,0,0,1.0,0.392649,4554.49,4554.49,1788.31,8.4241,2324.81,LOW
POL000020,0,0,0.5,0.203893,5881.9,5881.9,1199.28,8.6798,1559.06,LOW
POL000021,1,5071,0.5,0.403666,6170.06,6170.06,2490.64,8.7276,3237.83,MODERATE
POL000022,0,0,1.0,0.094585,5145.59,5145.59,486.7,8.5461,632.71,LOW
POL000023,0,0,1.0,0.534771,7399.83,7399.83,3957.22,8.9093,5144.39,MODERATE
POL000024,0,0,0.433,0.273567,8356.91,8356.91,2286.17,9.031,2972.02,MODERATE
POL000025,0,0,1.0,0.470202,7119.23,7119.23,3347.47,8.8707,4351.72,MODERATE
POL000026,0,0,1.0,0.279567,4094.41,4094.41,1144.66,8.3176,1488.06,LOW
POL000027,1,7452,0.5,0.646581,7939.54,7939.54,5133.55,8.9797,6673.62,MODERATE
POL000028,0,0,1.0,0.820491,6087.32,6087.32,4994.59,8.7141,6492.97,MODERATE
POL000029,0,0,0.5,0.414524,10179.77,10179.77,4219.76,9.2283,5485.69,MODERATE
POL000030,0,0,1.0,0.32874,5203.92,5203.92,1710.74,8.5574,2223.96,LOW
POL000031,0,0,0.7243,0.271261,19058.52,19058.52,5169.83,9.8553,6720.78,MODERATE
POL000032,1,8221,1.0,0.652549,6242.65,6242.65,4073.63,8.7393,5295.72,MODERATE
POL000033,0,0,0.7513,0.776503,66787.3,66787.3,51860.51,11.1093,67418.67,VERY_HIGH
POL000034,1,4514,0.5,0.479646,5611.74,5611.74,2691.65,8.6328,3499.15,MODERATE
POL000035,0,0,1.0,0.146347,9781.7,9781.7,1431.53,9.1884,1860.98,LOW
POL000036,0,0,0.25,0.175331,15180.93,15180.93,2661.69,9.6279,3460.2,MODERATE
POL000037,1,517126,0.8161,0.800587,21264.15,21264.15,17023.79,9.9648,22130.93,VERY_HIGH
POL000038,0,0,0.25,0.454217,4834.32,4834.32,2195.83,8.4837,2854.58,MODERATE
POL000039,0,0,0.5,0.523266,13940.96,13940.96,7294.84,9.5427,9483.29,HIGH
POL000040,0,0,1.0,0.505171,2925.3,2925.3,1477.78,7.9815,1921.11,LOW
POL000041,0,0,0.9225,0.48933,11804.3,11804.3,5776.2,9.3763,7509.06,HIGH
POL000042,0,0,0.5413,0.239181,14647.75,14647.75,3503.46,9.5921,4554.5,MODERATE
POL000043,0,0,0.4035,0.261348,11755.94,11755.94,3072.39,9.3722,3994.11,MODERATE
POL000044,0,0,0.6044,0.178983,6458.02,6458.02,1155.87,8.7732,1502.63,LOW
POL000045,0,0,0.25,0.479305,6899.45,6899.45,3306.94,8.8393,4299.03,MODERATE
POL000046,1,2616,0.3282,0.292678,19068.04,19068.04,5580.8,9.8558,7255.05,HIGH
POL000047,1,3001,0.25,0.651923,3638.28,3638.28,2371.88,8.1995,3083.44,MODERATE
POL000048,0,0,1.0,0.202451,4066.13,4066.13,823.19,8.3107,1070.15,LOW
POL000049,0,0,0.25,0.463056,8928.48,8928.48,4134.38,9.0971,5374.7,MODERATE
POL000050,0,0,0.2677,0.919607,13580.71,13580.71,12488.91,9.5165,16235.59,VERY_HIGH
POL000051,0,0,0.5,0.154067,5685.5,5685.5,875.95,8.6459,1138.73,LOW
POL000052,0,0,0.8068,0.61117,10197.73,10197.73,6232.55,9.23,8102.31,HIGH
POL000053,1,12520,1.0,0.736885,6671.82,6671.82,4916.36,8.8058,6391.27,MODERATE
POL000054,0,0,1.0,0.518582,13817.79,13817.79,7165.66,9.5338,9315.36,HIGH
POL000055,0,0,0.4135,0.180378,33305.3,33305.3,6007.53,10.4135,7809.79,HIGH
POL000056,0,0,1.0,0.323695,10382.1,10382.1,3360.63,9.2479,4368.82,MODERATE
POL000057,0,0,1.0,0.419941,2585.19,2585.19,1085.63,7.8579,1411.32,LOW
POL000058,0,0,1.0,0.193785,6357.42,6357.42,1231.97,8.7575,1601.56,LOW
POL000059,0,0,0.25,0.27389,32090.57,32090.57,8789.29,10.3763,11426.08,HIGH
POL000060,0,0,0.3812,0.116745,12701.61,12701.61,1482.85,9.4496,1927.7,LOW
POL000061,0,0,0.7513,0.154038,2691.35,2691.35,414.57,7.8982,538.94,LOW
POL000062,0,0,0.25,0.357847,13964.34,13964.34,4997.09,9.5443,6496.22,MODERATE
POL000063,0,0,0.395,0.260389,12707.74,12707.74,3308.96,9.45,4301.65,MODERATE
POL000064,0,0,0.2774,0.510591,4414.64,4414.64,2254.07,8.3929,2930.3,MODERATE
POL000065,0,0,0.2902,0.591854,9654.23,9654.23,5713.9,9.1753,7428.07,HIGH
POL000066,0,0,1.0,0.500552,17972.49,17972.49,8996.16,9.7967,11695.0,HIGH
POL000067,0,0,0.9411,0.660094,2111.61,2111.61,1393.86,7.6557,1812.02,LOW
POL000068,0,0,1.0,0.171626,7815.93,7815.93,1341.42,8.964,1743.85,LOW
POL000069,0,0,0.9352,0.418286,8317.6,8317.6,3479.14,9.0262,4522.88,MODERATE
POL000070,0,0,0.6837,0.696689,15613.05,15613.05,10877.44,9.6559,14140.67,HIGH
POL000071,0,0,1.0,0.928854,5330.97,5330.97,4951.69,8.5815,6437.2,MODERATE
POL000072,0,0,1.0,0.56787,7494.09,7494.09,4255.67,8.922,5532.37,MODERATE
POL000073,0,0,1.0,0.31986,7471.85,7471.85,2389.95,8.919,3106.93,MODERATE
POL000074,0,0,0.4799,0.311723,15292.08,15292.08,4766.89,9.6352,6196.95,MODERATE
POL000075,0,0,0.2837,0.764587,20969.33,20969.33,16032.87,9.9509,20842.73,VERY_HIGH
POL000076,0,0,0.5,0.556337,6507.94,6507.94,3620.61,8.7809,4706.79,MODERATE
POL000077,0,0,0.5,0.294937,3938.9,3938.9,1161.72,8.2789,1510.24,LOW
POL000078,0,0,1.0,0.308413,5560.3,5560.3,1714.87,8.6236,2229.33,LOW
POL000079,1,4096,0.2548,0.685129,12916.91,12916.91,8849.76,9.4664,11504.68,HIGH
POL000080,0,0,0.5,0.831105,16543.13,16543.13,13749.07,9.7138,17873.79,VERY_HIGH
POL000081,0,0,0.3054,0.301361,20815.74,20815.74,6273.05,9.9435,8154.97,HIGH
POL000082,0,0,1.0,0.40629,9808.89,9808.89,3985.26,9.1911,5180.83,MODERATE
POL000083,0,0,0.8279,0.483355,10918.63,10918.63,5277.58,9.2983,6860.85,MODERATE
POL000084,0,0,0.4281,0.381102,12246.97,12246.97,4667.35,9.4131,6067.55,MODERATE
POL000085,0,0,0.4993,0.381175,5247.6,5247.6,2000.25,8.5657,2600.33,MODERATE
POL000086,0,0,1.0,0.605219,4216.97,4216.97,2552.19,8.3471,3317.85,MODERATE
POL000087,0,0,0.6112,0.325904,3941.69,3941.69,1284.61,8.2796,1670.0,LOW
POL000088,0,0,0.7782,0.240453,9093.1,9093.1,2186.47,9.1154,2842.4,MODERATE
POL000089,0,0,1.0,0.458597,12582.3,12582.3,5770.21,9.4401,7501.27,HIGH
POL000090,0,0,0.5,0.445601,13485.13,13485.13,6008.98,9.5094,7811.68,HIGH
POL000091,0,0,0.3515,0.392065,16297.38,16297.38,6389.63,9.6988,8306.52,HIGH
POL000092,0,0,0.2955,0.29549,11963.39,11963.39,3535.07,9.3897,4595.59,MODERATE
POL000093,0,0,0.4968,0.249662,57022.28,57022.28,14236.28,10.9512,18507.17,VERY_HIGH
POL000094,0,0,0.5,0.251197,12973.03,12973.03,3258.78,9.4707,4236.42,MODERATE
POL000095,0,0,0.25,0.420988,5470.78,5470.78,2303.13,8.6074,2994.07,MODERATE
POL000096,0,0,1.0,0.360011,7973.16,7973.16,2870.42,8.984,3731.55,MODERATE
POL000097,0,0,0.5,0.174779,5271.67,5271.67,921.38,8.5703,1197.79,LOW
POL000098,0,0,0.7814,0.467104,7698.98,7698.98,3596.22,8.949,4675.09,MODERATE
POL000099,0,0,0.25,0.410759,13197.41,13197.41,5420.96,9.4879,7047.24,MODERATE
POL000100,0,0,0.8922,0.367945,4918.77,4918.77,1809.84,8.501,2352.79,MODERATE
POL000101,0,0,1.0,0.463748,13425.92,13425.92,6226.24,9.505,8094.11,HIGH
POL000102,0,0,1.0,0.616487,9575.61,9575.61,5903.24,9.1671,7674.21,HIGH
POL000103,1,10394,1.0,0.688805,4738.17,4738.17,3263.68,8.4636,4242.78,MODERATE
POL000104,0,0,0.5,0.198097,3434.03,3434.03,680.27,8.1418,884.35,LOW
POL000105,0,0,1.0,0.535622,8905.23,8905.23,4769.84,9.0945,6200.79,MODERATE
POL000106,0,0,1.0,0.117204,5372.41,5372.41,629.67,8.5892,818.57,LOW
POL000107,1,2485,0.5764,0.515718,10929.54,10929.54,5636.56,9.2993,7327.52,HIGH
POL000108,0,0,0.5814,0.315662,22560.32,22560.32,7121.43,10.024,9257.86,HIGH
POL000109,0,0,0.3472,0.359652,19281.24,19281.24,6934.53,9.8669,9014.89,HIGH
POL000110,0,0,0.5385,0.378907,11399.0,11399.0,4319.16,9.3414,5614.91,MODERATE
POL000111,0,0,0.602,0.44122,10200.23,10200.23,4500.54,9.2303,5850.7,MODERATE
POL000112,0,0,0.3612,0.441859,13468.22,13468.22,5951.05,9.5082,7736.37,HIGH
POL000113,0,0,1.0,0.353057,15663.83,15663.83,5530.23,9.6592,7189.3,HIGH
POL000114,0,0,0.5,0.242483,10230.54,10230.54,2480.73,9.2332,3224.95,MODERATE
POL000115,0,0,0.9241,0.453759,5290.45,5290.45,2400.59,8.5738,3120.76,MODERATE
POL000116,0,0,0.9289,0.454837,9281.64,9281.64,4221.63,9.1359,5488.12,MODERATE
POL000117,0,0,1.0,0.568567,3686.8,3686.8,2096.19,8.2128,2725.05,MODERATE
POL000118,0,0,0.5,0.422434,11322.38,11322.38,4782.96,9.3346,6217.85,MODERATE
POL000119,0,0,0.7809,0.569037,6627.32,6627.32,3771.19,8.7991,4902.55,MODERATE
POL000120,0,0,1.0,0.403752,7205.27,7205.27,2909.14,8.8827,3781.88,MODERATE
POL000121,0,0,0.1431,0.283394,5790.28,5790.28,1640.93,8.6641,2133.21,LOW
POL000122,0,0,0.3256,0.620685,13488.24,13488.24,8371.95,9.5096,10883.53,HIGH
POL000123,1,9886,0.5027,0.72503,13472.33,13472.33,9767.85,9.5085,12698.2,HIGH
POL000124,1,4103,1.0,0.753881,19059.97,19059.97,14368.96,9.8554,18679.64,VERY_HIGH
POL000125,0,0,1.0,0.268781,4664.37,4664.37,1253.69,8.4479,1629.8,LOW
POL000126,0,0,1.0,0.303082,5592.8,5592.8,1695.08,8.6294,2203.6,LOW
POL000127,0,0,0.4116,0.341932,7854.53,7854.53,2685.72,8.969,3491.43,MODERATE
POL000128,0,0,1.0,0.295383,6315.31,6315.31,1865.43,8.7509,2425.07,MODERATE
POL000129,0,0,1.0,0.310819,6108.4,6108.4,1898.6,8.7176,2468.19,MODERATE
POL000130,0,0,0.1955,0.271783,9125.2,9125.2,2480.08,9.1189,3224.1,MODERATE
POL000131,0,0,0.5,0.682056,6094.87,6094.87,4157.04,8.7154,5404.16,MODERATE
POL000132,0,0,1.0,0.311882,5737.98,5737.98,1789.57,8.655,2326.45,LOW
POL000133,1,12883,0.4463,0.332718,13405.66,13405.66,4460.3,9.5035,5798.39,MODERATE
POL000134,0,0,0.8156,0.651096,3620.79,3620.79,2357.48,8.1947,3064.72,MODERATE
POL000135,0,0,1.0,0.149505,11987.65,11987.65,1792.21,9.3917,2329.87,LOW
POL000136,0,0,1.0,0.388713,4353.98,4353.98,1692.45,8.3791,2200.18,LOW
POL000137,0,0,0.5883,0.234189,4390.99,4390.99,1028.32,8.3875,1336.82,LOW
POL000138,0,0,1.0,0.431261,6347.4,6347.4,2737.38,8.756,3558.6,MODERATE
POL000139,0,0,0.4502,0.269649,30071.34,30071.34,8108.72,10.3114,10541.34,HIGH
POL000140,0,0,0.6577,0.132215,3157.37,3157.37,417.45,8.0578,542.69,LOW
POL000141,1,6151,0.2931,0.282699,10348.98,10348.98,2925.64,9.2447,3803.34,MODERATE
POL000142,0,0,0.4422,0.523603,7020.39,7020.39,3675.9,8.8567,4778.67,MODERATE
POL000143,1,19037,1.0,0.909609,17929.89,17929.89,16309.2,9.7943,21201.96,VERY_HIGH
POL000144,0,0,0.1916,0.373401,12271.15,12271.15,4582.06,9.4151,5956.68,MODERATE
POL000145,0,0,0.4693,0.4482,8567.33,8567.33,3839.88,9.0558,4991.84,MODERATE
POL000146,0,0,1.0,0.751637,8020.56,8020.56,6028.55,8.9899,7837.12,HIGH
POL000147,0,0,0.205,0.245619,12162.41,12162.41,2987.32,9.4062,3883.51,MODERATE
POL000148,0,0,0.25,0.555067,6973.61,6973.61,3870.82,8.85,5032.07,MODERATE
POL000149,0,0,1.0,0.627775,6244.82,6244.82,3920.34,8.7397,5096.44,MODERATE
POL000150,0,0,0.5,0.377963,12916.79,12916.79,4882.06,9.4664,6346.68,MODERATE
POL000151,0,0,1.0,0.549359,10161.27,10161.27,5582.18,9.2264,7256.84,HIGH
POL000152,1,5814,0.6762,0.276772,6920.94,6920.94,1915.52,8.8425,2490.18,MODERATE
POL000153,0,0,1.0,0.345657,9962.85,9962.85,3443.72,9.2067,4476.84,MODERATE
POL000154,0,0,1.0,0.728702,18253.87,18253.87,13301.62,9.8122,17292.11,VERY_HIGH
POL000155,0,0,1.0,0.349939,7474.26,7474.26,2615.54,8.9194,3400.2,MODERATE
POL000156,0,0,1.0,0.147226,7315.69,7315.69,1077.06,8.8979,1400.18,LOW
POL000157,0,0,0.5,0.801872,5627.04,5627.04,4512.16,8.6355,5865.81,MODERATE
POL000158,0,0,0.6952,0.116831,6692.09,6692.09,781.84,8.8088,1016.39,LOW
POL000159,1,13727,0.599,0.867683,6139.19,6139.19,5326.87,8.7226,6924.94,MODERATE
POL000160,1,13307,1.0,0.392476,6456.83,6456.83,2534.15,8.773,3294.39,MODERATE
POL000161,0,0,1.0,0.517987,2847.44,2847.44,1474.94,7.9545,1917.42,LOW
POL000162,0,0,0.5511,0.482638,15701.52,15701.52,7578.15,9.6616,9851.59,HIGH
POL000163,0,0,0.684,0.463866,15778.23,15778.23,7318.98,9.6664,9514.68,HIGH
POL000164,0,0,0.1678,0.37551,50151.64,50151.64,18832.43,10.8228,24482.16,VERY_HIGH
POL000165,0,0,1.0,0.782364,5940.11,5940.11,4647.33,8.6897,6041.53,MODERATE
POL000166,0,0,0.9759,0.431299,7388.5,7388.5,3186.65,8.9078,4142.65,MODERATE
POL000167,0,0,0.25,0.510456,5846.5,5846.5,2984.38,8.6738,3879.7,MODERATE
POL000168,0,0,0.5,0.146947,13044.61,13044.61,1916.86,9.4762,2491.92,MODERATE
POL000169,0,0,1.0,0.315145,7270.7,7270.7,2291.33,8.8917,2978.72,MODERATE
POL000170,1,9526,0.2642,0.620816,13815.04,13815.04,8576.6,9.5336,11149.57,HIGH
POL000171,0,0,0.9747,0.512402,20861.25,20861.25,10689.34,9.9457,13896.14,HIGH
POL000172,0,0,1.0,0.43254,5552.68,5552.68,2401.75,8.6222,3122.28,MODERATE
POL000173,0,0,0.25,0.323592,5433.86,5433.86,1758.35,8.6006,2285.86,LOW
POL000174,0,0,1.0,0.269592,6456.6,6456.6,1740.65,8.773,2262.84,LOW
POL000175,0,0,1.0,0.531923,4651.22,4651.22,2474.09,8.4451,3216.32,MODERATE
POL000176,0,0,1.0,0.373224,4865.47,4865.47,1815.91,8.4901,2360.69,MODERATE
POL000177,0,0,0.5437,0.603346,10123.0,10123.0,6107.67,9.2227,7939.97,HIGH
POL000178,0,0,0.5,0.304138,4498.24,4498.24,1368.08,8.4117,1778.51,LOW
POL000179,0,0,0.5,0.449308,11577.1,11577.1,5201.68,9.3569,6762.18,MODERATE
POL000180,1,6220,1.0,0.130716,14854.63,14854.63,1941.74,9.6061,2524.26,MODERATE
POL000181,0,0,0.5548,0.58418,14311.5,14311.5,8360.5,9.5689,10868.64,HIGH
POL000182,0,0,0.5,0.790226,8962.15,8962.15,7082.12,9.1009,9206.76,HIGH
POL000183,0,0,0.5,0.636338,30190.09,30190.09,19211.1,10.3153,24974.42,VERY_HIGH
POL000184,0,0,0.513,0.350224,12827.52,12827.52,4492.5,9.4594,5840.25,MODERATE
POL000185,0,0,0.6186,0.290278,5431.31,5431.31,1576.59,8.6001,2049.56,LOW
POL000186,0,0,0.5,0.319749,5269.47,5269.47,1684.91,8.5699,2190.38,LOW
POL000187,0,0,0.7057,0.2229,5236.8,5236.8,1167.28,8.5637,1517.46,LOW
POL000188,0,0,0.4756,0.907731,4580.39,4580.39,4157.76,8.4298,5405.09,MODERATE
POL000189,0,0,0.863,0.273387,14191.99,14191.99,3879.9,9.5605,5043.87,MODERATE
POL000190,0,0,0.5,0.299391,4161.88,4161.88,1246.03,8.334,1619.84,LOW
POL000191,0,0,0.9194,0.386141,6570.96,6570.96,2537.31,8.7906,3298.51,MODERATE
POL000192,0,0,0.25,0.290136,31393.37,31393.37,9108.36,10.3544,11840.87,HIGH
POL000193,0,0,1.0,0.681742,11886.78,11886.78,8103.72,9.3833,10534.84,HIGH
POL000194,1,1316982,0.49,0.778179,64503.73,64503.73,50195.46,11.0745,65254.1,VERY_HIGH
POL000195,0,0,1.0,0.496268,4569.69,4569.69,2267.79,8.4274,2948.13,MODERATE
POL000196,0,0,0.7215,0.614913,25535.32,25535.32,15702.01,10.1479,20412.61,VERY_HIGH
POL000197,0,0,0.25,0.223062,6431.01,6431.01,1434.52,8.769,1864.87,LOW
POL000198,0,0,1.0,0.721458,8734.15,8734.15,6301.32,9.0751,8191.72,HIGH
POL000199,0,0,0.25,0.405109,16265.6,16265.6,6589.34,9.6969,8566.14,HIGH
POL000200,0,0,0.5616,0.529198,7866.07,7866.07,4162.71,8.9704,5411.52,MODERATE
POL000201,0,0,1.0,0.493323,4327.09,4327.09,2134.66,8.3729,2775.05,MODERATE
POL000202,0,0,1.0,0.331547,7152.57,7152.57,2371.41,8.8754,3082.83,MODERATE
POL000203,0,0,0.25,0.412994,16120.54,16120.54,6657.68,9.6879,8654.98,HIGH
POL000204,0,0,1.0,0.34482,5059.18,5059.18,1744.5,8.5292,2267.86,LOW
POL000205,0,0,0.7235,0.36053,15130.52,15130.52,5455.01,9.6245,7091.51,MODERATE
POL000206,0,0,0.6338,0.580539,6428.97,6428.97,3732.27,8.7687,4851.95,MODERATE
POL000207,0,0,0.7551,0.414843,15209.07,15209.07,6309.38,9.6297,8202.19,HIGH
POL000208,0,0,0.3864,0.265852,13476.52,13476.52,3582.76,9.5088,4657.58,MODERATE
POL000209,0,0,1.0,0.473777,10982.5,10982.5,5203.26,9.3041,6764.24,MODERATE
POL000210,0,0,0.6583,0.278472,4268.44,4268.44,1188.64,8.3592,1545.23,LOW
POL000211,0,0,1.0,0.526871,6008.01,6008.01,3165.44,8.701,4115.08,MODERATE
POL000212,0,0,1.0,0.206733,4530.28,4530.28,936.56,8.4188,1217.52,LOW
POL000213,0,0,0.5,0.507128,4340.54,4340.54,2201.21,8.376,2861.57,MODERATE
POL000214,0,0,1.0,0.521639,4638.3,4638.3,2419.52,8.4423,3145.37,MODERATE
POL000215,0,0,0.5096,0.667097,14673.39,14673.39,9788.58,9.5939,12725.15,HIGH
POL000216,0,0,1.0,0.402763,2525.05,2525.05,1016.99,7.8344,1322.09,LOW
POL000217,0,0,0.2656,0.34276,21917.45,21917.45,7512.43,9.9951,9766.16,HIGH
POL000218,0,0,1.0,0.386266,21902.46,21902.46,8460.17,9.9944,10998.22,HIGH
POL000219,0,0,0.3934,0.519569,12271.18,12271.18,6375.73,9.4151,8288.45,HIGH
POL000220,1,3367,0.2113,0.564333,14858.56,14858.56,8385.18,9.6064,10900.73,HIGH
POL000221,0,0,1.0,0.457399,8090.06,8090.06,3700.38,8.9985,4810.5,MODERATE
POL000222,0,0,0.25,0.311677,24055.78,24055.78,7497.63,10.0882,9746.92,HIGH
POL000223,1,3600,0.9439,0.867634,6052.4,6052.4,5251.27,8.7084,6826.65,MODERATE
POL000224,0,0,0.1924,0.187243,10008.1,10008.1,1873.95,9.2113,2436.13,MODERATE
POL000225,0,0,0.7091,0.418152,14721.94,14721.94,6156.02,9.5972,8002.82,HIGH
POL000226,0,0,0.7809,0.233531,6762.85,6762.85,1579.34,8.8193,2053.14,LOW
POL000227,1,12371,0.9878,0.371768,5864.61,5864.61,2180.27,8.6769,2834.36,MODERATE
POL000228,0,0,1.0,0.340268,5323.23,5323.23,1811.33,8.58,2354.72,MODERATE
POL000229,0,0,1.0,0.334659,16374.41,16374.41,5479.85,9.7035,7123.8,MODERATE
POL000230,0,0,0.9272,0.291794,11617.64,11617.64,3389.95,9.3604,4406.94,MODERATE
POL000231,0,0,0.2288,0.391592,11595.04,11595.04,4540.53,9.3584,5902.69,MODERATE
POL000232,0,0,0.7393,0.439776,2662.17,2662.17,1170.76,7.8873,1521.99,LOW
POL000233,0,0,0.2894,0.575923,16788.18,16788.18,9668.7,9.7285,12569.31,HIGH
POL000234,0,0,1.0,0.318945,32246.91,32246.91,10285.0,10.3812,13370.5,HIGH
POL000235,0,0,0.5,0.351169,3425.47,3425.47,1202.92,8.1393,1563.79,LOW
POL000236,0,0,1.0,0.385695,5371.23,5371.23,2071.66,8.589,2693.15,MODERATE
POL000237,0,0,0.8673,0.124367,6512.69,6512.69,809.96,8.7817,1052.95,LOW
POL000238,0,0,0.6086,0.462407,11746.13,11746.13,5431.49,9.3714,7060.94,MODERATE
POL000239,0,0,0.2945,0.519786,25155.81,25155.81,13075.63,10.1329,16998.31,VERY_HIGH
POL000240,0,0,1.0,0.324484,4020.02,4020.02,1304.43,8.2993,1695.76,LOW
POL000241,0,0,0.25,0.23967,9800.7,9800.7,2348.93,9.1903,3053.61,MODERATE
POL000242,0,0,0.25,0.408141,13686.07,13686.07,5585.85,9.5242,7261.61,HIGH
POL000243,1,27206,0.4693,0.719598,25422.94,25422.94,18294.3,10.1434,23782.59,VERY_HIGH
POL000244,0,0,0.1438,0.401061,10836.89,10836.89,4346.26,9.2908,5650.14,MODERATE
POL000245,0,0,1.0,0.227525,11702.49,11702.49,2662.61,9.3676,3461.4,MODERATE
POL000246,0,0,1.0,0.466034,11228.01,11228.01,5232.64,9.3263,6802.43,MODERATE
POL000247,0,0,0.462,0.356395,12791.18,12791.18,4558.72,9.4566,5926.33,MODERATE
POL000248,0,0,1.0,0.189991,4817.74,4817.74,915.33,8.4803,1189.93,LOW
POL000249,1,6431,0.25,0.520996,11469.17,11469.17,5975.39,9.3475,7768.0,HIGH
POL000250,0,0,1.0,0.289721,5798.38,5798.38,1679.91,8.6655,2183.89,LOW
POL000251,0,0,0.1725,0.293257,24515.72,24515.72,7189.4,10.1071,9346.22,HIGH
POL000252,0,0,1.0,0.16172,3751.72,3751.72,606.73,8.2302,788.75,LOW
POL000253,0,0,0.4629,0.520575,20561.71,20561.71,10703.91,9.9312,13915.09,HIGH
POL000254,0,0,0.5518,0.547811,4953.37,4953.37,2713.51,8.508,3527.57,MODERATE
POL000255,0,0,0.4513,0.580929,5528.98,5528.98,3211.95,8.6179,4175.53,MODERATE
POL000256,1,2829,0.5,0.521903,4580.0,4580.0,2390.32,8.4297,3107.41,MODERATE
POL000257,0,0,0.9696,0.306681,14490.39,14490.39,4443.93,9.5813,5777.11,MODERATE
POL000258,0,0,0.5,0.18398,12911.38,12911.38,2375.44,9.4659,3088.07,MODERATE
POL000259,1,15374,0.6813,0.700338,12155.66,12155.66,8513.07,9.4056,11067.0,HIGH
POL000260,0,0,0.892,0.439069,3003.74,3003.74,1318.85,8.0079,1714.51,LOW
POL000261,0,0,0.5834,0.282933,9045.25,9045.25,2559.2,9.1101,3326.96,MODERATE
POL000262,0,0,0.205,0.363425,24317.65,24317.65,8837.65,10.099,11488.95,HIGH
POL000263,0,0,1.0,0.525766,10116.49,10116.49,5318.91,9.222,6914.58,MODERATE
POL000264,0,0,0.6299,0.808924,24312.25,24312.25,19666.78,10.0988,25566.81,VERY_HIGH
POL000265,0,0,1.0,0.523899,7988.51,7988.51,4185.18,8.9859,5440.73,MODERATE
POL000266,0,0,1.0,0.533991,5726.86,5726.86,3058.09,8.6531,3975.52,MODERATE
POL000267,0,0,0.5,0.185154,22029.16,22029.16,4078.79,10.0002,5302.43,MODERATE
POL000268,1,2546,0.6521,0.480579,4483.72,4483.72,2154.78,8.4084,2801.21,MODERATE
POL000269,0,0,0.25,0.106167,33556.14,33556.14,3562.55,10.421,4631.31,MODERATE
POL000270,0,0,1.0,0.27455,14698.77,14698.77,4035.54,9.5956,5246.21,MODERATE
POL000271,0,0,1.0,0.48651,10911.44,10911.44,5308.53,9.2977,6901.08,MODERATE
POL000272,1,19220,0.5044,0.567562,25337.88,25337.88,14380.83,10.1401,18695.07,VERY_HIGH
POL000273,0,0,0.7775,0.641624,22212.79,22212.79,14252.25,10.0085,18527.93,VERY_HIGH
POL000274,0,0,0.5,0.327501,13137.14,13137.14,4302.43,9.4833,5593.16,MODERATE
POL000275,0,0,0.25,0.776465,12795.41,12795.41,9935.19,9.4569,12915.75,HIGH
POL000276,0,0,0.25,0.401048,6559.27,6559.27,2630.58,8.7888,3419.75,MODERATE
POL000277,0,0,0.7642,0.251459,3434.79,3434.79,863.71,8.142,1122.82,LOW
POL000278,0,0,0.5952,0.345148,3243.31,3243.31,1119.42,8.0847,1455.25,LOW
POL000279,1,8920,0.3703,0.329276,37653.04,37653.04,12398.26,10.5362,16117.74,VERY_HIGH
POL000280,0,0,1.0,0.237684,3710.85,3710.85,882.01,8.2193,1146.61,LOW
POL000281,0,0,0.5,0.465133,7436.15,7436.15,3458.8,8.9142,4496.44,MODERATE
POL000282,0,0,1.0,0.319858,17488.08,17488.08,5593.7,9.7693,7271.81,HIGH
POL000283,0,0,0.5,0.735549,4222.53,4222.53,3105.88,8.3484,4037.64,MODERATE
POL000284,0,0,0.25,0.61738,3373.39,3373.39,2082.67,8.124,2707.47,MODERATE
POL000285,0,0,0.5,0.220935,5112.52,5112.52,1129.53,8.5396,1468.39,LOW
POL000286,0,0,0.5703,0.387338,18754.04,18754.04,7264.15,9.8392,9443.4,HIGH
POL000287,0,0,0.7861,0.295043,20467.99,20467.99,6038.94,9.9267,7850.62,HIGH
POL000288,0,0,1.0,0.367494,3910.03,3910.03,1436.91,8.2716,1867.99,LOW
POL000289,0,0,0.9657,0.4581,16758.46,16758.46,7677.06,9.7267,9980.18,HIGH
POL000290,0,0,0.2786,0.445748,17504.91,17504.91,7802.78,9.7703,10143.61,HIGH
POL000291,0,0,0.4852,0.370814,16578.04,16578.04,6147.38,9.7159,7991.59,HIGH
POL000292,0,0,0.3297,0.241582,38818.37,38818.37,9377.8,10.5667,12191.14,HIGH
POL000293,0,0,0.8051,0.533323,13047.7,13047.7,6958.64,9.4764,9046.23,HIGH
POL000294,0,0,1.0,0.394086,9619.82,9619.82,3791.03,9.1717,4928.34,MODERATE
POL000295,0,0,0.5,0.572152,4350.09,4350.09,2488.91,8.3782,3235.59,MODERATE
POL000296,1,18926,1.0,0.808666,8944.2,8944.2,7232.86,9.0989,9402.72,HIGH
POL000297,0,0,0.664,0.546894,21418.27,21418.27,11713.53,9.972,15227.59,HIGH
POL000298,0,0,0.5,0.444886,9045.61,9045.61,4024.26,9.1101,5231.54,MODERATE
POL000299,0,0,0.3044,0.438268,15927.66,15927.66,6980.58,9.6759,9074.75,HIGH
POL000300,0,0,0.3748,0.257638,6861.94,6861.94,1767.9,8.8339,2298.27,LOW
POL000301,0,0,0.6039,0.618792,13103.14,13103.14,8108.12,9.4807,10540.55,HIGH
POL000302,0,0,0.6683,0.434807,5325.11,5325.11,2315.39,8.5804,3010.01,MODERATE
POL000303,0,0,0.2426,0.133815,13296.64,13296.64,1779.29,9.4953,2313.08,LOW
POL000304,0,0,1.0,0.70513,5999.77,5999.77,4230.61,8.6996,5499.8,MODERATE
POL000305,0,0,1.0,0.49329,15875.47,15875.47,7831.21,9.6726,10180.57,HIGH
POL000306,0,0,0.3319,0.356409,8855.07,8855.07,3156.02,9.0889,4102.83,MODERATE
POL000307,1,3010,1.0,0.772007,5817.96,5817.96,4491.51,8.6689,5838.96,MODERATE
POL000308,0,0,1.0,0.293356,7334.26,7334.26,2151.55,8.9004,2797.01,MODERATE
POL000309,0,0,1.0,0.933972,40586.41,40586.41,37906.58,10.6112,49278.56,VERY_HIGH
POL000310,0,0,0.2666,0.144782,12223.78,12223.78,1769.78,9.4112,2300.72,LOW
POL000311,0,0,1.0,0.67233,7083.0,7083.0,4762.11,8.8656,6190.75,MODERATE
POL000312,0,0,0.6622,0.504116,4263.78,4263.78,2149.44,8.3581,2794.27,MODERATE
POL000313,1,4961,0.5,0.791733,3842.37,3842.37,3042.13,8.2541,3954.77,MODERATE
POL000314,0,0,0.8072,0.3104,18429.26,18429.26,5720.44,9.8217,7436.58,HIGH
POL000315,0,0,0.5,0.457853,6884.47,6884.47,3152.08,8.8372,4097.7,MODERATE
POL000316,0,0,0.7335,0.301128,4427.55,4427.55,1333.26,8.3958,1733.23,LOW
POL000317,0,0,0.3214,0.271861,6386.37,6386.37,1736.2,8.7621,2257.07,LOW
POL000318,0,0,0.1368,0.352683,15504.47,15504.47,5468.17,9.6489,7108.62,MODERATE
POL000319,0,0,1.0,0.494305,6210.57,6210.57,3069.91,8.7342,3990.89,MODERATE
POL000320,0,0,0.5037,0.615614,12128.81,12128.81,7466.67,9.4034,9706.67,HIGH
POL000321,0,0,0.5502,0.14595,3865.17,3865.17,564.12,8.26,733.36,LOW
POL000322,0,0,0.5305,0.382042,6695.83,6695.83,2558.09,8.8094,3325.51,MODERATE
POL000323,0,0,0.5,0.710052,6299.32,6299.32,4472.84,8.7484,5814.7,MODERATE
POL000324,0,0,0.5,0.293331,20542.23,20542.23,6025.67,9.9303,7833.37,HIGH
POL000325,0,0,0.5724,0.211915,4946.96,4946.96,1048.33,8.5067,1362.83,LOW
POL000326,0,0,1.0,0.517695,4885.37,4885.37,2529.13,8.4942,3287.87,MODERATE
POL000327,0,0,1.0,0.495494,6552.43,6552.43,3246.69,8.7877,4220.7,MODERATE
POL000328,0,0,0.3891,0.235437,22300.13,22300.13,5250.26,10.0124,6825.34,MODERATE
POL000329,0,0,0.4938,0.2586,5484.69,5484.69,1418.34,8.6099,1843.85,LOW
POL000330,0,0,1.0,0.877523,7162.88,7162.88,6285.6,8.8768,8171.28,HIGH
POL000331,0,0,0.25,0.366674,3555.53,3555.53,1303.72,8.1765,1694.84,LOW
POL000332,0,0,0.1851,0.477162,24449.05,24449.05,11666.15,10.1044,15166.0,HIGH
POL000333,0,0,0.2172,0.683837,12370.53,12370.53,8459.43,9.4232,10997.26,HIGH
POL000334,0,0,0.6722,0.232999,3458.23,3458.23,805.77,8.1488,1047.5,LOW
POL000335,0,0,0.4124,0.123961,24471.69,24471.69,3033.54,10.1053,3943.61,MODERATE
POL000336,0,0,0.25,0.329725,13373.58,13373.58,4409.61,9.5011,5732.49,MODERATE
POL000337,0,0,0.6467,0.425236,28619.01,28619.01,12169.85,10.2619,15820.8,VERY_HIGH
POL000338,0,0,0.5,0.209705,6355.14,6355.14,1332.7,8.7572,1732.52,LOW
POL000339,0,0,0.5426,0.361302,11427.51,11427.51,4128.78,9.3439,5367.42,MODERATE
POL000340,1,10297,0.25,0.846216,9772.99,9772.99,8270.06,9.1875,10751.08,HIGH
POL000341,0,0,0.5841,0.272618,12578.14,12578.14,3429.03,9.4398,4457.74,MODERATE
POL000342,0,0,0.9835,0.509398,2961.71,2961.71,1508.69,7.9939,1961.29,LOW
POL000343,1,10863,0.8549,0.37864,11594.25,11594.25,4390.05,9.3584,5707.06,MODERATE
POL000344,0,0,0.8972,0.184402,3351.18,3351.18,617.96,8.1174,803.35,LOW
POL000345,1,10049,0.2658,0.760643,9355.2,9355.2,7115.97,9.1438,9250.76,HIGH
POL000346,0,0,1.0,0.328084,9710.02,9710.02,3185.7,9.181,4141.41,MODERATE
POL000347,0,0,1.0,0.638254,5104.74,5104.74,3258.12,8.5381,4235.56,MODERATE
POL000348,1,9747,0.25,0.672704,5628.15,5628.15,3786.08,8.6357,4921.91,MODERATE
POL000349,0,0,0.2961,0.22782,8423.93,8423.93,1919.14,9.039,2494.88,MODERATE
POL000350,0,0,1.0,0.286969,5217.25,5217.25,1497.19,8.5599,1946.34,LOW
POL000351,0,0,0.25,0.25075,4269.62,4269.62,1070.61,8.3595,1391.79,LOW
POL000352,0,0,1.0,0.327529,4817.91,4817.91,1578.01,8.4803,2051.41,LOW
POL000353,0,0,0.7734,0.27411,5240.22,5240.22,1436.4,8.5643,1867.31,LOW
POL000354,0,0,1.0,0.424946,16019.52,16019.52,6807.43,9.6816,8849.66,HIGH
POL000355,1,3049,0.569,0.346274,6566.53,6566.53,2273.82,8.7899,2955.96,MODERATE
POL000356,0,0,0.7592,0.573842,13304.66,13304.66,7634.77,9.4959,9925.2,HIGH
POL000357,0,0,0.6931,0.578668,6435.93,6435.93,3724.27,8.7698,4841.55,MODERATE
POL000358,0,0,0.2089,0.175434,10180.56,10180.56,1786.02,9.2283,2321.82,LOW
POL000359,0,0,0.5,0.380497,5255.17,5255.17,1999.58,8.5672,2599.45,MODERATE
POL000360,1,4226,1.0,0.345664,4933.2,4933.2,1705.23,8.5039,2216.8,LOW
POL000361,0,0,0.5299,0.793607,8334.41,8334.41,6614.24,9.0283,8598.51,HIGH
POL000362,0,0,0.5,0.566346,6347.26,6347.26,3594.75,8.7559,4673.17,MODERATE
POL000363,0,0,1.0,0.657294,3708.59,3708.59,2437.64,8.2187,3168.93,MODERATE
POL000364,1,15860,0.5025,0.843737,15819.13,15819.13,13347.19,9.669,17351.34,VERY_HIGH
POL000365,0,0,0.38,0.102013,7106.6,7106.6,724.97,8.8689,942.46,LOW
POL000366,0,0,1.0,0.241104,16544.27,16544.27,3988.89,9.7139,5185.55,MODERATE
POL000367,0,0,0.4486,0.239576,12823.81,12823.81,3072.27,9.4591,3993.95,MODERATE
POL000368,1,1561,1.0,0.435091,6496.94,6496.94,2826.76,8.7792,3674.78,MODERATE
POL000369,0,0,0.9058,0.261274,6036.43,6036.43,1577.16,8.7057,2050.31,LOW
POL000370,0,0,0.5,0.492896,3935.76,3935.76,1939.92,8.2781,2521.9,MODERATE
POL000371,0,0,0.5,0.634699,5794.28,5794.28,3677.62,8.6648,4780.91,MODERATE
POL000372,1,10940,1.0,0.774987,4832.63,4832.63,3745.22,8.4834,4868.79,MODERATE
POL000373,1,8879,0.5767,0.22257,10747.23,10747.23,2392.01,9.2825,3109.61,MODERATE
POL000374,0,0,0.5,0.535057,7611.56,7611.56,4072.62,8.9376,5294.41,MODERATE
POL000375,1,8145,0.25,0.774598,19593.34,19593.34,15176.97,9.883,19730.06,VERY_HIGH
POL000376,0,0,0.5144,0.301328,11849.57,11849.57,3570.61,9.3801,4641.79,MODERATE
POL000377,0,0,1.0,0.186721,20596.99,20596.99,3845.9,9.9329,4999.66,MODERATE
POL000378,0,0,0.6821,0.667781,9140.67,9140.67,6103.96,9.1206,7935.15,HIGH
POL000379,0,0,0.6027,0.208946,5669.76,5669.76,1184.67,8.6431,1540.08,LOW
POL000380,0,0,0.5,0.430728,16661.95,16661.95,7176.77,9.7209,9329.8,HIGH
POL000381,0,0,1.0,0.502206,34840.72,34840.72,17497.21,10.4586,22746.37,VERY_HIGH
POL000382,0,0,1.0,0.351343,8558.45,8558.45,3006.95,9.0548,3909.03,MODERATE
POL000383,0,0,0.9393,0.37874,5262.56,5262.56,1993.15,8.5686,2591.09,MODERATE
POL000384,1,11500,0.5,0.808394,8910.59,8910.59,7203.27,9.0951,9364.25,HIGH
POL000385,0,0,1.0,0.673571,5202.09,5202.09,3503.97,8.557,4555.17,MODERATE
POL000386,0,0,1.0,0.592411,8713.5,8713.5,5161.98,9.0727,6710.57,MODERATE
POL000387,0,0,0.5119,0.1803,17251.69,17251.69,3110.48,9.7557,4043.63,MODERATE
POL000388,0,0,1.0,0.425059,7814.93,7814.93,3321.81,8.9639,4318.35,MODERATE
POL000389,0,0,1.0,0.616191,13509.59,13509.59,8324.48,9.5112,10821.83,HIGH
POL000390,0,0,1.0,0.69125,7144.08,7144.08,4938.34,8.8742,6419.85,MODERATE
POL000391,1,7841,0.5,0.792783,6665.15,6665.15,5284.02,8.8048,6869.22,MODERATE
POL000392,0,0,0.5306,0.2364,4934.57,4934.57,1166.53,8.5042,1516.49,LOW
POL000393,0,0,0.7509,0.227761,3318.91,3318.91,755.92,8.1077,982.69,LOW
POL000394,0,0,0.8082,0.296629,33948.2,33948.2,10070.03,10.4326,13091.04,HIGH
POL000395,0,0,0.25,0.536596,3856.14,3856.14,2069.19,8.2577,2689.94,MODERATE
POL000396,0,0,1.0,0.162107,13621.07,13621.07,2208.07,9.5194,2870.49,MODERATE
POL000397,0,0,0.9576,0.444055,9159.03,9159.03,4067.12,9.1226,5287.25,MODERATE
POL000398,0,0,0.8051,0.104707,4793.44,4793.44,501.91,8.4752,652.48,LOW
POL000399,0,0,0.25,0.14729,12957.04,12957.04,1908.44,9.4695,2480.97,MODERATE
POL000400,1,4499,0.25,0.586104,7060.63,7060.63,4138.26,8.8624,5379.74,MODERATE
POL000401,0,0,0.5394,0.522598,12042.91,12042.91,6293.61,9.3963,8181.69,HIGH
POL000402,0,0,1.0,0.492093,5334.06,5334.06,2624.86,8.5821,3412.31,MODERATE
POL000403,0,0,0.9358,0.581019,13220.37,13220.37,7681.28,9.4896,9985.67,HIGH
POL000404,0,0,0.1471,0.286545,28388.3,28388.3,8134.53,10.2538,10574.89,HIGH
POL000405,0,0,1.0,0.678705,24340.23,24340.23,16519.85,10.0999,21475.8,VERY_HIGH
POL000406,0,0,0.4432,0.498006,11250.29,11250.29,5602.71,9.3282,7283.52,HIGH
POL000407,0,0,0.361,0.239359,16399.76,16399.76,3925.43,9.7051,5103.05,MODERATE
POL000408,0,0,1.0,0.434161,7451.38,7451.38,3235.1,8.9163,4205.63,MODERATE
POL000409,0,0,0.3242,0.294983,23047.75,23047.75,6798.7,10.0454,8838.31,HIGH
POL000410,0,0,0.8819,0.159908,3624.53,3624.53,579.59,8.1958,753.47,LOW
POL000411,0,0,0.5588,0.41151,7069.89,7069.89,2909.33,8.8637,3782.13,MODERATE
POL000412,0,0,0.2619,0.352348,9789.88,9789.88,3449.45,9.1892,4484.28,MODERATE
POL000413,0,0,0.5,0.28331,15592.99,15592.99,4417.65,9.6546,5742.94,MODERATE
POL000414,0,0,1.0,0.522128,14902.13,14902.13,7780.83,9.6093,10115.07,HIGH
POL000415,0,0,0.5064,0.729251,9694.27,9694.27,7069.56,9.1794,9190.42,HIGH
POL000416,0,0,0.6055,0.607712,2982.61,2982.61,1812.57,8.0009,2356.34,MODERATE
POL000417,0,0,0.2246,0.317332,62422.01,62422.01,19808.48,11.0417,25751.02,VERY_HIGH
POL000418,0,0,0.25,0.545896,11494.5,11494.5,6274.81,9.3497,8157.25,HIGH
POL000419,0,0,0.1149,0.273889,24732.67,24732.67,6774.02,10.1159,8806.22,HIGH
POL000420,0,0,1.0,0.47948,3445.74,3445.74,1652.16,8.1452,2147.81,LOW
POL000421,0,0,0.3924,0.520062,5903.85,5903.85,3070.37,8.6835,3991.48,MODERATE
POL000422,0,0,0.2345,0.521861,48382.33,48382.33,25248.83,10.7869,32823.48,VERY_HIGH
POL000423,0,0,0.7741,0.699059,7229.24,7229.24,5053.67,8.886,6569.77,MODERATE
POL000424,1,20409,0.5,0.536784,11918.98,11918.98,6397.91,9.386,8317.29,HIGH
POL000425,0,0,0.739,0.456365,11350.1,11350.1,5179.78,9.3371,6733.72,MODERATE
POL000426,0,0,0.9058,0.241471,13041.17,13041.17,3149.07,9.4759,4093.79,MODERATE
POL000427,0,0,0.5329,0.828846,8904.05,8904.05,7380.09,9.0944,9594.12,HIGH
POL000428,0,0,1.0,0.350992,16796.82,16796.82,5895.55,9.729,7664.21,HIGH
POL000429,0,0,1.0,0.346467,4779.92,4779.92,1656.09,8.4724,2152.91,LOW
POL000430,0,0,1.0,0.39034,4568.43,4568.43,1783.24,8.4271,2318.21,LOW
POL000431,1,637910,0.6438,0.207526,46156.32,46156.32,9578.65,10.7398,12452.24,HIGH
POL000432,0,0,0.5,0.349401,16462.86,16462.86,5752.13,9.7089,7477.77,HIGH
POL000433,0,0,1.0,0.371552,6444.66,6444.66,2394.53,8.7712,3112.88,MODERATE
POL000434,0,0,0.2108,0.256443,11340.88,11340.88,2908.29,9.3363,3780.78,MODERATE
POL000435,0,0,0.5,0.698973,7818.65,7818.65,5465.03,8.9644,7104.53,MODERATE
POL000436,0,0,0.7436,0.148407,20085.76,20085.76,2980.87,9.9078,3875.14,MODERATE
POL000437,0,0,0.8896,0.229061,5363.89,5363.89,1228.66,8.5876,1597.26,LOW
POL000438,0,0,0.4999,0.734437,19310.85,19310.85,14182.6,9.8685,18437.38,VERY_HIGH
POL000439,0,0,1.0,0.629008,8493.01,8493.01,5342.17,9.0471,6944.82,MODERATE
POL000440,0,0,0.25,0.497612,4217.47,4217.47,2098.66,8.3472,2728.26,MODERATE
POL000441,0,0,1.0,0.238346,7832.89,7832.89,1866.94,8.9662,2427.02,MODERATE
POL000442,1,5100,0.5,0.219043,4133.71,4133.71,905.46,8.3272,1177.1,LOW
POL000443,0,0,0.5171,0.54008,4855.45,4855.45,2622.34,8.4881,3409.04,MODERATE
POL000444,1,570973,0.9758,0.761852,63155.28,63155.28,48114.98,11.0534,62549.48,VERY_HIGH
POL000445,0,0,0.25,0.441537,3184.93,3184.93,1406.26,8.0665,1828.14,LOW
POL000446,0,0,0.5677,0.292599,16787.62,16787.62,4912.04,9.7285,6385.65,MODERATE
POL000447,0,0,0.9052,0.28281,3055.18,3055.18,864.03,8.0249,1123.24,LOW
POL000448,0,0,1.0,0.273195,5329.23,5329.23,1455.92,8.5811,1892.69,LOW
POL000449,0,0,1.0,0.484096,4023.44,4023.44,1947.73,8.3001,2532.05,MODERATE
POL000450,0,0,0.2731,0.850833,9922.14,9922.14,8442.09,9.2026,10974.71,HIGH
POL000451,0,0,0.3187,0.401548,8929.06,8929.06,3585.45,9.0972,4661.08,MODERATE
POL000452,0,0,0.4748,0.789571,9635.53,9635.53,7607.94,9.1733,9890.32,HIGH
POL000453,0,0,0.5698,0.333356,8969.28,8969.28,2989.96,9.1017,3886.95,MODERATE
POL000454,0,0,0.3275,0.648621,14478.87,14478.87,9391.3,9.5805,12208.69,HIGH
POL000455,0,0,0.5,0.584865,11178.47,11178.47,6537.9,9.3218,8499.27,HIGH
POL000456,0,0,0.674,0.377243,4944.07,4944.07,1865.11,8.5061,2424.65,MODERATE
POL000457,0,0,1.0,0.53993,5078.8,5078.8,2742.2,8.533,3564.85,MODERATE
POL000458,0,0,0.5,0.401576,22341.72,22341.72,8971.89,10.0143,11663.46,HIGH
POL000459,0,0,0.25,0.303979,11531.58,11531.58,3505.36,9.3529,4556.97,MODERATE
POL000460,0,0,1.0,0.477399,15816.95,15816.95,7551.0,9.6689,9816.31,HIGH
POL000461,0,0,0.5,0.263549,40254.01,40254.01,10608.9,10.603,13791.56,HIGH
POL000462,0,0,1.0,0.357601,3739.42,3739.42,1337.22,8.227,1738.39,LOW
POL000463,0,0,0.5,0.453872,7121.67,7121.67,3232.33,8.871,4202.02,MODERATE
POL000464,1,4748,0.5,0.742098,6899.99,6899.99,5120.47,8.8394,6656.61,MODERATE
POL000465,0,0,0.5337,0.35839,9004.29,9004.29,3227.05,9.1056,4195.17,MODERATE
POL000466,0,0,1.0,0.19819,3157.41,3157.41,625.77,8.0578,813.5,LOW
POL000467,0,0,0.8521,0.234501,4625.07,4625.07,1084.58,8.4395,1409.96,LOW
POL000468,0,0,1.0,0.56978,41310.69,41310.69,23537.99,10.6289,30599.38,VERY_HIGH
POL000469,1,8192,1.0,0.525825,13065.21,13065.21,6870.01,9.4778,8931.02,HIGH
POL000470,1,5284,1.0,0.497659,7076.51,7076.51,3521.69,8.8647,4578.2,MODERATE
POL000471,0,0,1.0,0.450525,3471.42,3471.42,1563.96,8.1526,2033.15,LOW
POL000472,0,0,1.0,0.613134,4440.52,4440.52,2722.63,8.3988,3539.42,MODERATE
POL000473,0,0,0.25,0.326407,4150.4,4150.4,1354.72,8.3312,1761.13,LOW
POL000474,0,0,1.0,0.390766,5992.14,5992.14,2341.53,8.6984,3043.99,MODERATE
POL000475,0,0,0.3771,0.685303,5225.47,5225.47,3581.03,8.5615,4655.33,MODERATE
POL000476,0,0,0.3234,0.303767,22613.19,22613.19,6869.14,10.0263,8929.88,HIGH
POL000477,0,0,0.5,0.205339,10152.91,10152.91,2084.79,9.2256,2710.23,MODERATE
POL000478,0,0,0.9799,0.267758,3702.1,3702.1,991.27,8.2169,1288.65,LOW
POL000479,0,0,0.5,0.502069,2398.17,2398.17,1204.05,7.7829,1565.26,LOW
POL000480,0,0,0.5,0.345401,5183.94,5183.94,1790.53,8.5535,2327.7,LOW
POL000481,0,0,0.2447,0.434657,29672.63,29672.63,12897.4,10.298,16766.62,VERY_HIGH
POL000482,0,0,1.0,0.235766,8583.85,8583.85,2023.78,9.0578,2630.91,MODERATE
POL000483,1,4592,1.0,0.518044,6451.25,6451.25,3342.03,8.7722,4344.63,MODERATE
POL000484,1,5071,1.0,0.549549,10303.18,10303.18,5662.11,9.2403,7360.74,HIGH
POL000485,0,0,1.0,0.262191,17289.07,17289.07,4533.03,9.7579,5892.94,MODERATE
POL000486,0,0,1.0,0.416877,7551.25,7551.25,3147.95,8.9296,4092.33,MODERATE
POL000487,0,0,1.0,0.20522,5293.2,5293.2,1086.27,8.5744,1412.15,LOW
POL000488,0,0,0.5,0.812045,30542.43,30542.43,24801.84,10.3269,32242.39,VERY_HIGH
POL000489,0,0,0.1692,0.403746,18299.47,18299.47,7388.35,9.8147,9604.85,HIGH
POL000490,0,0,0.25,0.213892,25207.26,25207.26,5391.63,10.1349,7009.12,MODERATE
POL000491,0,0,0.5,0.570061,4448.54,4448.54,2535.94,8.4006,3296.72,MODERATE
POL000492,0,0,1.0,0.428536,7629.93,7629.93,3269.7,8.94,4250.61,MODERATE
POL000493,0,0,1.0,0.375195,4176.51,4176.51,1567.01,8.3375,2037.11,LOW
POL000494,0,0,1.0,0.5233,22977.19,22977.19,12023.96,10.0423,15631.14,VERY_HIGH
POL000495,0,0,0.3682,0.354139,10513.7,10513.7,3723.31,9.2605,4840.3,MODERATE
POL000496,0,0,0.5,0.221767,14085.97,14085.97,3123.81,9.553,4060.95,MODERATE
POL000497,0,0,0.7634,0.535794,9298.21,9298.21,4981.92,9.1377,6476.5,MODERATE
POL000498,0,0,1.0,0.362672,4744.07,4744.07,1720.54,8.4649,2236.71,LOW
POL000499,0,0,0.25,0.517037,14849.3,14849.3,7677.64,9.6058,9980.94,HIGH
POL000500,0,0,1.0,0.285722,4224.1,4224.1,1206.92,8.3488,1568.99,LOW
POL000501,0,0,1.0,0.469964,7488.72,7488.72,3519.43,8.9213,4575.26,MODERATE
POL000502,0,0,0.5291,0.294414,6375.27,6375.27,1876.97,8.7603,2440.06,MODERATE
POL000503,0,0,0.4866,0.407281,7342.14,7342.14,2990.32,8.9015,3887.41,MODERATE
POL000504,0,0,0.5,0.453472,8981.22,8981.22,4072.73,9.103,5294.55,MODERATE
POL000505,0,0,1.0,0.546997,8409.92,8409.92,4600.21,9.0373,5980.27,MODERATE
POL000506,0,0,0.4101,0.171997,14776.22,14776.22,2541.47,9.6008,3303.91,MODERATE
POL000507,0,0,0.7251,0.322611,16532.05,16532.05,5333.42,9.7131,6933.44,MODERATE
POL000508,0,0,1.0,0.561606,5506.73,5506.73,3092.61,8.6139,4020.4,MODERATE
POL000509,0,0,0.5,0.561773,6187.03,6187.03,3475.7,8.7304,4518.41,MODERATE
POL000510,0,0,0.5293,0.28055,5355.75,5355.75,1502.55,8.5861,1953.32,LOW
POL000511,0,0,1.0,0.225727,7056.53,7056.53,1592.85,8.8619,2070.7,LOW
POL000512,0,0,0.1687,0.44701,24729.89,24729.89,11054.5,10.1158,14370.85,HIGH
POL000513,0,0,0.5,0.211929,21681.47,21681.47,4594.92,9.9843,5973.4,MODERATE
POL000514,0,0,0.0851,0.272589,17411.7,17411.7,4746.25,9.765,6170.12,MODERATE
POL000515,0,0,0.9167,0.39305,4060.27,4060.27,1595.89,8.3093,2074.65,LOW
POL000516,0,0,0.3377,0.321316,3043.26,3043.26,977.85,8.021,1271.2,LOW
POL000517,0,0,1.0,0.286813,4808.73,4808.73,1379.21,8.4784,1792.97,LOW
POL000518,0,0,0.2616,0.306776,15939.12,15939.12,4889.75,9.6766,6356.67,MODERATE
POL000519,0,0,0.4279,0.323821,16837.26,16837.26,5452.26,9.7314,7087.94,MODERATE
POL000520,1,14082,0.5,0.293033,8461.8,8461.8,2479.58,9.0434,3223.46,MODERATE
POL000521,0,0,1.0,0.46726,8617.51,8617.51,4026.62,9.0617,5234.61,MODERATE
POL000522,0,0,0.5,0.340395,16387.29,16387.29,5578.14,9.7043,7251.59,HIGH
POL000523,1,6803,1.0,0.747674,5608.53,5608.53,4193.35,8.6322,5451.36,MODERATE
POL000524,0,0,0.6831,0.383773,18407.01,18407.01,7064.11,9.8205,9183.35,HIGH
POL000525,0,0,0.1537,0.464507,16979.31,16979.31,7887.0,9.7398,10253.1,HIGH
POL000526,0,0,0.25,0.3013,3713.39,3713.39,1118.84,8.22,1454.5,LOW
POL000527,0,0,0.5,0.449317,6611.23,6611.23,2970.53,8.7967,3861.7,MODERATE
POL000528,0,0,0.1787,0.259035,10291.47,10291.47,2665.85,9.2392,3465.61,MODERATE
POL000529,1,24625,1.0,0.834807,18757.44,18757.44,15658.84,9.8394,20356.49,VERY_HIGH
POL000530,0,0,0.5,0.291365,12528.57,12528.57,3650.39,9.4358,4745.5,MODERATE
POL000531,0,0,0.9679,0.450877,10888.11,10888.11,4909.2,9.2955,6381.95,MODERATE
POL000532,0,0,1.0,0.277731,6124.44,6124.44,1700.94,8.7202,2211.23,LOW
POL000533,0,0,0.5,0.700226,18192.56,18192.56,12738.91,9.8088,16560.58,VERY_HIGH
POL000534,0,0,1.0,0.691998,5700.09,5700.09,3944.45,8.6484,5127.78,MODERATE
POL000535,0,0,1.0,0.751104,15212.61,15212.61,11426.25,9.6299,14854.12,HIGH
POL000536,0,0,0.5,0.323277,26207.98,26207.98,8472.45,10.1739,11014.18,HIGH
POL000537,0,0,0.5,0.487754,9199.76,9199.76,4487.22,9.127,5833.39,MODERATE
POL000538,0,0,0.25,0.456601,7985.8,7985.8,3646.32,8.9855,4740.22,MODERATE
POL000539,0,0,1.0,0.318555,5053.91,5053.91,1609.95,8.5281,2092.94,LOW
POL000540,0,0,0.6934,0.361054,12463.29,12463.29,4499.92,9.4306,5849.89,MODERATE
POL000541,0,0,1.0,0.520272,15316.75,15316.75,7968.88,9.6368,10359.54,HIGH
POL000542,0,0,1.0,0.541683,5837.72,5837.72,3162.19,8.6723,4110.85,MODERATE
POL000543,0,0,0.8319,0.437244,20835.47,20835.47,9110.18,9.9445,11843.23,HIGH
POL000544,0,0,1.0,0.306212,5375.31,5375.31,1645.99,8.5898,2139.78,LOW
POL000545,0,0,0.3506,0.727501,36709.39,36709.39,26706.1,10.5108,34717.93,VERY_HIGH
POL000546,0,0,0.3107,0.244576,15895.05,15895.05,3887.55,9.6738,5053.81,MODERATE
POL000547,0,0,0.4707,0.675883,22540.22,22540.22,15234.55,10.0231,19804.91,VERY_HIGH
POL000548,0,0,1.0,0.664636,9093.15,9093.15,6043.63,9.1154,7856.72,HIGH
POL000549,0,0,0.525,0.433217,7627.63,7627.63,3304.42,8.9397,4295.74,MODERATE
POL000550,0,0,0.703,0.261146,12996.19,12996.19,3393.91,9.4725,4412.08,MODERATE
POL000551,0,0,0.4939,0.223356,14671.87,14671.87,3277.06,9.5938,4260.17,MODERATE
POL000552,0,0,1.0,0.532801,21833.71,21833.71,11633.02,9.9913,15122.93,HIGH
POL000553,0,0,1.0,0.371364,18706.02,18706.02,6946.74,9.8367,9030.77,HIGH
POL000554,0,0,1.0,0.455498,5692.44,5692.44,2592.9,8.6471,3370.76,MODERATE
POL000555,0,0,0.5,0.242214,9629.92,9629.92,2332.5,9.1727,3032.26,MODERATE
POL000556,0,0,0.5587,0.15233,16254.49,16254.49,2476.05,9.6962,3218.87,MODERATE
POL000557,0,0,1.0,0.350299,11108.7,11108.7,3891.37,9.3156,5058.78,MODERATE
POL000558,0,0,0.5,0.728295,25863.88,25863.88,18836.53,10.1606,24487.49,VERY_HIGH
POL000559,0,0,1.0,0.632797,2859.81,2859.81,1809.68,7.9589,2352.58,MODERATE
POL000560,0,0,0.5,0.71361,6281.1,6281.1,4482.26,8.7455,5826.94,MODERATE
POL000561,0,0,0.5,0.485785,3647.09,3647.09,1771.7,8.202,2303.22,LOW
POL000562,0,0,1.0,0.755478,6507.02,6507.02,4915.91,8.7808,6390.69,MODERATE
POL000563,0,0,1.0,0.427227,3005.75,3005.75,1284.14,8.0086,1669.38,LOW
POL000564,0,0,0.4759,0.242747,7839.55,7839.55,1903.03,8.9671,2473.93,MODERATE
POL000565,0,0,0.25,0.584379,9695.27,9695.27,5665.71,9.1795,7365.43,HIGH
POL000566,0,0,1.0,0.466155,5665.8,5665.8,2641.14,8.6424,3433.49,MODERATE
POL000567,0,0,0.4236,0.448963,15298.64,15298.64,6868.52,9.6356,8929.08,HIGH
POL000568,0,0,1.0,0.338977,3263.19,3263.19,1106.15,8.0908,1437.99,LOW
POL000569,0,0,0.5,0.535987,8629.04,8629.04,4625.06,9.063,6012.57,MODERATE
POL000570,0,0,0.5,0.259717,6473.65,6473.65,1681.32,8.7757,2185.71,LOW
POL000571,1,9592,0.4965,0.362186,12240.16,12240.16,4433.22,9.4126,5763.18,MODERATE
POL000572,0,0,1.0,0.348472,6333.29,6333.29,2206.98,8.7537,2869.07,MODERATE
POL000573,0,0,1.0,0.310634,10029.41,10029.41,3115.47,9.2134,4050.11,MODERATE
POL000574,1,1532490,0.5,0.594866,19517.95,19517.95,11610.57,9.8791,15093.74,HIGH
POL000575,0,0,0.4915,0.761005,19414.14,19414.14,14774.27,9.8738,19206.55,VERY_HIGH
POL000576,1,21931,0.5,0.607567,21771.08,21771.08,13227.4,9.9884,17195.62,VERY_HIGH
POL000577,0,0,0.2119,0.545848,24567.98,24567.98,13410.37,10.1092,17433.48,VERY_HIGH
POL000578,1,106608,0.7795,0.73054,18452.91,18452.91,13480.59,9.823,17524.77,VERY_HIGH
POL000579,1,2915500,1.0,0.484639,23355.41,23355.41,11318.94,10.0586,14714.62,HIGH
POL000580,0,0,0.3331,0.216781,31665.42,31665.42,6864.45,10.363,8923.79,HIGH
POL000581,0,0,0.5,0.450499,9295.44,9295.44,4187.59,9.1374,5443.87,MODERATE
POL000582,0,0,0.8923,0.795986,2835.84,2835.84,2257.29,7.9504,2934.48,MODERATE
POL000583,0,0,0.5674,0.235773,5721.81,5721.81,1349.05,8.6522,1753.76,LOW
POL000584,0,0,0.5876,0.628225,3919.57,3919.57,2462.37,8.274,3201.08,MODERATE
POL000585,0,0,0.7271,0.260696,12473.89,12473.89,3251.9,9.4315,4227.47,MODERATE
POL000586,0,0,0.3277,0.182949,17093.76,17093.76,3127.29,9.7465,4065.47,MODERATE
POL000587,0,0,0.5,0.171428,5510.16,5510.16,944.6,8.6145,1227.97,LOW
POL000588,0,0,0.5,0.653152,5125.4,5125.4,3347.67,8.5422,4351.97,MODERATE
POL000589,0,0,0.7804,0.480059,18019.62,18019.62,8650.47,9.7993,11245.62,HIGH
POL000590,0,0,1.0,0.215374,7405.72,7405.72,1595.0,8.9101,2073.5,LOW
POL000591,0,0,1.0,0.509824,17583.2,17583.2,8964.34,9.7748,11653.64,HIGH
POL000592,0,0,0.4867,0.540987,31389.56,31389.56,16981.35,10.3543,22075.76,VERY_HIGH
POL000593,0,0,0.5275,0.492207,7820.35,7820.35,3849.23,8.9646,5004.0,MODERATE
POL000594,0,0,0.0996,0.339101,12619.77,12619.77,4279.38,9.4431,5563.2,MODERATE
POL000595,0,0,0.592,0.662733,11355.07,11355.07,7525.39,9.3375,9783.0,HIGH
POL000596,0,0,1.0,0.578637,4746.47,4746.47,2746.48,8.4654,3570.43,MODERATE
POL000597,0,0,0.5,0.509549,5023.15,5023.15,2559.54,8.522,3327.4,MODERATE
POL000598,1,5235,0.4658,0.276768,4802.44,4802.44,1329.16,8.4771,1727.91,LOW
POL000599,0,0,0.7002,0.25313,13682.67,13682.67,3463.49,9.524,4502.54,MODERATE
POL000600,1,4690,0.6275,0.386421,8007.46,8007.46,3094.25,8.9883,4022.53,MODERATE
POL000601,0,0,0.5,0.427821,19421.02,19421.02,8308.73,9.8742,10801.35,HIGH
POL000602,0,0,0.4553,0.441377,3738.41,3738.41,1650.05,8.2267,2145.06,LOW
POL000603,0,0,0.4695,0.283647,10320.82,10320.82,2927.47,9.242,3805.71,MODERATE
POL000604,0,0,0.1961,0.711355,19694.58,19694.58,14009.84,9.8881,18212.8,VERY_HIGH
POL000605,0,0,1.0,0.271619,3362.38,3362.38,913.28,8.1207,1187.27,LOW
POL000606,0,0,1.0,0.352706,10909.28,10909.28,3847.77,9.2975,5002.1,MODERATE
POL000607,0,0,1.0,0.199335,6713.87,6713.87,1338.31,8.8121,1739.8,LOW
POL000608,0,0,1.0,0.705684,4132.32,4132.32,2916.11,8.3268,3790.94,MODERATE
POL000609,1,20020,0.3238,0.398568,12486.93,12486.93,4976.89,9.4325,6469.96,MODERATE
POL000610,0,0,1.0,0.888494,8793.89,8793.89,7813.32,9.0819,10157.32,HIGH
POL000611,0,0,0.8182,0.241398,5325.96,5325.96,1285.68,8.5805,1671.38,LOW
POL000612,1,4114,1.0,0.333904,8714.3,8714.3,2909.74,9.0728,3782.66,MODERATE
POL000613,0,0,0.25,0.474457,7881.88,7881.88,3739.62,8.9724,4861.5,MODERATE
POL000614,0,0,0.5,0.28176,6671.35,6671.35,1879.72,8.8057,2443.63,MODERATE
POL000615,0,0,1.0,0.793598,7656.76,7656.76,6076.39,8.9435,7899.3,HIGH
POL000616,0,0,1.0,0.322578,5615.56,5615.56,1811.45,8.6335,2354.89,MODERATE
POL000617,0,0,1.0,0.657294,7097.84,7097.84,4665.37,8.8677,6064.98,MODERATE
POL000618,0,0,0.6146,0.73781,11304.21,11304.21,8340.35,9.333,10842.46,HIGH
POL000619,0,0,1.0,0.514427,9011.23,9011.23,4635.62,9.1063,6026.3,MODERATE
POL000620,0,0,1.0,0.432056,14393.26,14393.26,6218.7,9.5746,8084.31,HIGH
POL000621,0,0,0.3757,0.31837,11528.35,11528.35,3670.28,9.3527,4771.36,MODERATE
POL000622,0,0,0.7404,0.575261,26151.68,26151.68,15044.05,10.1717,19557.26,VERY_HIGH
POL000623,0,0,1.0,0.512731,17338.25,17338.25,8889.86,9.7607,11556.82,HIGH
POL000624,0,0,0.205,0.772471,13874.05,13874.05,10717.3,9.5378,13932.49,HIGH
POL000625,0,0,0.3758,0.46349,27014.08,27014.08,12520.74,10.2042,16276.97,VERY_HIGH
POL000626,0,0,0.4113,0.272002,4805.22,4805.22,1307.03,8.4777,1699.14,LOW
POL000627,0,0,0.6076,0.342293,7540.29,7540.29,2580.99,8.9281,3355.29,MODERATE
POL000628,0,0,0.5,0.526169,24669.75,24669.75,12980.45,10.1134,16874.59,VERY_HIGH
POL000629,0,0,0.6448,0.426676,12297.37,12297.37,5247.0,9.4172,6821.09,MODERATE
POL000630,0,0,0.25,0.235439,14775.82,14775.82,3478.81,9.6008,4522.45,MODERATE
POL000631,0,0,0.2351,0.61466,13665.06,13665.06,8399.37,9.5227,10919.18,HIGH
POL000632,0,0,0.1218,0.484652,25129.21,25129.21,12178.93,10.1318,15832.6,VERY_HIGH
POL000633,0,0,0.2156,0.405072,16000.83,16000.83,6481.49,9.6805,8425.93,HIGH
POL000634,0,0,0.5,0.233179,4843.55,4843.55,1129.41,8.4856,1468.24,LOW
POL000635,0,0,1.0,0.227987,3387.96,3387.96,772.41,8.1283,1004.14,LOW
POL000636,0,0,0.5,0.531817,3807.34,3807.34,2024.81,8.2449,2632.25,MODERATE
POL000637,0,0,0.6201,0.602986,18024.61,18024.61,10868.59,9.7995,14129.17,HIGH
POL000638,0,0,1.0,0.591816,5028.41,5028.41,2975.89,8.5231,3868.66,MODERATE
POL000639,0,0,0.232,0.720671,18428.37,18428.37,13280.79,9.8217,17265.03,VERY_HIGH
POL000640,1,13802,0.5,0.347323,4748.81,4748.81,1649.37,8.4659,2144.18,LOW
POL000641,0,0,0.5,0.421073,4394.74,4394.74,1850.51,8.3884,2405.66,MODERATE
POL000642,1,6174,0.5,0.728752,7776.76,7776.76,5667.32,8.959,7367.52,HIGH
POL000643,0,0,1.0,0.333383,5033.58,5033.58,1678.11,8.5241,2181.54,LOW
POL000644,0,0,1.0,0.61094,8316.6,8316.6,5080.95,9.0261,6605.23,MODERATE
POL000645,0,0,0.5,0.376053,4006.01,4006.01,1506.47,8.2958,1958.41,LOW
POL000646,0,0,0.2511,0.398854,13143.03,13143.03,5242.15,9.4837,6814.8,MODERATE
POL000647,1,500,0.5,0.792775,5673.38,5673.38,4497.71,8.6437,5847.03,MODERATE
POL000648,0,0,0.25,0.453879,4477.01,4477.01,2032.02,8.4069,2641.63,MODERATE
POL000649,0,0,0.5,0.862615,7529.47,7529.47,6495.03,8.9267,8443.54,HIGH
POL000650,0,0,0.6009,0.438287,26503.44,26503.44,11616.12,10.1851,15100.96,HIGH
POL000651,0,0,0.25,0.821957,4869.95,4869.95,4002.89,8.491,5203.75,MODERATE
POL000652,0,0,1.0,0.444954,19452.98,19452.98,8655.68,9.8758,11252.39,HIGH
POL000653,0,0,1.0,0.257329,8119.92,8119.92,2089.49,9.0022,2716.34,MODERATE
POL000654,0,0,1.0,0.342892,8673.99,8673.99,2974.24,9.0682,3866.52,MODERATE
POL000655,0,0,1.0,0.406111,8649.71,8649.71,3512.74,9.0654,4566.56,MODERATE
POL000656,0,0,0.4146,0.708365,28836.51,28836.51,20426.79,10.2694,26554.82,VERY_HIGH
POL000657,0,0,0.25,0.339585,7666.65,7666.65,2603.48,8.9448,3384.53,MODERATE
POL000658,0,0,0.833,0.747368,12875.57,12875.57,9622.79,9.4632,12509.62,HIGH
POL000659,1,11203,0.7881,0.280049,7431.75,7431.75,2081.25,8.9137,2705.62,MODERATE
POL000660,0,0,1.0,0.149885,8181.63,8181.63,1226.3,9.0098,1594.2,LOW
POL000661,0,0,0.6042,0.186098,13251.33,13251.33,2466.05,9.4919,3205.87,MODERATE
POL000662,0,0,1.0,0.383379,10210.42,10210.42,3914.46,9.2313,5088.8,MODERATE
POL000663,1,26454,1.0,0.85996,9393.46,9393.46,8078.0,9.1479,10501.4,HIGH
POL000664,0,0,1.0,0.326527,9337.19,9337.19,3048.85,9.1419,3963.5,MODERATE
POL000665,0,0,0.1985,0.492465,9854.82,9854.82,4853.15,9.1958,6309.1,MODERATE
POL000666,0,0,0.3121,0.381263,7541.2,7541.2,2875.18,8.9283,3737.73,MODERATE
POL000667,0,0,0.9363,0.489988,9468.49,9468.49,4639.45,9.1558,6031.28,MODERATE
POL000668,1,22175,0.735,0.361379,13735.03,13735.03,4963.55,9.5278,6452.62,MODERATE
POL000669,0,0,1.0,0.261824,17709.21,17709.21,4636.7,9.7819,6027.71,MODERATE
POL000670,0,0,0.1902,0.276957,14445.9,14445.9,4000.89,9.5782,5201.15,MODERATE
POL000671,1,3080,0.25,0.56315,6754.88,6754.88,3804.01,8.8182,4945.22,MODERATE
POL000672,1,59990,0.6903,0.442443,33890.52,33890.52,14994.64,10.4309,19493.03,VERY_HIGH
POL000673,1,11203,0.6084,0.431939,4557.12,4557.12,1968.4,8.4247,2558.92,MODERATE
POL000674,0,0,0.3487,0.510774,5188.4,5188.4,2650.1,8.5544,3445.13,MODERATE
POL000675,0,0,0.2944,0.258343,8418.55,8418.55,2174.87,9.0383,2827.33,MODERATE
POL000676,0,0,1.0,0.489085,5272.6,5272.6,2578.75,8.5705,3352.38,MODERATE
POL000677,0,0,1.0,0.765398,8180.22,8180.22,6261.12,9.0096,8139.45,HIGH
POL000678,0,0,1.0,0.525663,4301.96,4301.96,2261.38,8.3671,2939.8,MODERATE
POL000679,0,0,0.6439,0.26035,5818.52,5818.52,1514.85,8.669,1969.3,LOW
POL000680,0,0,1.0,0.492584,5201.3,5201.3,2562.08,8.5569,3330.7,MODERATE
POL000681,0,0,1.0,0.451553,5210.53,5210.53,2352.83,8.5586,3058.68,MODERATE
POL000682,0,0,0.5,0.615679,16797.49,16797.49,10341.87,9.729,13444.43,HIGH
POL000683,0,0,1.0,0.252124,3911.38,3911.38,986.15,8.2719,1282.0,LOW
POL000684,0,0,0.6989,0.521654,9864.85,9864.85,5146.04,9.1968,6689.85,MODERATE
POL000685,0,0,0.9759,0.268128,6627.06,6627.06,1776.9,8.7991,2309.98,LOW
POL000686,0,0,0.6524,0.567953,27575.47,27575.47,15661.58,10.2247,20360.05,VERY_HIGH
POL000687,0,0,1.0,0.250617,8186.86,8186.86,2051.76,9.0104,2667.29,MODERATE
POL000688,0,0,0.5347,0.410132,5464.51,5464.51,2241.17,8.6062,2913.52,MODERATE
POL000689,0,0,0.891,0.26836,9227.69,9227.69,2476.34,9.1301,3219.24,MODERATE
POL000690,0,0,0.6742,0.575355,7135.69,7135.69,4105.56,8.873,5337.22,MODERATE
POL000691,0,0,0.7964,0.318136,4639.83,4639.83,1476.1,8.4426,1918.93,LOW
POL000692,0,0,0.7616,0.532486,13358.14,13358.14,7113.02,9.5,9246.93,HIGH
POL000693,0,0,0.5852,0.798771,22432.19,22432.19,17918.17,10.0183,23293.62,VERY_HIGH
POL000694,0,0,1.0,0.342902,22069.93,22069.93,7567.82,10.002,9838.17,HIGH
POL000695,0,0,0.5,0.621982,15306.7,15306.7,9520.48,9.6361,12376.63,HIGH
POL000696,0,0,1.0,0.247448,5151.1,5151.1,1274.63,8.5472,1657.02,LOW
POL000697,1,2876,1.0,0.513936,6672.09,6672.09,3429.03,8.8058,4457.74,MODERATE
POL000698,0,0,0.2259,0.193886,11604.0,11604.0,2249.85,9.3592,2924.81,MODERATE
POL000699,0,0,0.2572,0.331399,9862.28,9862.28,3268.35,9.1966,4248.86,MODERATE
POL000700,0,0,0.5,0.638686,5217.19,5217.19,3332.15,8.5599,4331.79,MODERATE
POL000701,1,5600,0.5539,0.377752,20102.42,20102.42,7593.72,9.9086,9871.84,HIGH
POL000702,0,0,0.8265,0.42506,3270.11,3270.11,1390.0,8.0929,1806.99,LOW
POL000703,0,0,0.9999,0.20657,6272.77,6272.77,1295.77,8.7441,1684.5,LOW
POL000704,0,0,0.727,0.835021,11064.85,11064.85,9239.38,9.3116,12011.19,HIGH
POL000705,0,0,0.25,0.353007,51917.99,51917.99,18327.41,10.8574,23825.64,VERY_HIGH
POL000706,0,0,0.4612,0.377252,15029.39,15029.39,5669.87,9.6178,7370.82,HIGH
POL000707,0,0,0.3212,0.288149,64301.23,64301.23,18528.35,11.0713,24086.85,VERY_HIGH
POL000708,0,0,1.0,0.38137,9410.14,9410.14,3588.75,9.1496,4665.37,MODERATE
POL000709,0,0,1.0,0.470015,15489.72,15489.72,7280.39,9.648,9464.51,HIGH
POL000710,0,0,0.6795,0.240829,8805.23,8805.23,2120.55,9.0832,2756.72,MODERATE
POL000711,0,0,0.7253,0.29846,16585.08,16585.08,4949.98,9.7163,6434.97,MODERATE
POL000712,0,0,1.0,0.448358,4782.81,4782.81,2144.41,8.473,2787.74,MODERATE
POL000713,0,0,0.6374,0.736682,10970.39,10970.39,8081.69,9.303,10506.2,HIGH
POL000714,0,0,1.0,0.564151,6222.19,6222.19,3510.26,8.736,4563.33,MODERATE
POL000715,1,10778,1.0,0.678861,6937.18,6937.18,4709.38,8.8448,6122.2,MODERATE
POL000716,0,0,0.1154,0.3324,15198.69,15198.69,5052.05,9.629,6567.66,MODERATE
POL000717,0,0,1.0,0.280015,7983.76,7983.76,2235.57,8.9853,2906.24,MODERATE
POL000718,0,0,0.5,0.344713,9005.11,9005.11,3104.18,9.1057,4035.43,MODERATE
POL000719,1,676095,0.4443,0.351477,19509.99,19509.99,6857.32,9.8787,8914.52,HIGH
POL000720,0,0,0.8289,0.260778,12301.96,12301.96,3208.08,9.4176,4170.51,MODERATE
POL000721,0,0,0.4419,0.394317,11629.48,11629.48,4585.71,9.3614,5961.42,MODERATE
POL000722,1,5736,0.25,0.31405,5167.09,5167.09,1622.73,8.5503,2109.54,LOW
POL000723,1,12052,0.8766,0.49883,16274.22,16274.22,8118.07,9.6974,10553.49,HIGH
POL000724,1,16747,0.3028,0.882798,4794.46,4794.46,4232.54,8.4754,5502.3,MODERATE
POL000725,0,0,0.5,0.580535,5959.86,5959.86,3459.9,8.693,4497.88,MODERATE
POL000726,0,0,0.4708,0.427323,11209.89,11209.89,4790.24,9.3246,6227.32,MODERATE
POL000727,0,0,0.4881,0.309936,78072.91,78072.91,24197.58,11.2654,31456.86,VERY_HIGH
POL000728,0,0,1.0,0.259217,5304.63,5304.63,1375.05,8.5765,1787.57,LOW
POL000729,0,0,0.25,0.458574,13223.28,13223.28,6063.85,9.4898,7883.01,HIGH
POL000730,1,19864,1.0,0.251061,7652.68,7652.68,1921.29,8.9429,2497.68,MODERATE
POL000731,0,0,0.3787,0.425387,11578.3,11578.3,4925.26,9.357,6402.84,MODERATE
POL000732,0,0,0.6993,0.758255,7222.34,7222.34,5476.37,8.8851,7119.28,MODERATE
POL000733,0,0,1.0,0.36885,6667.12,6667.12,2459.17,8.8051,3196.92,MODERATE
POL000734,0,0,1.0,0.455768,4576.07,4576.07,2085.63,8.4288,2711.32,MODERATE
POL000735,0,0,0.9771,0.259892,3379.6,3379.6,878.33,8.1258,1141.83,LOW
POL000736,0,0,1.0,0.494409,28728.18,28728.18,14203.47,10.2657,18464.51,VERY_HIGH
POL000737,0,0,1.0,0.61797,7132.5,7132.5,4407.67,8.8726,5729.97,MODERATE
POL000738,0,0,1.0,0.252246,5010.02,5010.02,1263.76,8.5194,1642.88,LOW
POL000739,0,0,0.7211,0.23104,3731.34,3731.34,862.09,8.2248,1120.72,LOW
POL000740,0,0,1.0,0.338301,3228.85,3228.85,1092.32,8.0802,1420.02,LOW
POL000741,0,0,0.2996,0.297814,4649.12,4649.12,1384.57,8.4446,1799.95,LOW
POL000742,0,0,0.6572,0.309822,7424.91,7424.91,2300.4,8.9127,2990.52,MODERATE
POL000743,0,0,0.418,0.42371,22885.25,22885.25,9696.72,10.0383,12605.74,HIGH
POL000744,0,0,0.7165,0.285925,11096.46,11096.46,3172.76,9.3145,4124.59,MODERATE
POL000745,0,0,1.0,0.270112,9603.58,9603.58,2594.04,9.17,3372.26,MODERATE
POL000746,0,0,0.4712,0.7258,24037.5,24037.5,17446.42,10.0874,22680.35,VERY_HIGH
POL000747,1,5970,0.25,0.818884,5798.13,5798.13,4747.99,8.6655,6172.39,MODERATE
POL000748,0,0,0.25,0.483228,4896.17,4896.17,2365.97,8.4964,3075.75,MODERATE
POL000749,0,0,0.25,0.218009,23460.43,23460.43,5114.59,10.0631,6648.97,MODERATE
POL000750,0,0,0.7376,0.236706,33890.15,33890.15,8022.0,10.4309,10428.59,HIGH
POL000751,0,0,0.4504,0.267516,16253.6,16253.6,4348.1,9.6961,5652.53,MODERATE
POL000752,0,0,1.0,0.411619,17271.34,17271.34,7109.21,9.7569,9241.97,HIGH
POL000753,0,0,0.4533,0.405368,4741.5,4741.5,1922.05,8.4643,2498.67,MODERATE
POL000754,0,0,0.25,0.206881,13130.5,13130.5,2716.45,9.4828,3531.39,MODERATE
POL000755,1,6773,0.25,0.304224,10729.35,10729.35,3264.13,9.2808,4243.37,MODERATE
POL000756,0,0,1.0,0.219929,3736.66,3736.66,821.8,8.2262,1068.34,LOW
POL000757,0,0,1.0,0.586142,6761.37,6761.37,3963.12,8.8191,5152.06,MODERATE
POL000758,0,0,0.2922,0.465824,12343.26,12343.26,5749.78,9.4209,7474.72,HIGH
POL000759,0,0,0.3753,0.176759,16413.99,16413.99,2901.33,9.706,3771.72,MODERATE
POL000760,0,0,0.6608,0.801703,4690.26,4690.26,3760.2,8.4535,4888.26,MODERATE
POL000761,0,0,0.7728,0.250864,3558.77,3558.77,892.77,8.1775,1160.6,LOW
POL000762,0,0,0.25,0.27665,4267.51,4267.51,1180.61,8.359,1534.79,LOW
POL000763,0,0,1.0,0.493848,5888.25,5888.25,2907.9,8.6809,3780.27,MODERATE
POL000764,0,0,0.4679,0.449317,11489.9,11489.9,5162.61,9.3493,6711.4,MODERATE
POL000765,0,0,0.939,0.318167,3830.73,3830.73,1218.81,8.2511,1584.46,LOW
POL000766,0,0,1.0,0.260922,4701.51,4701.51,1226.73,8.4559,1594.75,LOW
POL000767,0,0,0.3524,0.386848,7660.42,7660.42,2963.42,8.944,3852.44,MODERATE
POL000768,0,0,0.25,0.430588,59367.34,59367.34,25562.87,10.9915,33231.73,VERY_HIGH
POL000769,0,0,0.5,0.403491,17235.02,17235.02,6954.18,9.7548,9040.44,HIGH
POL000770,0,0,1.0,0.604062,4289.62,4289.62,2591.2,8.3642,3368.56,MODERATE
POL000771,0,0,1.0,0.265201,2907.12,2907.12,770.97,7.9753,1002.26,LOW
POL000772,0,0,0.5,0.281264,9677.66,9677.66,2721.97,9.1777,3538.56,MODERATE
POL000773,0,0,0.4455,0.337895,6523.39,6523.39,2204.22,8.7833,2865.48,MODERATE
POL000774,0,0,1.0,0.442033,4704.5,4704.5,2079.55,8.4565,2703.41,MODERATE
POL000775,1,22508,0.3197,0.473965,27715.95,27715.95,13136.38,10.2298,17077.3,VERY_HIGH
POL000776,0,0,0.5,0.616296,7866.06,7866.06,4847.83,8.9704,6302.18,MODERATE
POL000777,0,0,1.0,0.593518,3629.56,3629.56,2154.21,8.1971,2800.47,MODERATE
POL000778,0,0,0.4247,0.127499,6285.64,6285.64,801.41,8.7462,1041.84,LOW
POL000779,0,0,0.2332,0.425548,15207.13,15207.13,6471.37,9.6296,8412.78,HIGH
POL000780,0,0,0.25,0.106111,17170.55,17170.55,1821.98,9.751,2368.58,MODERATE
POL000781,1,21942,0.3831,0.783754,12449.13,12449.13,9757.05,9.4295,12684.16,HIGH
POL000782,0,0,0.5,0.225644,8037.85,8037.85,1813.69,8.992,2357.8,MODERATE
POL000783,1,3402,1.0,0.78219,5558.63,5558.63,4347.9,8.6233,5652.27,MODERATE
POL000784,0,0,0.3224,0.487133,8363.72,8363.72,4074.25,9.0318,5296.52,MODERATE
POL000785,0,0,0.25,0.352557,10091.83,10091.83,3557.94,9.2196,4625.33,MODERATE
POL000786,0,0,0.6252,0.293389,11564.12,11564.12,3392.79,9.3557,4410.62,MODERATE
POL000787,0,0,1.0,0.398251,6419.62,6419.62,2556.62,8.7673,3323.61,MODERATE
POL000788,0,0,0.5,0.284754,14741.53,14741.53,4197.7,9.5985,5457.02,MODERATE
POL000789,0,0,1.0,0.210016,4274.85,4274.85,897.79,8.3607,1167.13,LOW
POL000790,0,0,0.3496,0.515432,11284.03,11284.03,5816.15,9.3312,7560.99,HIGH
POL000791,1,1758,0.5,0.522722,4203.01,4203.01,2197.0,8.3438,2856.11,MODERATE
POL000792,1,28692,1.0,0.505124,10258.56,10258.56,5181.85,9.236,6736.4,MODERATE
POL000793,0,0,0.8599,0.235263,13694.15,13694.15,3221.72,9.5248,4188.24,MODERATE
POL000794,0,0,0.25,0.394707,9456.13,9456.13,3732.4,9.1545,4852.12,MODERATE
POL000795,0,0,0.8305,0.310181,30525.91,30525.91,9468.56,10.3264,12309.13,HIGH
POL000796,0,0,0.6991,0.303616,22727.48,22727.48,6900.43,10.0314,8970.56,HIGH
POL000797,0,0,0.5,0.210093,39533.08,39533.08,8305.63,10.5849,10797.32,HIGH
POL000798,0,0,1.0,0.442433,8027.33,8027.33,3551.55,8.9907,4617.02,MODERATE
POL000799,0,0,0.2518,0.401897,10566.84,10566.84,4246.78,9.2656,5520.82,MODERATE
POL000800,0,0,0.5,0.286372,6466.95,6466.95,1851.95,8.7746,2407.54,MODERATE
POL000801,0,0,1.0,0.472459,15302.09,15302.09,7229.61,9.6358,9398.49,HIGH
POL000802,0,0,0.4978,0.255949,37287.88,37287.88,9543.8,10.5265,12406.93,HIGH
POL000803,0,0,0.25,0.220444,6644.6,6644.6,1464.76,8.8017,1904.19,LOW
POL000804,0,0,1.0,0.830704,6569.16,6569.16,5457.03,8.7903,7094.13,MODERATE
POL000805,1,4641,0.8528,0.775149,11271.02,11271.02,8736.72,9.3301,11357.74,HIGH
POL000806,1,3518,1.0,0.565394,3900.87,3900.87,2205.53,8.2692,2867.19,MODERATE
POL000807,0,0,0.3907,0.139224,13273.07,13273.07,1847.92,9.4936,2402.3,MODERATE
POL000808,0,0,0.25,0.289931,5936.25,5936.25,1721.1,8.689,2237.43,LOW
POL000809,0,0,0.5291,0.241969,4820.66,4820.66,1166.45,8.4809,1516.39,LOW
POL000810,0,0,0.1696,0.254968,11290.87,11290.87,2878.81,9.3318,3742.45,MODERATE
POL000811,1,3708,0.6106,0.214822,5739.75,5739.75,1233.03,8.6553,1602.93,LOW
POL000812,0,0,1.0,0.5184,30088.12,30088.12,15597.68,10.3119,20276.98,VERY_HIGH
POL000813,0,0,1.0,0.388394,3786.76,3786.76,1470.75,8.2395,1911.98,LOW
POL000814,0,0,0.5114,0.292138,8897.29,8897.29,2599.23,9.0936,3379.0,MODERATE
POL000815,0,0,0.5,0.501947,6365.81,6365.81,3195.3,8.7589,4153.89,MODERATE
POL000816,0,0,0.25,0.226965,10567.65,10567.65,2398.49,9.2656,3118.03,MODERATE
POL000817,1,6898,0.9281,0.908738,12807.9,12807.9,11639.02,9.4579,15130.73,HIGH
POL000818,0,0,1.0,0.38182,4975.39,4975.39,1899.7,8.5125,2469.61,MODERATE
POL000819,0,0,1.0,0.217483,9485.91,9485.91,2063.02,9.1577,2681.93,MODERATE
POL000820,0,0,0.9512,0.185929,5065.12,5065.12,941.75,8.5303,1224.28,LOW
POL000821,0,0,0.7708,0.401065,11418.69,11418.69,4579.64,9.3431,5953.53,MODERATE
POL000822,0,0,0.5,0.283401,3558.17,3558.17,1008.39,8.1773,1310.91,LOW
POL000823,0,0,0.667,0.779361,19456.4,19456.4,15163.56,9.876,19712.63,VERY_HIGH
POL000824,0,0,0.25,0.235833,4032.42,4032.42,950.98,8.3024,1236.27,LOW
POL000825,0,0,0.4181,0.268985,5458.91,5458.91,1468.36,8.6052,1908.87,LOW
POL000826,0,0,0.5,0.271204,5836.33,5836.33,1582.83,8.672,2057.68,LOW
POL000827,0,0,0.3822,0.47938,13336.13,13336.13,6393.08,9.4983,8311.01,HIGH
POL000828,0,0,1.0,0.60631,5457.85,5457.85,3309.15,8.605,4301.89,MODERATE
POL000829,1,13250,0.5456,0.818908,11673.14,11673.14,9559.23,9.3651,12426.99,HIGH
POL000830,0,0,0.2727,0.543895,6494.91,6494.91,3532.55,8.7789,4592.32,MODERATE
POL000831,1,23568,0.4345,0.36149,14839.36,14839.36,5364.28,9.6051,6973.57,MODERATE
POL000832,0,0,0.6945,0.588155,2616.61,2616.61,1538.97,7.87,2000.66,LOW
POL000833,0,0,0.2495,0.282325,27853.58,27853.58,7863.77,10.2348,10222.91,HIGH
POL000834,0,0,0.7142,0.234464,31420.26,31420.26,7366.91,10.3552,9576.98,HIGH
POL000835,0,0,0.8455,0.284871,5145.78,5145.78,1465.88,8.5461,1905.65,LOW
POL000836,1,9237,1.0,0.822806,5525.58,5525.58,4546.48,8.6173,5910.43,MODERATE
POL000837,0,0,0.6498,0.367266,7801.65,7801.65,2865.28,8.9622,3724.87,MODERATE
POL000838,1,7711,0.5,0.682312,4236.02,4236.02,2890.28,8.3516,3757.37,MODERATE
POL000839,0,0,0.2466,0.396939,9742.52,9742.52,3867.19,9.1844,5027.34,MODERATE
POL000840,0,0,0.25,0.438736,6656.61,6656.61,2920.5,8.8035,3796.65,MODERATE
POL000841,0,0,1.0,0.651376,5177.9,5177.9,3372.76,8.5523,4384.59,MODERATE
POL000842,0,0,0.5,0.279035,29034.87,29034.87,8101.74,10.2763,10532.27,HIGH
POL000843,0,0,0.5,0.814586,7135.58,7135.58,5812.54,8.873,7556.3,HIGH
POL000844,0,0,0.3056,0.531234,14121.98,14121.98,7502.07,9.5556,9752.69,HIGH
POL000845,0,0,0.4238,0.7143,10646.72,10646.72,7604.95,9.2731,9886.43,HIGH
POL000846,0,0,0.4712,0.870519,9594.29,9594.29,8352.02,9.169,10857.62,HIGH
POL000847,0,0,0.271,0.317224,12434.67,12434.67,3944.58,9.4283,5127.95,MODERATE
POL000848,0,0,1.0,0.739965,3701.22,3701.22,2738.77,8.2167,3560.41,MODERATE
POL000849,1,17136,1.0,0.89367,23677.04,23677.04,21159.47,10.0723,27507.31,VERY_HIGH
POL000850,0,0,0.25,0.150044,5419.7,5419.7,813.2,8.598,1057.15,LOW
POL000851,0,0,1.0,0.59933,5067.55,5067.55,3037.13,8.5308,3948.27,MODERATE
POL000852,1,6385,0.5179,0.795211,6179.85,6179.85,4914.29,8.7292,6388.57,MODERATE
POL000853,0,0,0.9558,0.49232,5543.68,5543.68,2729.27,8.6206,3548.05,MODERATE
POL000854,0,0,0.3779,0.350511,17984.95,17984.95,6303.92,9.7973,8195.1,HIGH
POL000855,0,0,0.25,0.543198,14478.07,14478.07,7864.46,9.5805,10223.8,HIGH
POL000856,0,0,0.6822,0.381675,4666.91,4666.91,1781.24,8.4485,2315.62,LOW
POL000857,0,0,0.25,0.520091,17351.46,17351.46,9024.33,9.7615,11731.63,HIGH
POL000858,1,15675,1.0,0.653384,5340.5,5340.5,3489.4,8.5833,4536.21,MODERATE
POL000859,0,0,0.7427,0.431475,13819.34,13819.34,5962.7,9.5339,7751.51,HIGH
POL000860,0,0,0.3646,0.424271,19862.48,19862.48,8427.08,9.8966,10955.2,HIGH
POL000861,0,0,1.0,0.774393,5499.89,5499.89,4259.08,8.6127,5536.8,MODERATE
POL000862,0,0,0.5,0.612623,9675.2,9675.2,5927.25,9.1774,7705.42,HIGH
POL000863,0,0,0.9234,0.338492,7929.92,7929.92,2684.21,8.9785,3489.48,MODERATE
POL000864,0,0,0.2229,0.302048,11069.68,11069.68,3343.58,9.3121,4346.65,MODERATE
POL000865,0,0,1.0,0.365799,3646.19,3646.19,1333.77,8.2017,1733.9,LOW
POL000866,1,3812,0.5,0.700058,6910.26,6910.26,4837.59,8.8409,6288.86,MODERATE
POL000867,1,11159,1.0,0.301692,9142.16,9142.16,2758.12,9.1208,3585.55,MODERATE
POL000868,1,9377,1.0,0.593879,17527.16,17527.16,10409.02,9.7716,13531.73,HIGH
POL000869,0,0,0.5,0.422735,52657.09,52657.09,22259.97,10.8716,28937.96,VERY_HIGH
POL000870,0,0,0.6796,0.589619,5228.98,5228.98,3083.11,8.5622,4008.04,MODERATE
POL000871,0,0,0.8894,0.629071,12846.65,12846.65,8081.45,9.4609,10505.89,HIGH
POL000872,0,0,0.25,0.590176,11267.98,11267.98,6650.09,9.3298,8645.11,HIGH
POL000873,0,0,1.0,0.552479,3928.78,3928.78,2170.57,8.2763,2821.74,MODERATE
POL000874,0,0,1.0,0.53363,11938.21,11938.21,6370.59,9.3876,8281.76,HIGH
POL000875,0,0,1.0,0.789552,3381.53,3381.53,2669.89,8.1264,3470.86,MODERATE
POL000876,0,0,1.0,0.204882,4096.59,4096.59,839.32,8.3182,1091.11,LOW
POL000877,0,0,0.6652,0.365235,48788.59,48788.59,17819.32,10.7953,23165.12,VERY_HIGH
POL000878,0,0,0.4494,0.211158,6998.68,6998.68,1477.83,8.8536,1921.17,LOW
POL000879,0,0,0.4644,0.701596,21679.47,21679.47,15210.23,9.9842,19773.3,VERY_HIGH
POL000880,0,0,0.25,0.736728,7249.82,7249.82,5341.15,8.8889,6943.5,MODERATE
POL000881,0,0,1.0,0.328976,6635.84,6635.84,2183.03,8.8004,2837.94,MODERATE
POL000882,0,0,1.0,0.210036,7325.81,7325.81,1538.68,8.8993,2000.29,LOW
POL000883,0,0,0.25,0.35906,12908.53,12908.53,4634.93,9.4657,6025.41,MODERATE
POL000884,0,0,1.0,0.267559,8089.72,8089.72,2164.48,8.9985,2813.83,MODERATE
POL000885,0,0,1.0,0.518536,40921.63,40921.63,21219.35,10.6194,27585.15,VERY_HIGH
POL000886,0,0,0.5,0.276319,7021.38,7021.38,1940.14,8.8569,2522.19,MODERATE
POL000887,0,0,0.4267,0.396634,7607.16,7607.16,3017.26,8.937,3922.43,MODERATE
POL000888,0,0,0.5,0.292871,4674.56,4674.56,1369.04,8.4501,1779.76,LOW
POL000889,0,0,1.0,0.342996,97146.02,97146.02,33320.67,11.484,43316.87,VERY_HIGH
POL000890,0,0,0.344,0.424189,9869.25,9869.25,4186.42,9.1973,5442.35,MODERATE
POL000891,0,0,0.273,0.816844,40641.45,40641.45,33197.73,10.6126,43157.05,VERY_HIGH
POL000892,0,0,0.3211,0.275574,27013.94,27013.94,7444.34,10.2041,9677.65,HIGH
POL000893,0,0,0.25,0.370505,9101.55,9101.55,3372.17,9.1163,4383.82,MODERATE
POL000894,0,0,0.4343,0.572486,11294.66,11294.66,6466.03,9.3322,8405.84,HIGH
POL000895,0,0,1.0,0.329695,8497.5,8497.5,2801.58,9.0476,3642.06,MODERATE
POL000896,0,0,1.0,0.134998,5738.93,5738.93,774.74,8.6552,1007.17,LOW
POL000897,0,0,0.4063,0.361971,26807.92,26807.92,9703.68,10.1965,12614.79,HIGH
POL000898,1,6453,1.0,0.346121,11307.95,11307.95,3913.92,9.3333,5088.1,MODERATE
POL000899,0,0,0.487,0.284064,4720.85,4720.85,1341.02,8.46,1743.33,LOW
POL000900,0,0,1.0,0.514804,11591.89,11591.89,5967.55,9.3581,7757.82,HIGH
POL000901,0,0,1.0,0.442522,22985.95,22985.95,10171.8,10.0427,13223.34,HIGH
POL000902,0,0,1.0,0.446125,5173.67,5173.67,2308.1,8.5515,3000.53,MODERATE
POL000903,0,0,0.25,0.308414,3209.7,3209.7,989.92,8.0742,1286.89,LOW
POL000904,1,12607,0.5357,0.3984,11645.18,11645.18,4639.44,9.3627,6031.27,MODERATE
POL000905,0,0,0.5,0.360373,12776.48,12776.48,4604.29,9.4554,5985.58,MODERATE
POL000906,0,0,0.2354,0.19004,12510.25,12510.25,2377.45,9.4344,3090.68,MODERATE
POL000907,1,4492,0.266,0.413675,12329.47,12329.47,5100.39,9.4198,6630.51,MODERATE
POL000908,0,0,0.3182,0.640434,14457.44,14457.44,9259.04,9.579,12036.75,HIGH
POL000909,0,0,1.0,0.280543,4627.18,4627.18,1298.12,8.4399,1687.56,LOW
POL000910,0,0,1.0,0.520573,4029.4,4029.4,2097.6,8.3016,2726.88,MODERATE
POL000911,0,0,0.5,0.397095,10785.81,10785.81,4282.99,9.2861,5567.88,MODERATE
POL000912,0,0,0.4716,0.488937,17652.54,17652.54,8630.97,9.7787,11220.27,HIGH
POL000913,0,0,0.327,0.297611,9810.24,9810.24,2919.63,9.1913,3795.52,MODERATE
POL000914,1,14490,1.0,0.750315,7388.16,7388.16,5543.45,8.9078,7206.48,HIGH
POL000915,0,0,0.25,0.908774,20523.22,20523.22,18650.96,9.9294,24246.24,VERY_HIGH
POL000916,0,0,1.0,0.659972,4878.5,4878.5,3219.67,8.4928,4185.57,MODERATE
POL000917,0,0,0.5026,0.343321,36309.55,36309.55,12465.84,10.4999,16205.6,VERY_HIGH
POL000918,0,0,0.3585,0.155278,11460.96,11460.96,1779.63,9.3468,2313.52,LOW
POL000919,0,0,0.25,0.220072,13915.51,13915.51,3062.41,9.5408,3981.13,MODERATE
POL000920,0,0,1.0,0.353465,2903.79,2903.79,1026.39,7.9741,1334.3,LOW
POL000921,1,9000,0.5693,0.795244,14869.59,14869.59,11824.95,9.6071,15372.44,HIGH
POL000922,0,0,0.562,0.327942,20781.82,20781.82,6815.23,9.9419,8859.8,HIGH
POL000923,0,0,0.5975,0.358735,7682.95,7682.95,2756.14,8.9469,3582.99,MODERATE
POL000924,0,0,1.0,0.316935,5201.5,5201.5,1648.54,8.5569,2143.1,LOW
POL000925,0,0,0.6566,0.548494,7401.13,7401.13,4059.47,8.9095,5277.31,MODERATE
POL000926,0,0,0.5,0.367476,10427.06,10427.06,3831.7,9.2523,4981.2,MODERATE
POL000927,0,0,0.5,0.170688,11931.93,11931.93,2036.64,9.3871,2647.63,MODERATE
POL000928,0,0,1.0,0.150629,6421.56,6421.56,967.27,8.7676,1257.45,LOW
POL000929,0,0,0.779,0.365571,4729.86,4729.86,1729.1,8.4619,2247.83,LOW
POL000930,0,0,0.5,0.862522,4476.55,4476.55,3861.12,8.4068,5019.46,MODERATE
POL000931,1,5683,1.0,0.904189,10009.33,10009.33,9050.33,9.2114,11765.43,HIGH
POL000932,0,0,1.0,0.215058,5893.4,5893.4,1267.42,8.6818,1647.65,LOW
POL000933,0,0,0.6563,0.245505,4189.66,4189.66,1028.58,8.3406,1337.16,LOW
POL000934,1,13965,0.1331,0.792924,19816.53,19816.53,15713.0,9.8943,20426.91,VERY_HIGH
POL000935,0,0,1.0,0.362575,10530.9,10530.9,3818.24,9.2622,4963.72,MODERATE
POL000936,0,0,0.25,0.285363,4912.77,4912.77,1401.93,8.4998,1822.5,LOW
POL000937,0,0,1.0,0.720222,8028.09,8028.09,5782.01,8.9908,7516.61,HIGH
POL000938,0,0,1.0,0.246265,8742.97,8742.97,2153.09,9.0761,2799.01,MODERATE
POL000939,0,0,0.406,0.411544,5340.19,5340.19,2197.73,8.5832,2857.04,MODERATE
POL000940,0,0,0.25,0.460146,10890.51,10890.51,5011.23,9.2957,6514.6,MODERATE
POL000941,1,13933,0.3245,0.495713,7989.64,7989.64,3960.57,8.986,5148.74,MODERATE
POL000942,0,0,0.2642,0.247262,23033.34,23033.34,5695.27,10.0447,7403.86,HIGH
POL000943,0,0,0.5139,0.373728,19546.32,19546.32,7305.01,9.8806,9496.51,HIGH
POL000944,0,0,0.5344,0.371281,10235.12,10235.12,3800.11,9.2337,4940.14,MODERATE
POL000945,0,0,0.3911,0.198515,16520.19,16520.19,3279.5,9.7124,4263.36,MODERATE
POL000946,0,0,1.0,0.268869,8123.58,8123.58,2184.18,9.0026,2839.43,MODERATE
POL000947,0,0,0.25,0.613414,12141.17,12141.17,7447.56,9.4044,9681.83,HIGH
POL000948,1,3984,0.8889,0.751146,6856.81,6856.81,5150.47,8.8331,6695.61,MODERATE
POL000949,0,0,1.0,0.288613,4329.87,4329.87,1249.66,8.3735,1624.55,LOW
POL000950,0,0,1.0,0.594974,10170.18,10170.18,6050.99,9.2273,7866.28,HIGH
POL000951,0,0,0.5708,0.46931,9122.37,9122.37,4281.22,9.1186,5565.58,MODERATE
POL000952,0,0,0.5913,0.500871,12502.46,12502.46,6262.12,9.4338,8140.76,HIGH
POL000953,0,0,0.1849,0.3042,44407.54,44407.54,13508.78,10.7012,17561.41,VERY_HIGH
POL000954,0,0,0.8509,0.355904,4696.87,4696.87,1671.64,8.4549,2173.13,LOW
POL000955,0,0,1.0,0.783938,4444.63,4444.63,3484.31,8.3997,4529.61,MODERATE
POL000956,1,12914,0.7445,0.664801,12920.08,12920.08,8589.28,9.4666,11166.06,HIGH
POL000957,0,0,0.2017,0.710624,22323.36,22323.36,15863.52,10.0134,20622.58,VERY_HIGH
POL000958,0,0,0.8061,0.394915,13574.46,13574.46,5360.76,9.516,6968.99,MODERATE
POL000959,0,0,0.5,0.261442,2973.05,2973.05,777.28,7.9977,1010.46,LOW
POL000960,1,6254,0.5,0.865844,4461.74,4461.74,3863.17,8.4035,5022.12,MODERATE
POL000961,0,0,0.5,0.543941,8091.03,8091.03,4401.04,8.9986,5721.35,MODERATE
POL000962,1,1637,1.0,0.381683,4154.64,4154.64,1585.75,8.3322,2061.48,LOW
POL000963,0,0,0.6618,0.200865,10795.75,10795.75,2168.49,9.287,2819.04,MODERATE
POL000964,0,0,0.7327,0.627616,4768.58,4768.58,2992.84,8.47,3890.69,MODERATE
POL000965,0,0,0.9387,0.456717,10378.13,10378.13,4739.87,9.2476,6161.83,MODERATE
POL000966,0,0,0.2414,0.308627,3621.06,3621.06,1117.55,8.1948,1452.82,LOW
POL000967,0,0,0.25,0.532688,8222.59,8222.59,4380.07,9.0148,5694.1,MODERATE
POL000968,0,0,0.25,0.296646,14205.82,14205.82,4214.09,9.5615,5478.32,MODERATE
POL000969,0,0,1.0,0.349108,9883.34,9883.34,3450.35,9.1987,4485.46,MODERATE
POL000970,0,0,1.0,0.236225,12540.22,12540.22,2962.32,9.4368,3851.01,MODERATE
POL000971,0,0,0.5,0.393168,15539.73,15539.73,6109.73,9.6512,7942.65,HIGH
POL000972,1,1096702,0.1988,0.809491,95398.02,95398.02,77223.87,11.4658,100391.03,VERY_HIGH
POL000973,0,0,0.25,0.542299,7535.04,7535.04,4086.24,8.9275,5312.12,MODERATE
POL000974,0,0,0.5,0.458673,11705.41,11705.41,5368.95,9.3679,6979.64,MODERATE
POL000975,0,0,0.5,0.382401,3489.5,3489.5,1334.39,8.1578,1734.7,LOW
POL000976,0,0,0.8188,0.406598,4295.75,4295.75,1746.64,8.3656,2270.63,LOW
POL000977,1,3158,1.0,0.887429,6137.65,6137.65,5446.73,8.7224,7080.75,MODERATE
POL000978,0,0,0.3412,0.465823,15972.95,15972.95,7440.56,9.6787,9672.73,HIGH
POL000979,0,0,0.5,0.444931,6534.15,6534.15,2907.24,8.785,3779.41,MODERATE
POL000980,0,0,0.7278,0.559089,8198.48,8198.48,4583.68,9.0118,5958.78,MODERATE
POL000981,0,0,0.841,0.473111,11757.93,11757.93,5562.81,9.3724,7231.65,HIGH
POL000982,0,0,0.5768,0.159706,15058.4,15058.4,2404.92,9.6198,3126.4,MODERATE
POL000983,0,0,1.0,0.638088,7026.0,7026.0,4483.21,8.8575,5828.17,MODERATE
POL000984,0,0,0.9715,0.382792,11999.41,11999.41,4593.28,9.3927,5971.26,MODERATE
POL000985,0,0,0.3309,0.724481,8114.97,8114.97,5879.14,9.0016,7642.88,HIGH
POL000986,0,0,0.5,0.523907,5095.93,5095.93,2669.79,8.5364,3470.73,MODERATE
POL000987,0,0,0.1221,0.322914,16162.99,16162.99,5219.25,9.6905,6785.03,MODERATE
POL000988,0,0,1.0,0.206308,15029.44,15029.44,3100.7,9.6178,4030.91,MODERATE
POL000989,1,10560,0.7932,0.914087,20760.18,20760.18,18976.62,9.9408,24669.6,VERY_HIGH
POL000990,0,0,0.6615,0.685308,7210.08,7210.08,4941.13,8.8834,6423.46,MODERATE
POL000991,0,0,0.5,0.415793,26496.84,26496.84,11017.19,10.1848,14322.34,HIGH
POL000992,0,0,1.0,0.478575,6017.28,6017.28,2879.72,8.7026,3743.64,MODERATE
POL000993,0,0,0.7683,0.152964,13546.26,13546.26,2072.09,9.5139,2693.72,MODERATE
POL000994,0,0,0.25,0.226122,5814.9,5814.9,1314.88,8.6684,1709.34,LOW
POL000995,0,0,0.5,0.434061,10230.15,10230.15,4440.5,9.2332,5772.66,MODERATE
POL000996,0,0,0.25,0.293825,4360.48,4360.48,1281.22,8.3806,1665.58,LOW
POL000997,0,0,0.6261,0.459263,35451.72,35451.72,16281.66,10.476,21166.15,VERY_HIGH
POL000998,0,0,1.0,0.438502,5162.74,5162.74,2263.87,8.5494,2943.03,MODERATE
POL000999,0,0,0.7595,0.358712,16486.76,16486.76,5914.0,9.7104,7688.2,HIGH
POL001000,0,0,0.25,0.34201,3938.56,3938.56,1347.03,8.2788,1751.14,LOW
POL001001,0,0,0.3569,0.254647,20275.72,20275.72,5163.16,9.9172,6712.1,MODERATE
POL001002,0,0,1.0,0.206601,10628.65,10628.65,2195.89,9.2714,2854.65,MODERATE
POL001003,0,0,0.4748,0.341133,18792.95,18792.95,6410.89,9.8413,8334.15,HIGH
POL001004,0,0,1.0,0.167763,6209.31,6209.31,1041.69,8.734,1354.2,LOW
POL001005,0,0,0.5482,0.510422,5411.18,5411.18,2761.98,8.5964,3590.58,MODERATE
POL001006,0,0,0.25,0.74062,14096.2,14096.2,10439.92,9.5537,13571.9,HIGH
POL001007,0,0,0.553,0.449114,10685.07,10685.07,4798.82,9.2767,6238.46,MODERATE
POL001008,0,0,0.5,0.852877,11659.47,11659.47,9944.09,9.364,12927.32,HIGH
POL001009,0,0,0.5,0.281699,5236.11,5236.11,1475.01,8.5635,1917.51,LOW
POL001010,0,0,0.5,0.152706,3333.5,3333.5,509.05,8.1121,661.76,LOW
POL001011,0,0,0.5755,0.470225,4637.84,4637.84,2180.83,8.4422,2835.08,MODERATE
POL001012,1,5451,1.0,0.261174,2613.87,2613.87,682.67,7.869,887.47,LOW
POL001013,0,0,0.2139,0.666135,17362.03,17362.03,11565.46,9.7621,15035.1,HIGH
POL001014,0,0,0.5,0.317761,4683.84,4683.84,1488.34,8.4521,1934.85,LOW
POL001015,0,0,0.5,0.81618,5123.83,5123.83,4181.97,8.5419,5436.56,MODERATE
POL001016,0,0,0.5,0.415503,8427.61,8427.61,3501.7,9.0394,4552.21,MODERATE
POL001017,1,5808,0.9385,0.266234,11928.22,11928.22,3175.7,9.3867,4128.4,MODERATE
POL001018,0,0,0.6492,0.780161,23674.22,23674.22,18469.69,10.0722,24010.6,VERY_HIGH
POL001019,0,0,1.0,0.185609,5545.52,5545.52,1029.3,8.6209,1338.09,LOW
POL001020,0,0,0.882,0.72929,23098.93,23098.93,16845.83,10.0476,21899.57,VERY_HIGH
POL001021,0,0,0.5,0.262887,3912.7,3912.7,1028.6,8.2722,1337.18,LOW
POL001022,0,0,0.3146,0.298417,8291.38,8291.38,2474.29,9.0231,3216.58,MODERATE
POL001023,0,0,0.8173,0.698163,10692.42,10692.42,7465.05,9.2774,9704.57,HIGH
POL001024,0,0,0.9642,0.17812,4856.37,4856.37,865.01,8.4883,1124.52,LOW
POL001025,0,0,0.1243,0.216482,13724.7,13724.7,2971.15,9.527,3862.49,MODERATE
POL001026,0,0,0.3137,0.361108,10194.91,10194.91,3681.46,9.2297,4785.9,MODERATE
POL001027,1,2335,0.25,0.399151,5434.79,5434.79,2169.3,8.6008,2820.09,MODERATE
POL001028,1,6113,0.4734,0.601335,5914.02,5914.02,3556.31,8.6853,4623.2,MODERATE
POL001029,0,0,1.0,0.35735,7316.86,7316.86,2614.68,8.8981,3399.08,MODERATE
POL001030,0,0,0.6813,0.303752,45322.63,45322.63,13766.85,10.7216,17896.9,VERY_HIGH
POL001031,1,10432,0.5,0.287141,4214.91,4214.91,1210.27,8.3466,1573.36,LOW
POL001032,0,0,0.1821,0.319242,11899.31,11899.31,3798.75,9.3843,4938.38,MODERATE
POL001033,0,0,0.25,0.287383,12165.72,12165.72,3496.22,9.4065,4545.08,MODERATE
POL001034,0,0,1.0,0.619437,5140.95,5140.95,3184.49,8.5452,4139.84,MODERATE
POL001035,0,0,1.0,0.390951,8328.66,8328.66,3256.1,9.0276,4232.93,MODERATE
POL001036,1,12917,0.6948,0.555682,6483.21,6483.21,3602.6,8.7771,4683.38,MODERATE
POL001037,0,0,1.0,0.623511,8309.28,8309.28,5180.93,9.0252,6735.21,MODERATE
POL001038,0,0,0.7097,0.581803,4015.64,4015.64,2336.31,8.2982,3037.21,MODERATE
POL001039,1,11450,0.5,0.86002,13361.11,13361.11,11490.82,9.5002,14938.07,HIGH
POL001040,0,0,1.0,0.193764,3477.73,3477.73,673.86,8.1544,876.01,LOW
POL001041,0,0,0.3385,0.583998,29735.12,29735.12,17365.26,10.3001,22574.83,VERY_HIGH
POL001042,1,3776,0.5,0.321294,6554.09,6554.09,2105.79,8.788,2737.53,MODERATE
POL001043,0,0,0.5,0.672347,13898.65,13898.65,9344.71,9.5396,12148.12,HIGH
POL001044,0,0,1.0,0.63706,21299.83,21299.83,13569.27,9.9665,17640.06,VERY_HIGH
POL001045,0,0,0.428,0.595183,16257.47,16257.47,9676.17,9.6964,12579.02,HIGH
POL001046,0,0,0.2272,0.282502,9690.78,9690.78,2737.66,9.179,3558.96,MODERATE
POL001047,0,0,0.25,0.255438,8334.77,8334.77,2129.02,9.0283,2767.72,MODERATE
POL001048,0,0,0.7187,0.393515,14403.92,14403.92,5668.16,9.5753,7368.6,HIGH
POL001049,0,0,0.5,0.551512,86109.26,86109.26,47490.25,11.3634,61737.33,VERY_HIGH
POL001050,0,0,0.25,0.356391,5048.3,5048.3,1799.17,8.527,2338.92,LOW
POL001051,1,14149,0.5,0.526679,22325.03,22325.03,11758.13,10.0135,15285.57,HIGH
POL001052,0,0,1.0,0.176764,5439.72,5439.72,961.54,8.6017,1250.01,LOW
POL001053,0,0,0.5882,0.370191,19080.47,19080.47,7063.42,9.8565,9182.44,HIGH
POL001054,0,0,0.8618,0.501966,16049.15,16049.15,8056.12,9.6835,10472.96,HIGH
POL001055,0,0,1.0,0.764788,9258.85,9258.85,7081.05,9.1334,9205.37,HIGH
POL001056,0,0,0.5,0.213456,16067.97,16067.97,3429.81,9.6846,4458.75,MODERATE
POL001057,1,4151,0.3758,0.633418,11475.23,11475.23,7268.62,9.348,9449.21,HIGH
POL001058,0,0,1.0,0.821253,5060.79,5060.79,4156.19,8.5295,5403.05,MODERATE
POL001059,0,0,0.25,0.301808,30830.9,30830.9,9305.02,10.3363,12096.53,HIGH
POL001060,0,0,0.5,0.458295,4222.93,4222.93,1935.35,8.3485,2515.95,MODERATE
POL001061,0,0,0.5713,0.384596,19691.34,19691.34,7573.21,9.888,9845.18,HIGH
POL001062,0,0,0.8535,0.196818,9382.54,9382.54,1846.65,9.1467,2400.65,MODERATE
POL001063,0,0,0.25,0.786578,9660.61,9660.61,7598.82,9.1759,9878.47,HIGH
POL001064,0,0,0.25,0.642021,6390.21,6390.21,4102.65,8.7627,5333.44,MODERATE
POL001065,0,0,1.0,0.695564,3654.75,3654.75,2542.11,8.2041,3304.75,MODERATE
POL001066,0,0,1.0,0.43501,5740.6,5740.6,2497.22,8.6555,3246.38,MODERATE
POL001067,0,0,0.6898,0.525891,7763.91,7763.91,4082.97,8.9574,5307.87,MODERATE
POL001068,0,0,0.5905,0.41133,5505.21,5505.21,2264.46,8.6136,2943.79,MODERATE
POL001069,0,0,0.4112,0.404073,6452.77,6452.77,2607.39,8.7724,3389.61,MODERATE
POL001070,0,0,0.4693,0.849588,13828.0,13828.0,11748.1,9.5345,15272.54,HIGH
POL001071,0,0,0.68,0.240842,4568.92,4568.92,1100.39,8.4273,1430.51,LOW
POL001072,0,0,1.0,0.730589,3734.03,3734.03,2728.04,8.2255,3546.45,MODERATE
POL001073,0,0,1.0,0.292324,3029.64,3029.64,885.64,8.0165,1151.33,LOW
POL001074,0,0,1.0,0.219521,3638.91,3638.91,798.82,8.1997,1038.46,LOW
POL001075,0,0,0.25,0.237048,4329.39,4329.39,1026.27,8.3734,1334.15,LOW
POL001076,0,0,0.5,0.756915,7950.53,7950.53,6017.88,8.9811,7823.24,HIGH
POL001077,0,0,0.8818,0.292299,4465.38,4465.38,1305.23,8.4043,1696.8,LOW
POL001078,0,0,0.1219,0.527039,6762.31,6762.31,3564.0,8.8193,4633.2,MODERATE
POL001079,0,0,1.0,0.224958,4849.09,4849.09,1090.84,8.4868,1418.09,LOW
POL001080,0,0,0.4995,0.492786,52837.61,52837.61,26037.64,10.875,33848.93,VERY_HIGH
POL001081,0,0,0.5,0.824231,15782.58,15782.58,13008.49,9.6667,16911.04,VERY_HIGH
POL001082,0,0,0.4584,0.36182,10222.97,10222.97,3698.88,9.2325,4808.54,MODERATE
POL001083,1,3902,0.7485,0.358562,3452.86,3452.86,1238.07,8.1472,1609.49,LOW
POL001084,0,0,1.0,0.374616,23869.42,23869.42,8941.87,10.0804,11624.43,HIGH
POL001085,0,0,1.0,0.268786,4546.48,4546.48,1222.03,8.4223,1588.64,LOW
POL001086,0,0,0.9621,0.454175,4823.52,4823.52,2190.72,8.4815,2847.94,MODERATE
POL001087,0,0,1.0,0.855987,38456.45,38456.45,32918.2,10.5573,42793.67,VERY_HIGH
POL001088,0,0,0.7243,0.280615,10985.53,10985.53,3082.7,9.3044,4007.51,MODERATE
POL001089,0,0,0.5726,0.422798,8067.57,8067.57,3410.96,8.9957,4434.24,MODERATE
POL001090,0,0,0.8586,0.400243,95778.63,95778.63,38334.76,11.4698,49835.18,VERY_HIGH
POL001091,0,0,0.267,0.75732,44697.34,44697.34,33850.19,10.7077,44005.25,VERY_HIGH
POL001092,0,0,0.5,0.544446,7278.14,7278.14,3962.55,8.8928,5151.31,MODERATE
POL001093,0,0,0.5,0.318173,7607.95,7607.95,2420.64,8.9371,3146.83,MODERATE
POL001094,0,0,0.9298,0.367081,6263.99,6263.99,2299.39,8.7427,2989.21,MODERATE
POL001095,0,0,0.8488,0.450169,12645.86,12645.86,5692.78,9.4452,7400.61,HIGH
POL001096,0,0,1.0,0.290112,6321.37,6321.37,1833.91,8.7519,2384.08,MODERATE
POL001097,0,0,0.1816,0.335381,14302.0,14302.0,4796.61,9.5682,6235.6,MODERATE
POL001098,0,0,1.0,0.39692,7452.32,7452.32,2957.97,8.9164,3845.36,MODERATE
POL001099,0,0,1.0,0.287968,11129.07,11129.07,3204.81,9.3174,4166.25,MODERATE
POL001100,1,6461,1.0,0.749003,9478.57,9478.57,7099.47,9.1569,9229.31,HIGH
POL001101,0,0,0.5,0.590386,6460.92,6460.92,3814.44,8.7737,4958.77,MODERATE
POL001102,0,0,0.5,0.51163,5747.93,5747.93,2940.81,8.6568,3823.06,MODERATE
POL001103,0,0,0.25,0.499543,8780.78,8780.78,4386.38,9.0804,5702.29,MODERATE
POL001104,0,0,0.5,0.243801,8328.68,8328.68,2030.54,9.0276,2639.7,MODERATE
POL001105,0,0,1.0,0.135455,6202.34,6202.34,840.14,8.7328,1092.18,LOW
POL001106,0,0,0.4408,0.497613,2876.07,2876.07,1431.17,7.9645,1860.52,LOW
POL001107,0,0,0.4623,0.287807,8732.58,8732.58,2513.3,9.0749,3267.29,MODERATE
POL001108,0,0,1.0,0.484616,6529.47,6529.47,3164.28,8.7842,4113.57,MODERATE
POL001109,1,2143,1.0,0.441053,5438.09,5438.09,2398.48,8.6014,3118.03,MODERATE
POL001110,0,0,0.5897,0.623068,3977.15,3977.15,2478.04,8.2886,3221.45,MODERATE
POL001111,0,0,0.4257,0.423078,10897.94,10897.94,4610.68,9.2964,5993.88,MODERATE
POL001112,0,0,0.4975,0.135965,4442.42,4442.42,604.01,8.3992,785.22,LOW
POL001113,0,0,0.5,0.510674,6304.32,6304.32,3219.45,8.7491,4185.28,MODERATE
POL001114,0,0,1.0,0.196143,4804.25,4804.25,942.32,8.4775,1225.02,LOW
POL001115,0,0,0.8967,0.31896,15933.6,15933.6,5082.18,9.6762,6606.83,MODERATE
POL001116,0,0,1.0,0.780465,6453.85,6453.85,5037.01,8.7726,6548.11,MODERATE
POL001117,0,0,0.5,0.741612,24989.35,24989.35,18532.4,10.1262,24092.12,VERY_HIGH
POL001118,0,0,0.1894,0.178409,27377.67,27377.67,4884.43,10.2175,6349.76,MODERATE
POL001119,0,0,0.6101,0.349545,4254.35,4254.35,1487.08,8.3559,1933.21,LOW
POL001120,0,0,1.0,0.122269,19138.14,19138.14,2340.0,9.8595,3042.0,MODERATE
POL001121,0,0,0.9984,0.397118,6776.67,6776.67,2691.14,8.8214,3498.48,MODERATE
POL001122,0,0,1.0,0.274154,7272.62,7272.62,1993.81,8.892,2591.96,MODERATE
POL001123,0,0,1.0,0.377464,37966.84,37966.84,14331.12,10.5445,18630.45,VERY_HIGH
POL001124,0,0,0.2722,0.427346,10733.05,10733.05,4586.73,9.2812,5962.75,MODERATE
POL001125,0,0,0.6237,0.473955,9722.01,9722.01,4607.79,9.1823,5990.13,MODERATE
POL001126,0,0,0.7719,0.626628,17846.71,17846.71,11183.24,9.7896,14538.21,HIGH
POL001127,1,2346,0.5,0.622785,3965.07,3965.07,2469.39,8.2855,3210.21,MODERATE
POL001128,0,0,0.2114,0.222903,14233.74,14233.74,3172.74,9.5634,4124.56,MODERATE
POL001129,0,0,1.0,0.345905,4855.14,4855.14,1679.41,8.488,2183.24,LOW
POL001130,0,0,0.1624,0.696704,12757.67,12757.67,8888.32,9.454,11554.81,HIGH
POL001131,0,0,0.275,0.567832,33772.01,33772.01,19176.84,10.4274,24929.89,VERY_HIGH
POL001132,0,0,1.0,0.25473,5890.06,5890.06,1500.38,8.6812,1950.49,LOW
POL001133,0,0,1.0,0.526826,6971.07,6971.07,3672.54,8.8497,4774.31,MODERATE
POL001134,0,0,1.0,0.218301,5604.5,5604.5,1223.47,8.6315,1590.51,LOW
POL001135,0,0,0.25,0.472094,16011.14,16011.14,7558.77,9.6811,9826.4,HIGH
POL001136,0,0,0.5,0.226698,4878.26,4878.26,1105.89,8.4927,1437.66,LOW
POL001137,0,0,1.0,0.224112,9777.96,9777.96,2191.35,9.188,2848.76,MODERATE
POL001138,0,0,0.7468,0.533388,11374.24,11374.24,6066.88,9.3392,7886.95,HIGH
POL001139,1,5392,0.906,0.225293,7217.93,7217.93,1626.15,8.8845,2113.99,LOW
POL001140,0,0,0.25,0.615704,16357.86,16357.86,10071.59,9.7025,13093.07,HIGH
POL001141,0,0,0.2248,0.380335,20742.55,20742.55,7889.12,9.94,10255.85,HIGH
POL001142,0,0,0.9622,0.620773,8912.24,8912.24,5532.47,9.0953,7192.22,HIGH
POL001143,1,2950,1.0,0.407306,4038.78,4038.78,1645.02,8.3039,2138.52,LOW
POL001144,0,0,1.0,0.260259,5108.0,5108.0,1329.4,8.5388,1728.22,LOW
POL001145,0,0,1.0,0.49333,19069.79,19069.79,9407.7,9.8559,12230.01,HIGH
POL001146,0,0,0.2592,0.575856,40724.85,40724.85,23451.65,10.6146,30487.15,VERY_HIGH
POL001147,0,0,0.7994,0.344247,3850.84,3850.84,1325.64,8.2563,1723.33,LOW
POL001148,0,0,0.3451,0.210841,12860.39,12860.39,2711.5,9.462,3524.95,MODERATE
POL001149,0,0,0.5728,0.720524,14636.11,14636.11,10545.67,9.5913,13709.36,HIGH
POL001150,0,0,0.6355,0.743946,16969.95,16969.95,12624.72,9.7393,16412.14,VERY_HIGH
POL001151,0,0,0.4225,0.152576,8368.15,8368.15,1276.78,9.0323,1659.82,LOW
POL001152,0,0,0.1649,0.66375,15825.59,15825.59,10504.23,9.6694,13655.5,HIGH
POL001153,0,0,0.25,0.603188,12403.82,12403.82,7481.83,9.4258,9726.38,HIGH
POL001154,0,0,0.131,0.754388,11652.76,11652.76,8790.7,9.3634,11427.91,HIGH
POL001155,0,0,0.25,0.428324,5118.54,5118.54,2192.39,8.5408,2850.11,MODERATE
POL001156,0,0,1.0,0.380788,15079.1,15079.1,5741.94,9.6211,7464.52,HIGH
POL001157,1,25060,0.2575,0.898205,10875.53,10875.53,9768.45,9.2944,12698.99,HIGH
POL001158,0,0,0.4549,0.541615,90740.42,90740.42,49146.38,11.4158,63890.3,VERY_HIGH
POL001159,0,0,1.0,0.537332,19219.16,19219.16,10327.06,9.8637,13425.18,HIGH
POL001160,0,0,0.3942,0.323829,6182.81,6182.81,2002.17,8.7297,2602.82,MODERATE
POL001161,0,0,0.5,0.136126,7746.44,7746.44,1054.49,8.9551,1370.84,LOW
POL001162,1,5127,1.0,0.398681,5878.61,5878.61,2343.69,8.6792,3046.8,MODERATE
POL001163,0,0,0.25,0.448181,11313.1,11313.1,5070.31,9.3338,6591.41,MODERATE
POL001164,0,0,1.0,0.338796,11790.6,11790.6,3994.61,9.3751,5192.99,MODERATE
POL001165,0,0,0.5,0.575055,12081.77,12081.77,6947.68,9.3995,9031.99,HIGH
POL001166,0,0,0.7657,0.708049,5297.9,5297.9,3751.17,8.5753,4876.52,MODERATE
POL001167,0,0,1.0,0.45213,11625.12,11625.12,5256.07,9.361,6832.89,MODERATE
POL001168,0,0,0.25,0.41527,3484.74,3484.74,1447.11,8.1564,1881.24,LOW
POL001169,0,0,0.25,0.584833,12934.53,12934.53,7564.54,9.4677,9833.9,HIGH
POL001170,0,0,0.25,0.337141,9238.94,9238.94,3114.83,9.1313,4049.28,MODERATE
POL001171,0,0,0.5,0.677056,11673.12,11673.12,7903.36,9.3651,10274.37,HIGH
POL001172,0,0,0.25,0.410157,8409.43,8409.43,3449.18,9.0372,4483.94,MODERATE
POL001173,0,0,1.0,0.586549,8308.73,8308.73,4873.48,9.0252,6335.53,MODERATE
POL001174,0,0,0.5664,0.506865,5917.01,5917.01,2999.13,8.6858,3898.87,MODERATE
POL001175,0,0,1.0,0.575794,15679.07,15679.07,9027.91,9.6601,11736.29,HIGH
POL001176,0,0,0.1788,0.361808,18559.53,18559.53,6714.99,9.8288,8729.49,HIGH
POL001177,0,0,0.954,0.43384,5899.58,5899.58,2559.48,8.6828,3327.32,MODERATE
POL001178,0,0,0.5714,0.81234,14889.23,14889.23,12095.12,9.6085,15723.65,VERY_HIGH
POL001179,0,0,0.5,0.735185,5495.56,5495.56,4040.26,8.6119,5252.33,MODERATE
POL001180,0,0,0.7455,0.287036,6943.96,6943.96,1993.17,8.8458,2591.12,MODERATE
POL001181,0,0,0.8856,0.150717,3474.67,3474.67,523.69,8.1535,680.8,LOW
POL001182,1,20112,0.3327,0.608755,10949.7,10949.7,6665.68,9.3012,8665.39,HIGH
POL001183,0,0,0.5,0.201128,6157.0,6157.0,1238.34,8.7255,1609.85,LOW
POL001184,0,0,1.0,0.491308,8867.91,8867.91,4356.88,9.0903,5663.94,MODERATE
POL001185,0,0,0.5,0.172378,13381.98,13381.98,2306.76,9.5017,2998.79,MODERATE
POL001186,0,0,1.0,0.307111,7632.12,7632.12,2343.91,8.9403,3047.08,MODERATE
POL001187,0,0,0.444,0.257226,5164.87,5164.87,1328.54,8.5498,1727.1,LOW
POL001188,0,0,1.0,0.202102,8510.65,8510.65,1720.02,9.0492,2236.03,LOW
POL001189,0,0,1.0,0.163847,5453.44,5453.44,893.53,8.6042,1161.59,LOW
POL001190,0,0,0.5,0.304588,14669.61,14669.61,4468.18,9.5936,5808.63,MODERATE
POL001191,0,0,0.917,0.192315,4878.16,4878.16,938.14,8.4927,1219.59,LOW
POL001192,0,0,1.0,0.546729,5104.97,5104.97,2791.03,8.5382,3628.34,MODERATE
POL001193,0,0,0.5,0.449753,6356.31,6356.31,2858.77,8.7574,3716.4,MODERATE
POL001194,1,3681,0.25,0.405082,6827.77,6827.77,2765.81,8.8289,3595.55,MODERATE
POL001195,0,0,0.2171,0.247635,11083.22,11083.22,2744.6,9.3133,3567.98,MODERATE
POL001196,0,0,0.4725,0.282915,7772.83,7772.83,2199.05,8.9585,2858.77,MODERATE
POL001197,0,0,1.0,0.736967,28798.14,28798.14,21223.29,10.2681,27590.28,VERY_HIGH
POL001198,1,16130,0.5339,0.482629,19626.82,19626.82,9472.48,9.8847,12314.22,HIGH
POL001199,0,0,0.3418,0.567277,15088.82,15088.82,8559.55,9.6218,11127.41,HIGH
POL001200,0,0,0.9039,0.773853,10146.35,10146.35,7851.79,9.225,10207.33,HIGH
POL001201,0,0,0.25,0.159517,4791.14,4791.14,764.27,8.4747,993.55,LOW
POL001202,0,0,0.25,0.292001,4343.17,4343.17,1268.21,8.3766,1648.67,LOW
POL001203,1,52292,0.655,0.353112,17843.2,17843.2,6300.65,9.7894,8190.84,HIGH
POL001204,1,3128,1.0,0.623415,9955.83,9955.83,6206.61,9.206,8068.59,HIGH
POL001205,0,0,0.5,0.894462,6370.97,6370.97,5698.59,8.7597,7408.17,HIGH
POL001206,0,0,0.5,0.700747,6729.96,6729.96,4716.0,8.8145,6130.8,MODERATE
POL001207,0,0,0.5531,0.432032,14905.49,14905.49,6439.64,9.6096,8371.53,HIGH
POL001208,0,0,0.3114,0.356365,15196.93,15196.93,5415.65,9.6289,7040.34,MODERATE
POL001209,1,11060,1.0,0.49894,6604.76,6604.76,3295.38,8.7957,4283.99,MODERATE
POL001210,0,0,1.0,0.177592,3508.3,3508.3,623.05,8.1632,809.96,LOW
POL001211,0,0,1.0,0.669137,11148.2,11148.2,7459.68,9.3191,9697.58,HIGH
POL001212,0,0,0.3737,0.278277,13609.3,13609.3,3787.15,9.5186,4923.29,MODERATE
POL001213,0,0,0.2363,0.521398,21306.51,21306.51,11109.17,9.9668,14441.92,HIGH
POL001214,0,0,0.5,0.3068,13331.55,13331.55,4090.11,9.498,5317.15,MODERATE
POL001215,1,5159,0.7444,0.644676,8416.05,8416.05,5425.62,9.038,7053.31,MODERATE
POL001216,0,0,1.0,0.177769,4534.05,4534.05,806.01,8.4196,1047.82,LOW
POL001217,0,0,0.432,0.214637,15111.03,15111.03,3243.39,9.6232,4216.4,MODERATE
POL001218,0,0,0.2878,0.241658,10269.74,10269.74,2481.77,9.2371,3226.3,MODERATE
POL001219,0,0,0.4846,0.576429,15435.36,15435.36,8897.39,9.6445,11566.61,HIGH
POL001220,0,0,0.763,0.198363,15158.88,15158.88,3006.96,9.6264,3909.05,MODERATE
POL001221,0,0,1.0,0.427793,5375.02,5375.02,2299.4,8.5897,2989.21,MODERATE
POL001222,0,0,0.3047,0.253954,17097.39,17097.39,4341.96,9.7467,5644.55,MODERATE
POL001223,0,0,0.53,0.607034,9254.22,9254.22,5617.62,9.1329,7302.91,HIGH
POL001224,1,15976,0.2423,0.669635,45594.3,45594.3,30531.54,10.7276,39691.0,VERY_HIGH
POL001225,0,0,1.0,0.327772,3315.76,3315.76,1086.81,8.1067,1412.85,LOW
POL001226,0,0,1.0,0.54971,10010.19,10010.19,5502.7,9.2115,7153.51,HIGH
POL001227,0,0,1.0,0.686889,7988.04,7988.04,5486.9,8.9858,7132.97,MODERATE
POL001228,0,0,0.9816,0.821102,5318.02,5318.02,4366.63,8.579,5676.62,MODERATE
POL001229,1,18848,1.0,0.458273,3472.99,3472.99,1591.58,8.1531,2069.05,LOW
POL001230,0,0,0.1959,0.472609,10478.72,10478.72,4952.34,9.2572,6438.04,MODERATE
POL001231,0,0,0.8259,0.481692,15334.93,15334.93,7386.7,9.638,9602.72,HIGH
POL001232,0,0,0.8636,0.424415,4248.24,4248.24,1803.02,8.3545,2343.92,MODERATE
POL001233,0,0,0.5633,0.494426,13191.11,13191.11,6522.03,9.4874,8478.64,HIGH
POL001234,0,0,0.1277,0.244388,16527.13,16527.13,4039.04,9.7128,5250.75,MODERATE
POL001235,0,0,0.4075,0.410205,20053.75,20053.75,8226.16,9.9062,10694.0,HIGH
POL001236,0,0,1.0,0.522108,4569.98,4569.98,2386.02,8.4275,3101.82,MODERATE
POL001237,0,0,0.4563,0.483907,79724.62,79724.62,38579.27,11.2863,50153.05,VERY_HIGH
POL001238,0,0,1.0,0.761994,7941.47,7941.47,6051.35,8.98,7866.76,HIGH
POL001239,0,0,1.0,0.631636,5405.48,5405.48,3414.3,8.5954,4438.58,MODERATE
POL001240,0,0,1.0,0.54002,6135.14,6135.14,3313.1,8.722,4307.03,MODERATE
POL001241,0,0,0.5,0.496899,38265.76,38265.76,19014.2,10.5523,24718.46,VERY_HIGH
POL001242,0,0,1.0,0.794931,6377.76,6377.76,5069.88,8.7607,6590.84,MODERATE
POL001243,0,0,1.0,0.52825,4808.75,4808.75,2540.22,8.4784,3302.29,MODERATE
POL001244,0,0,1.0,0.365839,9081.25,9081.25,3322.28,9.1141,4318.96,MODERATE
POL001245,0,0,1.0,0.542271,5190.64,5190.64,2814.73,8.5548,3659.15,MODERATE
POL001246,0,0,0.5,0.473879,13712.35,13712.35,6498.0,9.5261,8447.4,HIGH
POL001247,0,0,0.2471,0.550188,31848.2,31848.2,17522.49,10.3688,22779.23,VERY_HIGH
POL001248,0,0,1.0,0.461834,4111.22,4111.22,1898.7,8.3217,2468.31,MODERATE
POL001249,0,0,1.0,0.267599,24241.46,24241.46,6486.98,10.0959,8433.07,HIGH
POL001250,1,9034,1.0,0.781202,8323.36,8323.36,6502.23,9.0269,8452.9,HIGH
POL001251,0,0,0.3243,0.572639,29203.78,29203.78,16723.23,10.2821,21740.2,VERY_HIGH
POL001252,0,0,1.0,0.384614,9867.34,9867.34,3795.12,9.1971,4933.65,MODERATE
POL001253,0,0,0.25,0.518325,5069.83,5069.83,2627.82,8.5313,3416.17,MODERATE
POL001254,1,1820,0.8852,0.848266,5084.02,5084.02,4312.6,8.5341,5606.38,MODERATE
POL001255,0,0,1.0,0.372838,3348.34,3348.34,1248.39,8.1165,1622.9,LOW
POL001256,0,0,0.5,0.633513,5887.75,5887.75,3729.96,8.6808,4848.95,MODERATE
POL001257,0,0,1.0,0.266084,6373.01,6373.01,1695.76,8.76,2204.49,LOW
POL001258,0,0,1.0,0.335075,7978.0,7978.0,2673.22,8.9846,3475.19,MODERATE
POL001259,0,0,1.0,0.786235,12734.57,12734.57,10012.36,9.4522,13016.07,HIGH
POL001260,0,0,1.0,0.539083,13550.78,13550.78,7305.0,9.5143,9496.5,HIGH
POL001261,0,0,0.5,0.238155,2866.35,2866.35,682.64,7.9611,887.43,LOW
POL001262,0,0,0.7284,0.147987,3287.84,3287.84,486.56,8.0983,632.53,LOW
POL001263,0,0,0.7083,0.276551,13950.66,13950.66,3858.07,9.5434,5015.48,MODERATE
POL001264,0,0,0.3321,0.566707,11581.77,11581.77,6563.47,9.3573,8532.51,HIGH
POL001265,1,3940,0.5,0.540775,4060.59,4060.59,2195.86,8.3093,2854.62,MODERATE
POL001266,0,0,0.3656,0.690661,18196.88,18196.88,12567.88,9.8091,16338.24,VERY_HIGH
POL001267,0,0,1.0,0.121852,14331.49,14331.49,1746.32,9.5703,2270.21,LOW
POL001268,0,0,0.1429,0.275648,17674.32,17674.32,4871.89,9.7799,6333.45,MODERATE
POL001269,0,0,0.5,0.939469,22115.31,22115.31,20776.64,10.0041,27009.63,VERY_HIGH
POL001270,0,0,0.5,0.603727,4835.94,4835.94,2919.59,8.484,3795.46,MODERATE
POL001271,0,0,0.7299,0.2954,4354.02,4354.02,1286.18,8.3791,1672.03,LOW
POL001272,0,0,0.25,0.575326,8339.02,8339.02,4797.66,9.0288,6236.95,MODERATE
POL001273,0,0,0.9196,0.669066,6408.73,6408.73,4287.87,8.7656,5574.23,MODERATE
POL001274,0,0,1.0,0.446548,5657.75,5657.75,2526.46,8.641,3284.39,MODERATE
POL001275,0,0,0.6982,0.274472,17969.5,17969.5,4932.13,9.7965,6411.76,MODERATE
POL001276,0,0,1.0,0.431957,6304.69,6304.69,2723.36,8.7492,3540.37,MODERATE
POL001277,0,0,1.0,0.272946,4792.81,4792.81,1308.18,8.4751,1700.63,LOW
POL001278,0,0,0.5925,0.540495,5749.63,5749.63,3107.65,8.6571,4039.94,MODERATE
POL001279,0,0,1.0,0.183556,3803.1,3803.1,698.08,8.2438,907.51,LOW
POL001280,0,0,0.5,0.151123,5429.87,5429.87,820.58,8.5999,1066.76,LOW
POL001281,0,0,1.0,0.265307,4592.21,4592.21,1218.34,8.4323,1583.85,LOW
POL001282,0,0,0.5515,0.410906,19067.28,19067.28,7834.86,9.8558,10185.32,HIGH
POL001283,0,0,0.4563,0.798174,15291.58,15291.58,12205.34,9.6351,15866.94,VERY_HIGH
POL001284,0,0,0.3414,0.48569,11351.66,11351.66,5513.39,9.3372,7167.41,HIGH
POL001285,1,10447,1.0,0.780822,5326.42,5326.42,4158.99,8.5806,5406.68,MODERATE
POL001286,0,0,0.3475,0.465329,10300.62,10300.62,4793.18,9.2401,6231.13,MODERATE
POL001287,0,0,0.7846,0.638853,9763.01,9763.01,6237.13,9.1865,8108.27,HIGH
POL001288,0,0,1.0,0.364559,4713.85,4713.85,1718.48,8.4585,2234.02,LOW
POL001289,0,0,1.0,0.239763,4371.46,4371.46,1048.12,8.3831,1362.55,LOW
POL001290,0,0,0.5,0.464923,4622.35,4622.35,2149.04,8.4389,2793.75,MODERATE
POL001291,1,17670,1.0,0.29847,16059.62,16059.62,4793.32,9.6841,6231.31,MODERATE
POL001292,0,0,0.3621,0.311387,3770.91,3770.91,1174.21,8.2353,1526.48,LOW
POL001293,0,0,1.0,0.487879,6036.41,6036.41,2945.03,8.7057,3828.55,MODERATE
POL001294,0,0,0.6903,0.374391,4980.8,4980.8,1864.77,8.5135,2424.2,MODERATE
POL001295,0,0,0.5,0.438855,29970.71,29970.71,13152.79,10.308,17098.62,VERY_HIGH
POL001296,0,0,0.9139,0.529788,3356.16,3356.16,1778.05,8.1189,2311.47,LOW
POL001297,0,0,0.5,0.423253,3937.42,3937.42,1666.52,8.2785,2166.48,LOW
POL001298,1,3934,0.25,0.318505,6552.83,6552.83,2087.11,8.7878,2713.24,MODERATE
POL001299,0,0,0.9108,0.455376,34414.5,34414.5,15671.52,10.4463,20372.98,VERY_HIGH
POL001300,0,0,0.25,0.29027,21246.31,21246.31,6167.17,9.964,8017.33,HIGH
POL001301,0,0,0.5,0.562394,12567.37,12567.37,7067.81,9.4389,9188.16,HIGH
POL001302,0,0,0.2555,0.394426,30973.44,30973.44,12216.73,10.3409,15881.74,VERY_HIGH
POL001303,0,0,0.25,0.39273,51491.04,51491.04,20222.07,10.8492,26288.69,VERY_HIGH
POL001304,0,0,0.1729,0.168975,12216.55,12216.55,2064.29,9.4106,2683.58,MODERATE
POL001305,0,0,1.0,0.429855,4294.13,4294.13,1845.85,8.3652,2399.61,MODERATE
POL001306,0,0,0.8077,0.362737,16809.65,16809.65,6097.49,9.7298,7926.74,HIGH
POL001307,0,0,0.5,0.828122,5138.33,5138.33,4255.16,8.5447,5531.71,MODERATE
POL001308,0,0,1.0,0.344554,6398.16,6398.16,2204.51,8.7639,2865.86,MODERATE
POL001309,0,0,0.3389,0.44829,18710.13,18710.13,8387.57,9.8369,10903.85,HIGH
POL001310,0,0,0.517,0.426428,16346.46,16346.46,6970.59,9.7018,9061.76,HIGH
POL001311,0,0,1.0,0.391146,9333.55,9333.55,3650.78,9.1415,4746.02,MODERATE
POL001312,0,0,1.0,0.531162,17423.47,17423.47,9254.69,9.7656,12031.1,HIGH
POL001313,0,0,0.5851,0.419466,16075.03,16075.03,6742.94,9.6851,8765.82,HIGH
POL001314,1,2433765,1.0,0.684595,32743.12,32743.12,22415.79,10.3965,29140.53,VERY_HIGH
POL001315,0,0,0.6218,0.863987,9967.36,9967.36,8611.67,9.2072,11195.17,HIGH
POL001316,0,0,0.8338,0.311941,11837.34,11837.34,3692.55,9.3791,4800.32,MODERATE
POL001317,0,0,1.0,0.17207,7571.43,7571.43,1302.81,8.9323,1693.66,LOW
POL001318,0,0,1.0,0.155834,4623.74,4623.74,720.54,8.4392,936.7,LOW
POL001319,0,0,0.5484,0.406106,25603.3,25603.3,10397.64,10.1505,13516.94,HIGH
POL001320,1,2973,0.739,0.787089,5509.41,5509.41,4336.39,8.6144,5637.31,MODERATE
POL001321,0,0,1.0,0.336899,7026.65,7026.65,2367.27,8.8576,3077.46,MODERATE
POL001322,0,0,1.0,0.469357,4724.16,4724.16,2217.32,8.4607,2882.51,MODERATE
POL001323,0,0,0.25,0.425236,6659.46,6659.46,2831.84,8.8039,3681.39,MODERATE
POL001324,0,0,0.5,0.145377,46343.14,46343.14,6737.22,10.7439,8758.38,HIGH
POL001325,0,0,0.7205,0.798761,11619.68,11619.68,9281.35,9.3605,12065.75,HIGH
POL001326,0,0,1.0,0.260409,5943.91,5943.91,1547.85,8.6903,2012.2,LOW
POL001327,0,0,0.5,0.608764,14707.05,14707.05,8953.12,9.5962,11639.06,HIGH
POL001328,0,0,0.4902,0.37403,18575.52,18575.52,6947.8,9.8297,9032.14,HIGH
POL001329,0,0,0.5,0.570892,14918.97,14918.97,8517.12,9.6105,11072.26,HIGH
POL001330,0,0,1.0,0.369877,34546.69,34546.69,12778.03,10.4501,16611.44,VERY_HIGH
POL001331,0,0,0.7091,0.453908,8206.05,8206.05,3724.79,9.0127,4842.23,MODERATE
POL001332,0,0,0.9673,0.337735,4213.4,4213.4,1423.01,8.3463,1849.91,LOW
POL001333,1,36631,1.0,0.788034,6424.9,6424.9,5063.04,8.7681,6581.95,MODERATE
POL001334,0,0,0.186,0.290574,17432.21,17432.21,5065.35,9.7661,6584.95,MODERATE
POL001335,0,0,0.25,0.239245,18780.39,18780.39,4493.12,9.8406,5841.06,MODERATE
POL001336,0,0,0.1228,0.42387,9868.67,9868.67,4183.03,9.1972,5437.95,MODERATE
POL001337,0,0,0.3396,0.53123,16832.95,16832.95,8942.17,9.7312,11624.82,HIGH
POL001338,0,0,0.7833,0.449133,4512.25,4512.25,2026.6,8.4148,2634.58,MODERATE
POL001339,0,0,1.0,0.699444,6199.08,6199.08,4335.91,8.7323,5636.68,MODERATE
POL001340,0,0,0.4091,0.25962,5157.25,5157.25,1338.92,8.5484,1740.6,LOW
POL001341,0,0,0.5718,0.484787,4566.76,4566.76,2213.91,8.4268,2878.08,MODERATE
POL001342,0,0,0.25,0.10884,3680.89,3680.89,400.63,8.2112,520.82,LOW
POL001343,0,0,1.0,0.404554,28677.33,28677.33,11601.54,10.2639,15082.0,HIGH
POL001344,0,0,0.25,0.694039,10937.53,10937.53,7591.07,9.3,9868.39,HIGH
POL001345,0,0,1.0,0.419834,4744.3,4744.3,1991.82,8.4649,2589.37,MODERATE
POL001346,1,9267,1.0,0.828421,8924.9,8924.9,7393.58,9.0967,9611.65,HIGH
POL001347,1,10480,0.2636,0.71804,31232.69,31232.69,22426.33,10.3493,29154.23,VERY_HIGH
POL001348,1,6854,0.5,0.618823,8421.66,8421.66,5211.51,9.0387,6774.97,MODERATE
POL001349,0,0,0.2994,0.320652,11648.0,11648.0,3734.96,9.363,4855.45,MODERATE
POL001350,0,0,1.0,0.653703,9429.32,9429.32,6163.98,9.1517,8013.17,HIGH
POL001351,0,0,0.719,0.189392,25066.69,25066.69,4747.44,10.1293,6171.67,MODERATE
POL001352,0,0,0.6045,0.121998,32585.22,32585.22,3975.32,10.3916,5167.91,MODERATE
POL001353,0,0,0.7608,0.336865,6690.77,6690.77,2253.89,8.8086,2930.05,MODERATE
POL001354,0,0,0.5,0.433998,7714.21,7714.21,3347.95,8.9509,4352.33,MODERATE
POL001355,0,0,0.5,0.647106,9459.03,9459.03,6121.0,9.1548,7957.3,HIGH
POL001356,0,0,0.5,0.474133,8265.91,8265.91,3919.15,9.02,5094.89,MODERATE
POL001357,0,0,0.3552,0.292196,12977.74,12977.74,3792.05,9.4711,4929.66,MODERATE
POL001358,1,8910,0.5979,0.735547,4978.69,4978.69,3662.06,8.5131,4760.67,MODERATE
POL001359,0,0,0.5,0.184707,4527.18,4527.18,836.2,8.4181,1087.06,LOW
POL001360,0,0,0.7899,0.475722,22718.11,22718.11,10807.51,10.031,14049.76,HIGH
POL001361,0,0,0.5,0.311637,7228.86,7228.86,2252.78,8.886,2928.62,MODERATE
POL001362,0,0,1.0,0.536668,3863.37,3863.37,2073.34,8.2596,2695.35,MODERATE
POL001363,0,0,0.3319,0.347164,4055.12,4055.12,1407.79,8.308,1830.13,LOW
POL001364,0,0,0.5,0.224754,13828.96,13828.96,3108.12,9.5346,4040.55,MODERATE
POL001365,0,0,0.7611,0.422566,14621.41,14621.41,6178.5,9.5903,8032.06,HIGH
POL001366,1,38746,1.0,0.219025,12278.01,12278.01,2689.2,9.4156,3495.96,MODERATE
POL001367,0,0,0.7714,0.402549,8390.48,8390.48,3377.58,9.035,4390.85,MODERATE
POL001368,0,0,0.4262,0.547037,22609.54,22609.54,12368.25,10.0262,16078.72,VERY_HIGH
POL001369,0,0,0.3269,0.215111,21521.87,21521.87,4629.59,9.9769,6018.47,MODERATE
POL001370,0,0,0.5,0.705635,7799.36,7799.36,5503.51,8.9619,7154.56,HIGH
POL001371,0,0,0.4153,0.847936,9291.87,9291.87,7878.91,9.137,10242.58,HIGH
POL001372,0,0,0.2638,0.303528,12764.71,12764.71,3874.44,9.4545,5036.78,MODERATE
POL001373,0,0,1.0,0.573322,11495.47,11495.47,6590.61,9.3498,8567.79,HIGH
POL001374,1,7789,1.0,0.529125,5415.08,5415.08,2865.26,8.5971,3724.83,MODERATE
POL001375,1,2484234,0.7346,0.820673,57256.22,57256.22,46988.66,10.9553,61085.25,VERY_HIGH
POL001376,0,0,0.619,0.674223,28869.82,28869.82,19464.71,10.2706,25304.12,VERY_HIGH
POL001377,0,0,0.8651,0.336846,3040.47,3040.47,1024.17,8.0201,1331.42,LOW
POL001378,0,0,0.177,0.220124,21364.94,21364.94,4702.93,9.9696,6113.8,MODERATE
POL001379,0,0,0.5,0.384132,5064.37,5064.37,1945.38,8.5302,2529.0,MODERATE
POL001380,0,0,0.6402,0.599764,10039.75,10039.75,6021.47,9.2144,7827.92,HIGH
POL001381,0,0,1.0,0.319296,5342.05,5342.05,1705.7,8.5836,2217.4,LOW
POL001382,0,0,0.3992,0.264627,12112.97,12112.97,3205.42,9.4021,4167.04,MODERATE
POL001383,0,0,1.0,0.312209,6851.11,6851.11,2138.98,8.8323,2780.67,MODERATE
POL001384,0,0,1.0,0.267837,7711.69,7711.69,2065.47,8.9506,2685.11,MODERATE
POL001385,0,0,0.5,0.371209,6567.81,6567.81,2438.03,8.7901,3169.44,MODERATE
POL001386,0,0,1.0,0.376811,3235.52,3235.52,1219.18,8.0823,1584.93,LOW
POL001387,0,0,0.5,0.316117,12150.55,12150.55,3841.0,9.4052,4993.29,MODERATE
POL001388,0,0,0.8418,0.26423,3482.49,3482.49,920.18,8.1558,1196.23,LOW
POL001389,0,0,1.0,0.711081,12303.34,12303.34,8748.67,9.4177,11373.27,HIGH
POL001390,0,0,0.5,0.349362,3626.37,3626.37,1266.92,8.1963,1646.99,LOW
POL001391,0,0,0.4289,0.281742,13856.21,13856.21,3903.87,9.5366,5075.04,MODERATE
POL001392,0,0,1.0,0.368557,4770.62,4770.62,1758.25,8.4704,2285.72,LOW
POL001393,0,0,0.4601,0.157409,13086.55,13086.55,2059.94,9.4794,2677.93,MODERATE
POL001394,0,0,0.3722,0.174774,10644.23,10644.23,1860.34,9.2729,2418.44,MODERATE
POL001395,1,2912,0.7634,0.351135,6470.97,6470.97,2272.19,8.7752,2953.84,MODERATE
POL001396,0,0,0.5,0.321283,5687.82,5687.82,1827.4,8.6463,2375.62,MODERATE
POL001397,0,0,0.5891,0.489153,13969.46,13969.46,6833.2,9.5447,8883.16,HIGH
POL001398,0,0,0.25,0.472061,6739.27,6739.27,3181.35,8.8159,4135.75,MODERATE
POL001399,0,0,0.3069,0.400835,17401.11,17401.11,6974.98,9.7643,9067.47,HIGH
POL001400,0,0,0.609,0.688702,10432.14,10432.14,7184.63,9.2527,9340.02,HIGH
POL001401,0,0,0.25,0.339663,9439.26,9439.26,3206.17,9.1527,4168.02,MODERATE
POL001402,1,27217,0.6305,0.737837,17905.05,17905.05,13211.02,9.7929,17174.32,VERY_HIGH
POL001403,0,0,0.5,0.676296,5430.21,5430.21,3672.43,8.5999,4774.16,MODERATE
POL001404,0,0,1.0,0.279924,14287.08,14287.08,3999.29,9.5672,5199.08,MODERATE
POL001405,0,0,1.0,0.347541,6222.3,6222.3,2162.51,8.7361,2811.26,MODERATE
POL001406,0,0,0.5909,0.404894,16032.54,16032.54,6491.47,9.6824,8438.91,HIGH
POL001407,0,0,0.3405,0.667711,11285.91,11285.91,7535.73,9.3314,9796.44,HIGH
POL001408,0,0,0.165,0.382173,13375.83,13375.83,5111.88,9.5013,6645.44,MODERATE
POL001409,0,0,1.0,0.156278,14375.41,14375.41,2246.57,9.5733,2920.54,MODERATE
POL001410,1,7231,1.0,0.334769,5007.83,5007.83,1676.47,8.519,2179.4,LOW
POL001411,0,0,0.9701,0.606604,10561.12,10561.12,6406.42,9.265,8328.35,HIGH
POL001412,0,0,0.4615,0.592207,2800.05,2800.05,1658.21,7.9378,2155.68,LOW
POL001413,0,0,0.5,0.374595,8471.28,8471.28,3173.3,9.0446,4125.29,MODERATE
POL001414,0,0,0.149,0.339142,10521.07,10521.07,3568.14,9.2612,4638.58,MODERATE
POL001415,0,0,0.25,0.360348,4871.23,4871.23,1755.34,8.4913,2281.94,LOW
POL001416,0,0,0.816,0.259607,7397.85,7397.85,1920.53,8.9091,2496.69,MODERATE
POL001417,1,9767,1.0,0.82044,5894.51,5894.51,4836.09,8.6819,6286.92,MODERATE
POL001418,0,0,0.2413,0.234538,8418.38,8418.38,1974.43,9.0383,2566.77,MODERATE
POL001419,0,0,0.25,0.400373,3289.39,3289.39,1316.98,8.0988,1712.08,LOW
POL001420,0,0,0.5,0.483933,50311.63,50311.63,24347.48,10.826,31651.72,VERY_HIGH
POL001421,0,0,0.2853,0.60285,8633.57,8633.57,5204.75,9.0635,6766.18,MODERATE
POL001422,1,2254,1.0,0.668926,5088.67,5088.67,3403.94,8.535,4425.13,MODERATE
POL001423,0,0,0.31,0.86179,9373.51,9373.51,8078.0,9.1458,10501.4,HIGH
POL001424,0,0,1.0,0.272714,3483.61,3483.61,950.03,8.1561,1235.04,LOW
POL001425,0,0,1.0,0.594032,3492.85,3492.85,2074.86,8.1588,2697.32,MODERATE
POL001426,0,0,0.3786,0.523124,39226.96,39226.96,20520.55,10.5771,26676.71,VERY_HIGH
POL001427,0,0,0.5,0.625833,3691.63,3691.63,2310.35,8.2141,3003.45,MODERATE
POL001428,0,0,0.5655,0.243217,6441.13,6441.13,1566.6,8.7706,2036.57,LOW
POL001429,0,0,0.4567,0.21583,7244.01,7244.01,1563.48,8.8881,2032.52,LOW
POL001430,0,0,0.4945,0.215713,17620.6,17620.6,3800.99,9.7769,4941.29,MODERATE
POL001431,0,0,1.0,0.447556,13095.79,13095.79,5861.1,9.4801,7619.43,HIGH
POL001432,0,0,0.3799,0.440506,8502.31,8502.31,3745.32,9.0482,4868.91,MODERATE
POL001433,1,16548,0.7924,0.919087,10719.69,10719.69,9852.32,9.2799,12808.02,HIGH
POL001434,0,0,0.25,0.2986,3633.32,3633.32,1084.91,8.1982,1410.38,LOW
POL001435,0,0,1.0,0.20302,7678.94,7678.94,1558.97,8.9464,2026.67,LOW
POL001436,0,0,1.0,0.509446,5002.73,5002.73,2548.62,8.5179,3313.2,MODERATE
POL001437,0,0,1.0,0.253813,6679.51,6679.51,1695.35,8.8069,2203.95,LOW
POL001438,0,0,0.3836,0.804005,33936.79,33936.79,27285.35,10.4323,35470.95,VERY_HIGH
POL001439,0,0,0.5,0.629147,4561.75,4561.75,2870.01,8.4257,3731.02,MODERATE
POL001440,0,0,0.25,0.614116,4743.15,4743.15,2912.85,8.4647,3786.7,MODERATE
POL001441,0,0,0.5,0.546072,7174.89,7174.89,3918.0,8.8785,5093.41,MODERATE
POL001442,0,0,1.0,0.210305,16576.48,16576.48,3486.11,9.7158,4531.94,MODERATE
POL001443,1,10020,0.3115,0.360592,9863.39,9863.39,3556.66,9.1967,4623.66,MODERATE
POL001444,0,0,0.2013,0.230324,12664.34,12664.34,2916.9,9.4466,3791.97,MODERATE
POL001445,0,0,0.5,0.360219,6729.74,6729.74,2424.18,8.8144,3151.43,MODERATE
POL001446,0,0,0.4985,0.422307,4324.09,4324.09,1826.1,8.3722,2373.92,MODERATE
POL001447,0,0,1.0,0.749255,22710.06,22710.06,17015.63,10.0306,22120.32,VERY_HIGH
POL001448,0,0,1.0,0.335503,6581.67,6581.67,2208.17,8.7922,2870.62,MODERATE
POL001449,1,6736,0.3159,0.828629,17048.67,17048.67,14127.02,9.7439,18365.13,VERY_HIGH
POL001450,1,5917,0.6742,0.828184,6883.89,6883.89,5701.12,8.8371,7411.46,HIGH
POL001451,1,29661,0.5,0.415076,11474.62,11474.62,4762.84,9.348,6191.7,MODERATE
POL001452,0,0,0.4788,0.410286,14312.61,14312.61,5872.26,9.569,7633.93,HIGH
POL001453,0,0,1.0,0.390026,9610.13,9610.13,3748.2,9.1707,4872.67,MODERATE
POL001454,0,0,1.0,0.423528,44445.54,44445.54,18823.91,10.702,24471.09,VERY_HIGH
POL001455,0,0,0.3164,0.552045,13097.68,13097.68,7230.51,9.4803,9399.67,HIGH
POL001456,0,0,1.0,0.300631,5637.75,5637.75,1694.88,8.6374,2203.35,LOW
POL001457,0,0,1.0,0.428517,6165.15,6165.15,2641.87,8.7268,3434.44,MODERATE
POL001458,0,0,0.5,0.600224,11891.6,11891.6,7137.62,9.3837,9278.91,HIGH
POL001459,1,7375,0.4204,0.820123,15911.52,15911.52,13049.4,9.6749,16964.22,VERY_HIGH
POL001460,0,0,0.1454,0.521856,42743.87,42743.87,22306.15,10.663,28997.99,VERY_HIGH
POL001461,0,0,0.25,0.239566,7563.36,7563.36,1811.92,8.9312,2355.5,MODERATE
POL001462,0,0,0.3922,0.197152,15258.29,15258.29,3008.2,9.6329,3910.66,MODERATE
POL001463,0,0,0.3742,0.235638,28145.52,28145.52,6632.15,10.2452,8621.79,HIGH
POL001464,0,0,0.593,0.298196,5542.15,5542.15,1652.65,8.6203,2148.44,LOW
POL001465,0,0,0.25,0.452835,5341.49,5341.49,2418.81,8.5834,3144.46,MODERATE
POL001466,0,0,0.5,0.394181,11411.21,11411.21,4498.09,9.3424,5847.51,MODERATE
POL001467,0,0,1.0,0.123531,4168.76,4168.76,514.97,8.3356,669.46,LOW
POL001468,0,0,1.0,0.145869,3503.34,3503.34,511.03,8.1618,664.34,LOW
POL001469,0,0,0.4653,0.290246,14895.73,14895.73,4323.43,9.6089,5620.46,MODERATE
POL001470,0,0,0.5,0.645229,8072.4,8072.4,5208.54,8.9963,6771.11,MODERATE
POL001471,0,0,0.5015,0.412817,10371.84,10371.84,4281.68,9.2469,5566.18,MODERATE
POL001472,0,0,0.5,0.509176,3322.13,3322.13,1691.55,8.1087,2199.01,LOW
POL001473,0,0,1.0,0.796117,10766.41,10766.41,8571.32,9.2843,11142.71,HIGH
POL001474,0,0,0.25,0.560985,15420.18,15420.18,8650.5,9.6435,11245.65,HIGH
POL001475,0,0,0.25,0.685862,9671.33,9671.33,6633.2,9.177,8623.16,HIGH
POL001476,0,0,1.0,0.681251,6132.25,6132.25,4177.6,8.7215,5430.88,MODERATE
POL001477,0,0,1.0,0.366264,3354.32,3354.32,1228.57,8.1183,1597.14,LOW
POL001478,0,0,0.5,0.433114,5159.19,5159.19,2234.52,8.5487,2904.88,MODERATE
POL001479,0,0,1.0,0.311021,7412.64,7412.64,2305.48,8.9111,2997.13,MODERATE
POL001480,0,0,0.9904,0.506266,3383.38,3383.38,1712.89,8.1269,2226.76,LOW
POL001481,1,4564,1.0,0.802193,7095.55,7095.55,5692.01,8.8674,7399.61,HIGH
POL001482,0,0,0.3634,0.260813,4272.04,4272.04,1114.2,8.3601,1448.47,LOW
POL001483,0,0,0.4618,0.474579,5622.75,5622.75,2668.44,8.6348,3468.97,MODERATE
POL001484,0,0,0.4948,0.388728,19259.39,19259.39,7486.66,9.8658,9732.66,HIGH
POL001485,0,0,0.25,0.473474,18539.03,18539.03,8777.75,9.8277,11411.08,HIGH
POL001486,0,0,0.5,0.391165,10076.82,10076.82,3941.7,9.2181,5124.21,MODERATE
POL001487,0,0,0.25,0.417532,9404.68,9404.68,3926.75,9.1491,5104.78,MODERATE
POL001488,0,0,1.0,0.464196,6808.8,6808.8,3160.62,8.8261,4108.81,MODERATE
POL001489,0,0,0.247,0.396023,16983.6,16983.6,6725.89,9.7401,8743.66,HIGH
POL001490,0,0,0.3536,0.346006,3319.61,3319.61,1148.6,8.1079,1493.18,LOW
POL001491,0,0,0.4757,0.866573,24174.07,24174.07,20948.6,10.0931,27233.18,VERY_HIGH
POL001492,0,0,0.25,0.434002,10450.23,10450.23,4535.42,9.2545,5896.04,MODERATE
POL001493,0,0,0.3272,0.202321,51988.38,51988.38,10518.35,10.8588,13673.85,HIGH
POL001494,0,0,0.2823,0.172126,13618.22,13618.22,2344.05,9.5192,3047.26,MODERATE
POL001495,0,0,1.0,0.325733,10183.67,10183.67,3317.16,9.2286,4312.3,MODERATE
POL001496,0,0,0.2829,0.237791,64919.45,64919.45,15437.29,11.0809,20068.47,VERY_HIGH
POL001497,0,0,0.4337,0.508856,5463.32,5463.32,2780.05,8.606,3614.06,MODERATE
POL001498,0,0,0.25,0.547046,15681.56,15681.56,8578.54,9.6603,11152.1,HIGH
POL001499,0,0,1.0,0.401185,3195.48,3195.48,1281.98,8.0698,1666.57,LOW
POL001500,1,14078,0.5309,0.938395,29277.69,29277.69,27474.03,10.2846,35716.25,VERY_HIGH
POL001501,0,0,0.5,0.133009,5709.99,5709.99,759.48,8.6501,987.32,LOW
POL001502,0,0,1.0,0.859808,18177.96,18177.96,15629.55,9.808,20318.42,VERY_HIGH
POL001503,0,0,0.252,0.561973,23507.33,23507.33,13210.49,10.0651,17173.64,VERY_HIGH
POL001504,0,0,0.25,0.194437,4565.31,4565.31,887.67,8.4265,1153.97,LOW
POL001505,0,0,0.39,0.318665,12078.63,12078.63,3849.04,9.3993,5003.75,MODERATE
POL001506,0,0,1.0,0.306776,4633.79,4633.79,1421.54,8.4413,1848.0,LOW
POL001507,1,16203,0.3639,0.847736,22327.06,22327.06,18927.44,10.0136,24605.68,VERY_HIGH
POL001508,0,0,0.0996,0.363602,20618.74,20618.74,7497.01,9.934,9746.11,HIGH
POL001509,0,0,0.2038,0.76123,15138.09,15138.09,11523.56,9.625,14980.63,HIGH
POL001510,1,6457,1.0,0.320443,3357.58,3357.58,1075.91,8.1193,1398.69,LOW
POL001511,0,0,1.0,0.43048,5537.41,5537.41,2383.74,8.6195,3098.87,MODERATE
POL001512,0,0,0.9049,0.519402,16698.42,16698.42,8673.19,9.7231,11275.15,HIGH
POL001513,0,0,1.0,0.653131,6716.52,6716.52,4386.77,8.8125,5702.8,MODERATE
POL001514,0,0,0.25,0.529181,9719.7,9719.7,5143.48,9.182,6686.53,MODERATE
POL001515,0,0,0.5,0.210917,7554.2,7554.2,1593.31,8.93,2071.3,LOW
POL001516,0,0,0.5381,0.207225,3925.66,3925.66,813.49,8.2755,1057.54,LOW
POL001517,0,0,0.9669,0.316352,4086.37,4086.37,1292.73,8.3157,1680.55,LOW
POL001518,0,0,0.5,0.336963,8033.22,8033.22,2706.9,8.9915,3518.97,MODERATE
POL001519,0,0,0.25,0.198379,6518.57,6518.57,1293.15,8.7826,1681.09,LOW
POL001520,0,0,0.6452,0.825585,20784.11,20784.11,17159.05,9.942,22306.76,VERY_HIGH
POL001521,0,0,1.0,0.181287,6501.19,6501.19,1178.58,8.7799,1532.15,LOW
POL001522,0,0,0.6432,0.372643,20467.6,20467.6,7627.11,9.9266,9915.25,HIGH
POL001523,0,0,1.0,0.229703,3739.01,3739.01,858.86,8.2268,1116.52,LOW
POL001524,0,0,1.0,0.24602,3267.41,3267.41,803.85,8.0921,1045.0,LOW
POL001525,0,0,1.0,0.327803,8103.12,8103.12,2656.22,9.0001,3453.09,MODERATE
POL001526,1,9180,0.9396,0.329133,4886.34,4886.34,1608.26,8.4944,2090.74,LOW
POL001527,0,0,0.5,0.434421,8578.38,8578.38,3726.63,9.0571,4844.62,MODERATE
POL001528,0,0,0.5446,0.274833,9688.16,9688.16,2662.63,9.1788,3461.41,MODERATE
POL001529,0,0,0.6132,0.425478,6671.56,6671.56,2838.6,8.8058,3690.18,MODERATE
POL001530,0,0,0.3309,0.260462,22992.1,22992.1,5988.56,10.0429,7785.13,HIGH
POL001531,0,0,1.0,0.760656,5206.52,5206.52,3960.37,8.5579,5148.48,MODERATE
POL001532,0,0,0.782,0.276089,4892.87,4892.87,1350.87,8.4957,1756.13,LOW
POL001533,0,0,0.25,0.895008,4233.54,4233.54,3789.05,8.351,4925.77,MODERATE
POL001534,0,0,1.0,0.34922,15859.76,15859.76,5538.55,9.6716,7200.11,HIGH
POL001535,0,0,1.0,0.566995,2343.64,2343.64,1328.83,7.7599,1727.48,LOW
POL001536,0,0,0.9862,0.68471,32577.16,32577.16,22305.91,10.3914,28997.68,VERY_HIGH
POL001537,0,0,0.5,0.764678,6877.51,6877.51,5259.08,8.8362,6836.8,MODERATE
POL001538,0,0,0.5,0.315524,11623.43,11623.43,3667.47,9.3609,4767.71,MODERATE
POL001539,1,24656,0.5351,0.741261,26974.59,26974.59,19995.22,10.2027,25993.78,VERY_HIGH
POL001540,0,0,0.5384,0.181855,44294.39,44294.39,8055.16,10.6986,10471.7,HIGH
POL001541,0,0,0.4274,0.451846,11396.3,11396.3,5149.37,9.3411,6694.19,MODERATE
POL001542,0,0,1.0,0.39921,9870.88,9870.88,3940.56,9.1974,5122.73,MODERATE
POL001543,0,0,0.5,0.673467,35278.67,35278.67,23759.01,10.4711,30886.72,VERY_HIGH
POL001544,0,0,0.8507,0.160912,4228.75,4228.75,680.46,8.3499,884.59,LOW
POL001545,0,0,0.4726,0.464806,16142.61,16142.61,7503.18,9.6893,9754.14,HIGH
POL001546,0,0,0.4293,0.343481,17317.76,17317.76,5948.32,9.7595,7732.81,HIGH
POL001547,0,0,0.5,0.360596,59369.29,59369.29,21408.34,10.9915,27830.85,VERY_HIGH
POL001548,0,0,0.7316,0.599563,25255.88,25255.88,15142.48,10.1369,19685.23,VERY_HIGH
POL001549,0,0,1.0,0.376101,6370.77,6370.77,2396.05,8.7596,3114.87,MODERATE
POL001550,0,0,0.25,0.616898,16459.68,16459.68,10153.95,9.7087,13200.13,HIGH
POL001551,0,0,0.25,0.222135,9421.1,9421.1,2092.76,9.1508,2720.59,MODERATE
POL001552,0,0,0.9594,0.549817,6194.4,6194.4,3405.79,8.7316,4427.52,MODERATE
POL001553,0,0,1.0,0.160062,4247.2,4247.2,679.82,8.3542,883.76,LOW
POL001554,0,0,0.4169,0.403426,5865.86,5865.86,2366.44,8.6771,3076.38,MODERATE
POL001555,1,2275,0.4232,0.216134,5038.76,5038.76,1089.05,8.5251,1415.76,LOW
POL001556,0,0,0.25,0.470086,3994.25,3994.25,1877.64,8.2929,2440.93,MODERATE
POL001557,0,0,1.0,0.797177,11120.42,11120.42,8864.94,9.3166,11524.43,HIGH
POL001558,0,0,0.5,0.276409,14111.39,14111.39,3900.52,9.5548,5070.67,MODERATE
POL001559,0,0,0.2322,0.344252,29584.49,29584.49,10184.52,10.295,13239.87,HIGH
POL001560,0,0,1.0,0.206145,7070.69,7070.69,1457.59,8.8639,1894.87,LOW
POL001561,0,0,0.5917,0.44668,38086.6,38086.6,17012.51,10.5476,22116.26,VERY_HIGH
POL001562,0,0,0.6264,0.299106,2935.23,2935.23,877.94,7.9849,1141.33,LOW
POL001563,0,0,0.25,0.889009,7225.04,7225.04,6423.12,8.8854,8350.06,HIGH
POL001564,0,0,0.7606,0.483225,6011.16,6011.16,2904.74,8.7015,3776.17,MODERATE
POL001565,0,0,0.25,0.604547,6471.11,6471.11,3912.09,8.7753,5085.72,MODERATE
POL001566,0,0,0.6695,0.430093,5089.36,5089.36,2188.9,8.5351,2845.57,MODERATE
POL001567,0,0,1.0,0.206045,18341.88,18341.88,3779.25,9.817,4913.03,MODERATE
POL001568,0,0,0.25,0.345995,4577.79,4577.79,1583.89,8.4292,2059.06,LOW
POL001569,0,0,0.5,0.689646,5701.41,5701.41,3931.96,8.6486,5111.55,MODERATE
POL001570,0,0,0.4055,0.347142,26243.87,26243.87,9110.35,10.1752,11843.45,HIGH
POL001571,0,0,0.9555,0.17529,4921.88,4921.88,862.75,8.5016,1121.58,LOW
POL001572,0,0,0.5,0.151637,4784.8,4784.8,725.55,8.4734,943.22,LOW
POL001573,0,0,0.3424,0.519071,11489.62,11489.62,5963.93,9.3493,7753.11,HIGH
POL001574,0,0,1.0,0.51625,11806.25,11806.25,6094.97,9.3765,7923.47,HIGH
POL001575,0,0,0.2116,0.360784,14288.79,14288.79,5155.16,9.5673,6701.71,MODERATE
POL001576,0,0,0.5,0.285081,14717.68,14717.68,4195.73,9.5969,5454.44,MODERATE
POL001577,0,0,0.5,0.344489,5205.93,5205.93,1793.38,8.5577,2331.4,LOW
POL001578,1,962435,0.5043,0.727463,20256.73,20256.73,14736.03,9.9163,19156.83,VERY_HIGH
POL001579,0,0,1.0,0.386247,12671.85,12671.85,4894.46,9.4472,6362.8,MODERATE
POL001580,1,2507,1.0,0.531757,7856.74,7856.74,4177.87,8.9693,5431.23,MODERATE
POL001581,0,0,0.7213,0.594371,12760.84,12760.84,7584.67,9.4542,9860.07,HIGH
POL001582,0,0,0.25,0.462095,7397.76,7397.76,3418.47,8.9091,4444.01,MODERATE
POL001583,1,3482,0.3951,0.785144,3027.51,3027.51,2377.03,8.0158,3090.14,MODERATE
POL001584,0,0,0.9392,0.382534,4561.23,4561.23,1744.83,8.4256,2268.28,LOW
POL001585,0,0,1.0,0.646437,7211.92,7211.92,4662.05,8.8836,6060.66,MODERATE
POL001586,0,0,0.3992,0.433388,4537.24,4537.24,1966.39,8.4203,2556.3,MODERATE
POL001587,0,0,0.5786,0.505954,10736.61,10736.61,5432.23,9.2815,7061.9,MODERATE
POL001588,0,0,1.0,0.569775,14443.32,14443.32,8229.44,9.5781,10698.27,HIGH
POL001589,0,0,0.7868,0.287805,5376.24,5376.24,1547.31,8.5899,2011.5,LOW
POL001590,0,0,1.0,0.581635,6531.45,6531.45,3798.92,8.7845,4938.6,MODERATE
POL001591,0,0,0.8173,0.396946,20451.35,20451.35,8118.08,9.9259,10553.51,HIGH
POL001592,0,0,0.25,0.470989,5042.01,5042.01,2374.73,8.5258,3087.15,MODERATE
POL001593,0,0,1.0,0.440396,5926.35,5926.35,2609.94,8.6873,3392.92,MODERATE
POL001594,0,0,1.0,0.411135,13758.82,13758.82,5656.73,9.5295,7353.75,HIGH
POL001595,0,0,0.3642,0.527112,21223.8,21223.8,11187.31,9.9629,14543.51,HIGH
POL001596,0,0,0.6214,0.524397,27626.14,27626.14,14487.06,10.2266,18833.17,VERY_HIGH
POL001597,0,0,0.4083,0.211711,9030.38,9030.38,1911.83,9.1085,2485.38,MODERATE
POL001598,0,0,1.0,0.363263,7040.6,7040.6,2557.59,8.8596,3324.86,MODERATE
POL001599,0,0,0.8543,0.237607,11039.41,11039.41,2623.05,9.3093,3409.96,MODERATE
POL001600,1,6178,0.8177,0.436885,13484.27,13484.27,5891.07,9.5094,7658.4,HIGH
POL001601,0,0,0.6566,0.529669,7968.03,7968.03,4220.42,8.9833,5486.54,MODERATE
POL001602,0,0,0.6642,0.495578,25272.84,25272.84,12524.67,10.1375,16282.07,VERY_HIGH
POL001603,0,0,0.25,0.579303,18438.79,18438.79,10681.64,9.8223,13886.13,HIGH
POL001604,0,0,0.6796,0.383729,4296.49,4296.49,1648.69,8.3658,2143.29,LOW
POL001605,0,0,0.25,0.340431,11353.77,11353.77,3865.18,9.3374,5024.73,MODERATE
POL001606,0,0,0.1124,0.628309,8521.59,8521.59,5354.19,9.0505,6960.45,MODERATE
POL001607,0,0,0.82,0.405483,6091.24,6091.24,2469.89,8.7148,3210.86,MODERATE
POL001608,0,0,0.5148,0.273626,40129.99,40129.99,10980.6,10.5999,14274.78,HIGH
POL001609,0,0,0.987,0.367296,6412.33,6412.33,2355.22,8.7661,3061.79,MODERATE
POL001610,0,0,0.4852,0.642452,4880.55,4880.55,3135.52,8.4932,4076.18,MODERATE
POL001611,1,3687,0.3696,0.783657,20075.19,20075.19,15732.07,9.9073,20451.69,VERY_HIGH
POL001612,0,0,0.9294,0.554278,13253.72,13253.72,7346.25,9.4921,9550.13,HIGH
POL001613,0,0,0.5,0.379369,4902.69,4902.69,1859.93,8.4977,2417.9,MODERATE
POL001614,0,0,0.6516,0.766671,20468.03,20468.03,15692.24,9.9267,20399.91,VERY_HIGH
POL001615,0,0,0.2602,0.269653,14659.28,14659.28,3952.92,9.5929,5138.79,MODERATE
POL001616,0,0,1.0,0.491152,8280.9,8280.9,4067.18,9.0218,5287.33,MODERATE
POL001617,0,0,1.0,0.172628,6557.37,6557.37,1131.98,8.7885,1471.58,LOW
POL001618,0,0,0.9982,0.187185,4574.07,4574.07,856.2,8.4284,1113.06,LOW
POL001619,0,0,0.5759,0.586513,6527.81,6527.81,3828.65,8.784,4977.24,MODERATE
POL001620,0,0,1.0,0.648064,6715.77,6715.77,4352.25,8.8124,5657.92,MODERATE
POL001621,0,0,1.0,0.590002,3303.62,3303.62,1949.14,8.1031,2533.88,MODERATE
POL001622,0,0,1.0,0.170515,4719.17,4719.17,804.69,8.4596,1046.09,LOW
POL001623,0,0,0.2004,0.212243,16059.0,16059.0,3408.41,9.6841,4430.93,MODERATE
POL001624,0,0,1.0,0.251783,3568.0,3568.0,898.36,8.18,1167.87,LOW
POL001625,0,0,0.5,0.460007,5433.9,5433.9,2499.63,8.6006,3249.52,MODERATE
POL001626,0,0,1.0,0.529431,7706.97,7706.97,4080.31,8.95,5304.4,MODERATE
POL001627,0,0,0.4249,0.471691,19188.28,19188.28,9050.94,9.8621,11766.22,HIGH
POL001628,0,0,1.0,0.468719,13535.69,13535.69,6344.44,9.5132,8247.77,HIGH
POL001629,0,0,1.0,0.354009,12391.92,12391.92,4386.85,9.4249,5702.9,MODERATE
POL001630,0,0,0.6286,0.369818,15096.44,15096.44,5582.93,9.6223,7257.82,HIGH
POL001631,0,0,0.5746,0.83456,27846.79,27846.79,23239.8,10.2345,30211.75,VERY_HIGH
POL001632,1,28246,1.0,0.709188,66493.89,66493.89,47156.68,11.1049,61303.68,VERY_HIGH
POL001633,0,0,0.1873,0.583675,33108.71,33108.71,19324.74,10.4076,25122.16,VERY_HIGH
POL001634,0,0,1.0,0.711138,6875.94,6875.94,4889.74,8.8359,6356.67,MODERATE
POL001635,0,0,1.0,0.088281,10209.51,10209.51,901.3,9.2312,1171.69,LOW
POL001636,0,0,1.0,0.365383,6004.79,6004.79,2194.05,8.7005,2852.27,MODERATE
POL001637,0,0,0.25,0.161468,5456.43,5456.43,881.04,8.6047,1145.35,LOW
POL001638,0,0,0.5,0.468,7327.05,7327.05,3429.06,8.8995,4457.78,MODERATE
POL001639,0,0,1.0,0.506957,21624.26,21624.26,10962.57,9.9816,14251.34,HIGH
POL001640,0,0,1.0,0.376455,22283.96,22283.96,8388.9,10.0117,10905.57,HIGH
POL001641,0,0,0.5,0.601161,18538.15,18538.15,11144.41,9.8276,14487.73,HIGH
POL001642,0,0,0.6376,0.439422,8121.55,8121.55,3568.78,9.0024,4639.42,MODERATE
POL001643,0,0,0.25,0.344408,5964.34,5964.34,2054.16,8.6937,2670.41,MODERATE
POL001644,0,0,0.5,0.489359,12764.38,12764.38,6246.36,9.4545,8120.27,HIGH
POL001645,0,0,0.5,0.26346,3526.68,3526.68,929.14,8.1684,1207.88,LOW
POL001646,1,10731,0.2479,0.747277,8503.52,8503.52,6354.48,9.0484,8260.83,HIGH
POL001647,0,0,0.25,0.342099,33377.46,33377.46,11418.38,10.4157,14843.89,HIGH
POL001648,0,0,1.0,0.26827,4433.72,4433.72,1189.44,8.3972,1546.27,LOW
POL001649,0,0,0.3294,0.554633,10516.26,10516.26,5832.66,9.2608,7582.46,HIGH
POL001650,0,0,0.4682,0.245071,20785.89,20785.89,5094.01,9.9421,6622.22,MODERATE
POL001651,0,0,1.0,0.271086,6109.05,6109.05,1656.08,8.7177,2152.9,LOW
POL001652,0,0,0.4318,0.434848,100505.08,100505.08,43704.41,11.518,56815.73,VERY_HIGH
POL001653,1,11584,0.5,0.411393,12033.0,12033.0,4950.29,9.3955,6435.37,MODERATE
POL001654,0,0,0.25,0.18353,5171.74,5171.74,949.17,8.5512,1233.92,LOW
POL001655,1,6481,0.2855,0.929007,14690.98,14690.98,13648.03,9.5951,17742.43,VERY_HIGH
POL001656,0,0,1.0,0.339196,19053.74,19053.74,6462.95,9.8551,8401.84,HIGH
POL001657,0,0,1.0,0.653004,6917.84,6917.84,4517.38,8.842,5872.59,MODERATE
POL001658,0,0,1.0,0.736888,7339.14,7339.14,5408.12,8.9011,7030.56,MODERATE
POL001659,0,0,0.7104,0.49131,18146.86,18146.86,8915.74,9.8063,11590.46,HIGH
POL001660,0,0,0.2344,0.315459,7411.05,7411.05,2337.88,8.9109,3039.24,MODERATE
POL001661,0,0,1.0,0.454035,7883.04,7883.04,3579.17,8.9726,4652.93,MODERATE
POL001662,1,10454,1.0,0.903046,6266.21,6266.21,5658.68,8.7431,7356.28,HIGH
POL001663,0,0,1.0,0.698706,7798.64,7798.64,5448.95,8.9618,7083.64,MODERATE
POL001664,0,0,0.7161,0.201415,70568.18,70568.18,14213.46,11.1643,18477.5,VERY_HIGH
POL001665,0,0,1.0,0.360795,7405.87,7405.87,2672.0,8.9102,3473.6,MODERATE
POL001666,0,0,0.7512,0.312313,22118.55,22118.55,6907.92,10.0042,8980.3,HIGH
POL001667,0,0,1.0,0.349244,18252.08,18252.08,6374.43,9.8121,8286.77,HIGH
POL001668,0,0,0.3242,0.417192,30807.52,30807.52,12852.67,10.3355,16708.47,VERY_HIGH
POL001669,0,0,1.0,0.311196,3789.3,3789.3,1179.22,8.2402,1532.98,LOW
POL001670,0,0,1.0,0.299546,5864.84,5864.84,1756.79,8.6769,2283.82,LOW
POL001671,0,0,1.0,0.512122,4261.94,4261.94,2182.63,8.3577,2837.42,MODERATE
POL001672,0,0,0.5,0.187776,10110.47,10110.47,1898.5,9.2214,2468.06,MODERATE
POL001673,0,0,0.1413,0.272598,11229.62,11229.62,3061.17,9.3264,3979.52,MODERATE
POL001674,0,0,1.0,0.486977,7914.45,7914.45,3854.15,8.9766,5010.39,MODERATE
POL001675,0,0,0.5,0.337001,10175.2,10175.2,3429.05,9.2278,4457.77,MODERATE
POL001676,0,0,0.25,0.393982,16773.61,16773.61,6608.51,9.7276,8591.06,HIGH
POL001677,0,0,1.0,0.341968,6405.16,6405.16,2190.36,8.765,2847.47,MODERATE
POL001678,0,0,0.25,0.306323,5457.5,5457.5,1671.76,8.6049,2173.29,LOW
POL001679,0,0,0.25,0.495848,12347.29,12347.29,6122.37,9.4213,7959.08,HIGH
POL001680,0,0,0.25,0.647567,3957.22,3957.22,2562.56,8.2835,3331.33,MODERATE
POL001681,0,0,0.3249,0.29663,11605.96,11605.96,3442.68,9.3594,4475.48,MODERATE
POL001682,0,0,0.701,0.25871,13429.34,13429.34,3474.3,9.5053,4516.59,MODERATE
POL001683,0,0,0.3334,0.57597,14456.65,14456.65,8326.59,9.579,10824.57,HIGH
POL001684,0,0,1.0,0.311338,5471.45,5471.45,1703.47,8.6075,2214.51,LOW
POL001685,1,14293,1.0,0.670185,7148.18,7148.18,4790.6,8.8748,6227.78,MODERATE
POL001686,0,0,1.0,0.435481,10192.24,10192.24,4438.52,9.2295,5770.08,MODERATE
POL001687,0,0,1.0,0.393953,10523.27,10523.27,4145.67,9.2614,5389.37,MODERATE
POL001688,1,5286,0.402,0.386668,9613.58,9613.58,3717.26,9.171,4832.44,MODERATE
POL001689,0,0,0.1916,0.540184,21488.37,21488.37,11607.66,9.9753,15089.96,HIGH
POL001690,0,0,1.0,0.598524,7845.85,7845.85,4695.93,8.9679,6104.71,MODERATE
POL001691,0,0,1.0,0.507171,13409.14,13409.14,6800.73,9.5038,8840.95,HIGH
POL001692,0,0,0.3607,0.415853,10071.75,10071.75,4188.37,9.2176,5444.88,MODERATE
POL001693,0,0,0.8985,0.323379,2612.58,2612.58,844.85,7.8685,1098.31,LOW
POL001694,0,0,1.0,0.678834,3586.63,3586.63,2434.73,8.1852,3165.15,MODERATE
POL001695,0,0,0.25,0.319888,4823.18,4823.18,1542.88,8.4814,2005.74,LOW
POL001696,0,0,1.0,0.439871,15624.33,15624.33,6872.68,9.6566,8934.49,HIGH
POL001697,0,0,1.0,0.306904,4868.22,4868.22,1494.07,8.4907,1942.3,LOW
POL001698,0,0,0.4594,0.900779,17540.11,17540.11,15799.77,9.7723,20539.7,VERY_HIGH
POL001699,0,0,0.5,0.401805,5674.69,5674.69,2280.12,8.6439,2964.15,MODERATE
POL001700,0,0,1.0,0.32309,21736.45,21736.45,7022.84,9.9868,9129.69,HIGH
POL001701,0,0,1.0,0.37632,6082.89,6082.89,2289.11,8.7134,2975.85,MODERATE
POL001702,0,0,0.4688,0.709441,6451.38,6451.38,4576.87,8.7722,5949.93,MODERATE
POL001703,0,0,0.6807,0.26354,9831.29,9831.29,2590.94,9.1934,3368.22,MODERATE
POL001704,0,0,0.7905,0.237011,6070.28,6070.28,1438.72,8.7113,1870.34,LOW
POL001705,0,0,0.3458,0.311316,14939.53,14939.53,4650.91,9.6118,6046.18,MODERATE
POL001706,0,0,0.1562,0.189201,14515.82,14515.82,2746.41,9.5831,3570.34,MODERATE
POL001707,1,6125,0.3926,0.700558,12287.18,12287.18,8607.89,9.4164,11190.25,HIGH
POL001708,0,0,1.0,0.705098,3792.16,3792.16,2673.84,8.241,3476.0,MODERATE
POL001709,0,0,0.25,0.36966,8865.22,8865.22,3277.11,9.09,4260.25,MODERATE
POL001710,0,0,0.5,0.760504,14561.75,14561.75,11074.27,9.5862,14396.54,HIGH
POL001711,0,0,0.521,0.670123,12514.85,12514.85,8386.49,9.4348,10902.44,HIGH
POL001712,0,0,1.0,0.196938,4565.56,4565.56,899.13,8.4265,1168.87,LOW
POL001713,0,0,0.3529,0.569616,13157.88,13157.88,7494.95,9.4849,9743.43,HIGH
POL001714,0,0,1.0,0.411906,3717.93,3717.93,1531.44,8.2212,1990.87,LOW
POL001715,0,0,0.1678,0.336545,19838.74,19838.74,6676.63,9.8954,8679.61,HIGH
POL001716,0,0,0.3582,0.096817,6020.31,6020.31,582.87,8.7031,757.73,LOW
POL001717,0,0,1.0,0.270157,4001.36,4001.36,1080.99,8.2946,1405.29,LOW
POL001718,0,0,1.0,0.548218,5329.98,5329.98,2921.99,8.5813,3798.58,MODERATE
POL001719,0,0,0.7907,0.435606,4459.04,4459.04,1942.39,8.4029,2525.1,MODERATE
POL001720,0,0,0.25,0.163305,9711.44,9711.44,1585.93,9.1812,2061.71,LOW
POL001721,0,0,0.9498,0.398484,4777.31,4777.31,1903.68,8.4718,2474.78,MODERATE
POL001722,0,0,0.5,0.55751,4074.32,4074.32,2271.47,8.3127,2952.91,MODERATE
POL001723,0,0,1.0,0.366122,5848.64,5848.64,2141.32,8.6741,2783.71,MODERATE
POL001724,1,6096,0.1584,0.707862,11651.24,11651.24,8247.47,9.3633,10721.71,HIGH
POL001725,0,0,1.0,0.144532,6474.57,6474.57,935.78,8.7758,1216.52,LOW
POL001726,0,0,0.768,0.381309,6010.4,6010.4,2291.82,8.7014,2979.37,MODERATE
POL001727,0,0,0.25,0.435605,7068.39,7068.39,3079.03,8.8635,4002.73,MODERATE
POL001728,0,0,0.729,0.499515,16755.9,16755.9,8369.82,9.7266,10880.77,HIGH
POL001729,0,0,0.4446,0.552495,14765.15,14765.15,8157.68,9.6001,10604.98,HIGH
POL001730,0,0,0.7734,0.508542,5177.76,5177.76,2633.11,8.5523,3423.04,MODERATE
POL001731,0,0,0.211,0.312321,12309.19,12309.19,3844.42,9.4182,4997.75,MODERATE
POL001732,1,8955,0.9646,0.30103,12388.6,12388.6,3729.34,9.4246,4848.14,MODERATE
POL001733,0,0,0.5,0.219557,11232.41,11232.41,2466.16,9.3266,3206.0,MODERATE
POL001734,0,0,0.8847,0.441601,7088.09,7088.09,3130.11,8.8663,4069.14,MODERATE
POL001735,0,0,0.9191,0.543427,15036.24,15036.24,8171.1,9.6183,10622.43,HIGH
POL001736,0,0,0.25,0.438833,6892.48,6892.48,3024.65,8.8383,3932.05,MODERATE
POL001737,0,0,0.5,0.329004,4450.96,4450.96,1464.39,8.4011,1903.7,LOW
POL001738,0,0,0.395,0.531963,10271.5,10271.5,5464.06,9.2372,7103.28,MODERATE
POL001739,0,0,0.5,0.104707,3396.23,3396.23,355.61,8.1307,500.0,LOW
POL001740,0,0,0.5,0.44176,4614.23,4614.23,2038.38,8.4371,2649.9,MODERATE
POL001741,1,4832,0.5,0.43099,4001.14,4001.14,1724.45,8.2946,2241.79,LOW
POL001742,0,0,1.0,0.599777,8041.43,8041.43,4823.06,8.9925,6269.98,MODERATE
POL001743,0,0,0.5,0.369019,6701.25,6701.25,2472.89,8.8102,3214.76,MODERATE
POL001744,0,0,0.25,0.768638,8613.39,8613.39,6620.58,9.0612,8606.76,HIGH
POL001745,0,0,1.0,0.362049,7069.8,7069.8,2559.61,8.8637,3327.5,MODERATE
POL001746,0,0,0.3097,0.223673,10049.28,10049.28,2247.75,9.2154,2922.08,MODERATE
POL001747,0,0,0.25,0.309234,11403.93,11403.93,3526.48,9.3418,4584.43,MODERATE
POL001748,0,0,0.25,0.333731,19528.68,19528.68,6517.33,9.8797,8472.53,HIGH
POL001749,0,0,1.0,0.338136,8123.47,8123.47,2746.84,9.0026,3570.89,MODERATE
POL001750,0,0,1.0,0.239711,4369.3,4369.3,1047.37,8.3826,1361.58,LOW
POL001751,0,0,1.0,0.330486,5768.06,5768.06,1906.26,8.6603,2478.14,MODERATE
POL001752,0,0,1.0,0.833878,13462.08,13462.08,11225.74,9.5077,14593.46,HIGH
POL001753,1,6805,0.5777,0.502456,22987.09,22987.09,11550.0,10.0427,15014.99,HIGH
POL001754,0,0,1.0,0.145762,6119.98,6119.98,892.06,8.7195,1159.68,LOW
POL001755,0,0,1.0,0.1648,3043.75,3043.75,501.61,8.0212,652.09,LOW
POL001756,0,0,1.0,0.227056,8159.72,8159.72,1852.72,9.0071,2408.53,MODERATE
POL001757,0,0,0.2027,0.242283,17835.42,17835.42,4321.21,9.789,5617.58,MODERATE
POL001758,0,0,0.3412,0.312377,14432.29,14432.29,4508.32,9.5773,5860.81,MODERATE
POL001759,0,0,1.0,0.768439,6547.98,6547.98,5031.72,8.7871,6541.24,MODERATE
POL001760,0,0,0.5,0.313533,4475.67,4475.67,1403.27,8.4066,1824.25,LOW
POL001761,0,0,0.25,0.384544,19170.22,19170.22,7371.8,9.8612,9583.34,HIGH
POL001762,0,0,1.0,0.387223,6484.6,6484.6,2510.99,8.7773,3264.28,MODERATE
POL001763,0,0,0.6403,0.645583,10442.81,10442.81,6741.7,9.2538,8764.21,HIGH
POL001764,0,0,1.0,0.226472,3988.05,3988.05,903.18,8.2913,1174.13,LOW
POL001765,0,0,0.25,0.66953,4808.19,4808.19,3219.23,8.4783,4185.0,MODERATE
POL001766,0,0,0.558,0.302152,27486.58,27486.58,8305.12,10.2215,10796.66,HIGH
POL001767,0,0,1.0,0.527457,13791.2,13791.2,7274.27,9.5319,9456.55,HIGH
POL001768,0,0,0.9189,0.209533,14658.14,14658.14,3071.36,9.5928,3992.76,MODERATE
POL001769,0,0,0.5,0.380752,4085.18,4085.18,1555.44,8.3154,2022.07,LOW
POL001770,0,0,0.5,0.332749,6012.19,6012.19,2000.55,8.7017,2600.72,MODERATE
POL001771,0,0,1.0,0.106862,2345.36,2345.36,250.63,7.7606,500.0,LOW
POL001772,0,0,0.3081,0.245031,11354.83,11354.83,2782.28,9.3375,3616.97,MODERATE
POL001773,0,0,0.3846,0.220018,85772.24,85772.24,18871.44,11.3595,24532.87,VERY_HIGH
POL001774,0,0,0.3885,0.313114,5976.72,5976.72,1871.4,8.6958,2432.81,MODERATE
POL001775,1,12357,1.0,0.662907,6630.45,6630.45,4395.38,8.7996,5713.99,MODERATE
POL001776,0,0,1.0,0.22709,5559.91,5559.91,1262.6,8.6235,1641.38,LOW
POL001777,0,0,0.2504,0.73551,17690.23,17690.23,13011.34,9.7808,16914.74,VERY_HIGH
POL001778,0,0,0.8496,0.407317,9708.23,9708.23,3954.33,9.1808,5140.63,MODERATE
POL001779,0,0,0.25,0.660699,8757.9,8757.9,5786.34,9.0778,7522.24,HIGH
POL001780,0,0,1.0,0.339495,7232.91,7232.91,2455.54,8.8865,3192.2,MODERATE
POL001781,0,0,1.0,0.219071,14172.01,14172.01,3104.67,9.5591,4036.08,MODERATE
POL001782,0,0,0.2312,0.24759,54378.51,54378.51,13463.58,10.9037,17502.65,VERY_HIGH
POL001783,0,0,0.4415,0.348295,9817.45,9817.45,3419.37,9.192,4445.18,MODERATE
POL001784,0,0,1.0,0.608911,16175.14,16175.14,9849.22,9.6913,12803.99,HIGH
POL001785,0,0,0.2648,0.125496,11966.79,11966.79,1501.79,9.39,1952.33,LOW
POL001786,0,0,1.0,0.696119,9671.37,9671.37,6732.42,9.177,8752.14,HIGH
POL001787,1,3546,0.5,0.747342,17202.5,17202.5,12856.15,9.7529,16712.99,VERY_HIGH
POL001788,0,0,1.0,0.503378,7599.66,7599.66,3825.5,8.936,4973.15,MODERATE
POL001789,1,10349,0.3202,0.176536,41870.65,41870.65,7391.67,10.6424,9609.18,HIGH
POL001790,1,12553,1.0,0.443708,11860.38,11860.38,5262.55,9.381,6841.32,MODERATE
POL001791,0,0,0.1908,0.234917,11573.47,11573.47,2718.81,9.3566,3534.45,MODERATE
POL001792,0,0,0.5,0.691974,4878.64,4878.64,3375.89,8.4928,4388.66,MODERATE
POL001793,0,0,1.0,0.639809,4545.85,4545.85,2908.47,8.4222,3781.02,MODERATE
POL001794,0,0,0.2472,0.556521,13532.37,13532.37,7531.04,9.5129,9790.36,HIGH
POL001795,0,0,0.5,0.77969,15125.04,15125.04,11792.83,9.6242,15330.68,HIGH
POL001796,1,5467,0.9176,0.707829,5865.98,5865.98,4152.11,8.6771,5397.75,MODERATE
POL001797,0,0,1.0,0.496885,5092.66,5092.66,2530.47,8.5358,3289.61,MODERATE
POL001798,0,0,0.6274,0.172752,10497.06,10497.06,1813.39,9.2589,2357.41,MODERATE
POL001799,0,0,0.1664,0.398411,13886.15,13886.15,5532.4,9.5387,7192.11,HIGH
POL001800,0,0,1.0,0.174159,6344.09,6344.09,1104.88,8.7554,1436.34,LOW
POL001801,0,0,0.4079,0.42091,8477.57,8477.57,3568.29,9.0453,4638.78,MODERATE
POL001802,0,0,0.2588,0.583549,12545.62,12545.62,7320.99,9.4372,9517.29,HIGH
POL001803,1,7539,0.5147,0.37719,2740.68,2740.68,1033.76,7.9163,1343.88,LOW
POL001804,1,21882,0.5,0.790789,23552.84,23552.84,18625.32,10.067,24212.91,VERY_HIGH
POL001805,0,0,1.0,0.728959,6959.06,6959.06,5072.87,8.8479,6594.73,MODERATE
POL001806,0,0,1.0,0.359241,4422.64,4422.64,1588.79,8.3947,2065.43,LOW
POL001807,0,0,1.0,0.174726,8871.47,8871.47,1550.07,9.0907,2015.09,LOW
POL001808,0,0,0.9809,0.091729,4876.25,4876.25,447.3,8.4923,581.48,LOW
POL001809,0,0,1.0,0.258733,2415.05,2415.05,624.85,7.7899,812.31,LOW
POL001810,0,0,0.25,0.285403,12470.24,12470.24,3559.04,9.4312,4626.76,MODERATE
POL001811,0,0,1.0,0.577812,7608.71,7608.71,4396.4,8.9372,5715.32,MODERATE
POL001812,0,0,1.0,0.858861,8374.74,8374.74,7192.74,9.0331,9350.56,HIGH
POL001813,1,7524,0.5,0.531241,2996.91,2996.91,1592.08,8.0057,2069.71,LOW
POL001814,0,0,1.0,0.196269,4927.01,4927.01,967.02,8.5027,1257.13,LOW
POL001815,1,2912,1.0,0.37567,6483.1,6483.1,2435.51,8.7771,3166.16,MODERATE
POL001816,0,0,0.6734,0.400508,5730.7,5730.7,2295.19,8.6538,2983.75,MODERATE
POL001817,0,0,0.5,0.197904,6433.08,6433.08,1273.13,8.7694,1655.07,LOW
POL001818,0,0,0.4617,0.159263,13738.38,13738.38,2188.01,9.528,2844.41,MODERATE
POL001819,0,0,1.0,0.610539,10348.4,10348.4,6318.1,9.2447,8213.53,HIGH
POL001820,1,8931,0.25,0.561233,7346.53,7346.53,4123.11,8.9021,5360.04,MODERATE
POL001821,0,0,1.0,0.356246,6431.75,6431.75,2291.28,8.7692,2978.67,MODERATE
POL001822,0,0,0.162,0.572804,13994.81,13994.81,8016.28,9.5465,10421.17,HIGH
POL001823,0,0,0.7844,0.538595,5027.23,5027.23,2707.64,8.5228,3519.94,MODERATE
POL001824,0,0,1.0,0.183036,5676.7,5676.7,1039.04,8.6443,1350.75,LOW
POL001825,0,0,0.7034,0.246706,5920.45,5920.45,1460.61,8.6863,1898.79,LOW
POL001826,0,0,0.5,0.119098,6334.43,6334.43,754.42,8.7539,980.74,LOW
POL001827,0,0,1.0,0.255568,13639.04,13639.04,3485.7,9.5208,4531.41,MODERATE
POL001828,0,0,0.1823,0.794291,9360.35,9360.35,7434.84,9.1443,9665.29,HIGH
POL001829,0,0,0.4384,0.178893,14012.15,14012.15,2506.68,9.5478,3258.68,MODERATE
POL001830,0,0,1.0,0.463592,7812.68,7812.68,3621.89,8.9636,4708.46,MODERATE
POL001831,0,0,1.0,0.277076,4907.2,4907.2,1359.67,8.4987,1767.57,LOW
POL001832,0,0,0.5,0.535229,8307.04,8307.04,4446.17,9.025,5780.02,MODERATE
POL001833,0,0,1.0,0.207236,4835.75,4835.75,1002.14,8.484,1302.79,LOW
POL001834,0,0,0.8052,0.804346,20211.09,20211.09,16256.7,9.914,21133.71,VERY_HIGH
POL001835,0,0,1.0,0.225926,11939.95,11939.95,2697.55,9.3877,3506.81,MODERATE
POL001836,0,0,0.4542,0.683527,15033.3,15033.3,10275.67,9.6181,13358.37,HIGH
POL001837,0,0,0.4547,0.478771,11414.9,11414.9,5465.12,9.3428,7104.65,MODERATE
POL001838,0,0,0.5,0.450295,4159.64,4159.64,1873.07,8.3334,2434.99,MODERATE
POL001839,0,0,1.0,0.232139,12633.03,12633.03,2932.62,9.4441,3812.4,MODERATE
POL001840,0,0,1.0,0.58341,11011.14,11011.14,6424.02,9.3068,8351.22,HIGH
POL001841,0,0,0.4625,0.200497,4925.39,4925.39,987.52,8.5024,1283.78,LOW
POL001842,0,0,0.2859,0.209406,47046.88,47046.88,9851.88,10.7589,12807.45,HIGH
POL001843,0,0,0.5896,0.641093,16661.37,16661.37,10681.49,9.7209,13885.94,HIGH
POL001844,0,0,1.0,0.691058,7549.1,7549.1,5216.87,8.9293,6781.93,MODERATE
POL001845,1,9503,0.5005,0.850697,35669.98,35669.98,30344.34,10.4821,39447.64,VERY_HIGH
POL001846,0,0,0.25,0.331898,28402.24,28402.24,9426.64,10.2543,12254.63,HIGH
POL001847,0,0,0.5,0.629839,19937.45,19937.45,12557.38,9.9004,16324.59,VERY_HIGH
POL001848,0,0,0.164,0.377218,13126.62,13126.62,4951.6,9.4825,6437.08,MODERATE
POL001849,1,8608,0.8623,0.327397,6449.23,6449.23,2111.46,8.7719,2744.9,MODERATE
POL001850,0,0,1.0,0.789854,13102.38,13102.38,10348.97,9.4806,13453.66,HIGH
POL001851,0,0,0.8252,0.248393,5453.97,5453.97,1354.73,8.6043,1761.15,LOW
POL001852,0,0,1.0,0.704974,7790.11,7790.11,5491.82,8.9607,7139.37,MODERATE
POL001853,0,0,0.25,0.892091,9145.16,9145.16,8158.32,9.1211,10605.81,HIGH
POL001854,0,0,0.364,0.540029,7104.39,7104.39,3836.58,8.8686,4987.55,MODERATE
POL001855,0,0,0.2292,0.228143,25279.22,25279.22,5767.27,10.1378,7497.44,HIGH
POL001856,0,0,0.2057,0.363688,49251.73,49251.73,17912.29,10.8047,23285.97,VERY_HIGH
POL001857,0,0,0.25,0.28332,7268.73,7268.73,2059.38,8.8915,2677.19,MODERATE
POL001858,0,0,0.2848,0.438433,11932.59,11932.59,5231.64,9.3871,6801.13,MODERATE
POL001859,0,0,1.0,0.343656,8316.45,8316.45,2858.0,9.0261,3715.4,MODERATE
POL001860,0,0,1.0,0.456993,10516.16,10516.16,4805.81,9.2608,6247.56,MODERATE
POL001861,0,0,0.5,0.825355,20279.72,20279.72,16737.97,9.9174,21759.36,VERY_HIGH
POL001862,0,0,0.8962,0.470525,12400.02,12400.02,5834.52,9.4255,7584.88,HIGH
POL001863,0,0,1.0,0.234202,16264.52,16264.52,3809.18,9.6968,4951.94,MODERATE
POL001864,0,0,0.5,0.827633,11709.62,11709.62,9691.26,9.3683,12598.64,HIGH
POL001865,0,0,0.6549,0.372302,4592.79,4592.79,1709.9,8.4325,2222.87,LOW
POL001866,0,0,0.5,0.130723,16013.46,16013.46,2093.32,9.6812,2721.32,MODERATE
POL001867,0,0,1.0,0.380086,14640.7,14640.7,5564.72,9.5916,7234.14,HIGH
POL001868,0,0,0.5,0.453569,5075.16,5075.16,2301.93,8.5323,2992.51,MODERATE
POL001869,0,0,0.959,0.278946,5297.77,5297.77,1477.79,8.5752,1921.13,LOW
POL001870,0,0,0.25,0.551928,7371.49,7371.49,4068.53,8.9055,5289.09,MODERATE
POL001871,0,0,0.25,0.85092,31561.61,31561.61,26856.41,10.3597,34913.33,VERY_HIGH
POL001872,0,0,0.23,0.230105,14072.95,14072.95,3238.26,9.5521,4209.73,MODERATE
POL001873,0,0,1.0,0.20787,7940.57,7940.57,1650.61,8.9799,2145.79,LOW
POL001874,0,0,0.25,0.294315,6978.37,6978.37,2053.84,8.8507,2669.99,MODERATE
POL001875,0,0,0.6456,0.38038,8559.57,8559.57,3255.89,9.0549,4232.66,MODERATE
POL001876,0,0,0.7669,0.611938,4560.83,4560.83,2790.95,8.4255,3628.23,MODERATE
POL001877,0,0,0.4024,0.298388,14855.5,14855.5,4432.7,9.6062,5762.51,MODERATE
POL001878,0,0,0.2746,0.203005,11691.7,11691.7,2373.48,9.3667,3085.52,MODERATE
POL001879,0,0,0.1456,0.346716,33778.18,33778.18,11711.42,10.4276,15224.85,HIGH
POL001880,0,0,1.0,0.631187,6232.86,6232.86,3934.1,8.7378,5114.34,MODERATE
POL001881,0,0,1.0,0.592987,12614.22,12614.22,7480.07,9.4427,9724.09,HIGH
POL001882,1,17588,1.0,0.676895,19719.47,19719.47,13348.0,9.8894,17352.41,VERY_HIGH
POL001883,0,0,0.613,0.74934,19188.76,19188.76,14378.91,9.8621,18692.58,VERY_HIGH
POL001884,0,0,0.5,0.520567,16740.61,16740.61,8714.6,9.7257,11328.98,HIGH
POL001885,0,0,1.0,0.42707,4814.56,4814.56,2056.16,8.4796,2673.0,MODERATE
POL001886,0,0,0.9176,0.41533,3667.23,3667.23,1523.11,8.2075,1980.04,LOW
POL001887,0,0,0.4362,0.471658,10752.61,10752.61,5071.56,9.283,6593.03,MODERATE
POL001888,0,0,0.3012,0.173681,18143.08,18143.08,3151.1,9.8061,4096.44,MODERATE
POL001889,0,0,0.7185,0.457588,20257.09,20257.09,9269.4,9.9163,12050.22,HIGH
POL001890,0,0,0.5935,0.263764,2818.54,2818.54,743.43,7.9443,966.46,LOW
POL001891,0,0,0.5,0.165484,11520.64,11520.64,1906.48,9.352,2478.42,MODERATE
POL001892,1,1812,0.8704,0.442559,4082.18,4082.18,1806.61,8.3146,2348.59,MODERATE
POL001893,0,0,0.9196,0.37023,16089.6,16089.6,5956.85,9.686,7743.91,HIGH
POL001894,0,0,0.5,0.499308,8917.23,8917.23,4452.45,9.0959,5788.18,MODERATE
POL001895,0,0,0.5,0.278848,24075.56,24075.56,6713.42,10.089,8727.45,HIGH
POL001896,0,0,0.9364,0.306663,18357.3,18357.3,5629.5,9.8178,7318.35,HIGH
POL001897,0,0,1.0,0.226072,5132.82,5132.82,1160.39,8.5436,1508.5,LOW
POL001898,1,19612,0.7999,0.906022,4669.34,4669.34,4230.52,8.449,5499.68,MODERATE
POL001899,0,0,1.0,0.258213,4169.61,4169.61,1076.65,8.3358,1399.64,LOW
POL001900,0,0,1.0,0.416119,4919.93,4919.93,2047.28,8.5013,2661.46,MODERATE
POL001901,0,0,0.25,0.244611,4263.06,4263.06,1042.79,8.358,1355.63,LOW
POL001902,1,15373,0.3543,0.881406,6092.35,6092.35,5369.83,8.715,6980.78,MODERATE
POL001903,0,0,0.25,0.269555,9063.45,9063.45,2443.1,9.1121,3176.03,MODERATE
POL001904,0,0,1.0,0.322382,13864.24,13864.24,4469.59,9.5371,5810.47,MODERATE
POL001905,0,0,0.25,0.416405,8374.74,8374.74,3487.28,9.0331,4533.47,MODERATE
POL001906,0,0,0.9948,0.221948,11445.75,11445.75,2540.37,9.3455,3302.47,MODERATE
POL001907,0,0,0.5,0.620984,6815.43,6815.43,4232.27,8.8271,5501.96,MODERATE
POL001908,0,0,1.0,0.594742,6518.15,6518.15,3876.62,8.7825,5039.61,MODERATE
POL001909,0,0,0.8975,0.412487,2778.63,2778.63,1146.15,7.9301,1489.99,LOW
POL001910,0,0,0.4001,0.454023,23188.59,23188.59,10528.16,10.0515,13686.61,HIGH
POL001911,0,0,1.0,0.76569,24250.06,24250.06,18568.03,10.0962,24138.44,VERY_HIGH
POL001912,0,0,1.0,0.224503,5504.34,5504.34,1235.74,8.6135,1606.46,LOW
POL001913,0,0,0.5593,0.35572,24289.9,24289.9,8640.4,10.0979,11232.51,HIGH
POL001914,0,0,0.5,0.591166,7740.86,7740.86,4576.13,8.9544,5948.97,MODERATE
POL001915,0,0,0.3704,0.730032,12694.75,12694.75,9267.57,9.449,12047.84,HIGH
POL001916,0,0,0.4661,0.811511,17050.89,17050.89,13836.98,9.744,17988.08,VERY_HIGH
POL001917,1,921110,0.1928,0.642311,197754.16,197754.16,127019.64,12.1948,165125.53,VERY_HIGH
POL001918,0,0,0.4211,0.877277,12250.56,12250.56,10747.14,9.4134,13971.28,HIGH
POL001919,0,0,0.4878,0.585839,6428.08,6428.08,3765.82,8.7686,4895.57,MODERATE
POL001920,0,0,0.6655,0.492909,12158.45,12158.45,5993.0,9.4059,7790.91,HIGH
POL001921,0,0,0.9758,0.657002,6321.2,6321.2,4153.04,8.7518,5398.96,MODERATE
POL001922,0,0,0.3478,0.409661,13243.87,13243.87,5425.49,9.4914,7053.14,MODERATE
POL001923,0,0,1.0,0.515168,9566.27,9566.27,4928.24,9.1661,6406.71,MODERATE
POL001924,1,4379,1.0,0.834285,4024.33,4024.33,3357.44,8.3004,4364.67,MODERATE
POL001925,0,0,0.3029,0.621952,21436.18,21436.18,13332.28,9.9729,17331.97,VERY_HIGH
POL001926,0,0,0.25,0.825441,5668.65,5668.65,4679.14,8.6429,6082.88,MODERATE
POL001927,0,0,0.5,0.320283,5017.0,5017.0,1606.86,8.5208,2088.92,LOW
POL001928,0,0,0.933,0.535388,11837.47,11837.47,6337.64,9.3791,8238.93,HIGH
POL001929,0,0,0.4707,0.237461,12743.54,12743.54,3026.09,9.4529,3933.92,MODERATE
POL001930,0,0,0.5014,0.43858,7887.31,7887.31,3459.22,8.9731,4496.98,MODERATE
POL001931,0,0,0.4091,0.311752,12700.19,12700.19,3959.31,9.4495,5147.1,MODERATE
POL001932,0,0,0.8378,0.65353,23163.83,23163.83,15138.26,10.0504,19679.74,VERY_HIGH
POL001933,0,0,0.9287,0.339009,2580.65,2580.65,874.86,7.8562,1137.32,LOW
POL001934,0,0,0.1911,0.340113,8531.86,8531.86,2901.8,9.0517,3772.34,MODERATE
POL001935,0,0,0.6887,0.563015,17411.86,17411.86,9803.13,9.765,12744.07,HIGH
POL001936,0,0,0.5,0.234602,6595.21,6595.21,1547.25,8.7943,2011.42,LOW
POL001937,1,9554,0.5639,0.57402,7868.8,7868.8,4516.84,8.9708,5871.89,MODERATE
POL001938,0,0,1.0,0.253228,8353.05,8353.05,2115.22,9.0305,2749.79,MODERATE
POL001939,0,0,0.4221,0.488376,15013.42,15013.42,7332.19,9.6168,9531.85,HIGH
POL001940,0,0,0.1832,0.481938,9459.59,9459.59,4558.94,9.1549,5926.62,MODERATE
POL001941,0,0,1.0,0.381505,4981.56,4981.56,1900.49,8.5137,2470.63,MODERATE
POL001942,0,0,0.0654,0.43746,14535.98,14535.98,6358.91,9.5845,8266.58,HIGH
POL001943,0,0,0.4473,0.270045,10596.38,10596.38,2861.5,9.2684,3719.95,MODERATE
POL001944,0,0,1.0,0.816429,7615.86,7615.86,6217.8,8.9381,8083.14,HIGH
POL001945,0,0,0.8089,0.739297,21693.95,21693.95,16038.27,9.9848,20849.75,VERY_HIGH
POL001946,0,0,1.0,0.392178,15478.68,15478.68,6070.4,9.6473,7891.53,HIGH
POL001947,1,4152,0.25,0.24304,7781.44,7781.44,1891.2,8.9596,2458.56,MODERATE
POL001948,1,8262,1.0,0.446727,8935.88,8935.88,3991.9,9.0979,5189.47,MODERATE
POL001949,0,0,1.0,0.430506,4546.3,4546.3,1957.21,8.4223,2544.38,MODERATE
POL001950,0,0,0.5,0.540451,10209.69,10209.69,5517.84,9.2312,7173.19,HIGH
POL001951,0,0,1.0,0.826714,8712.07,8712.07,7202.39,9.0726,9363.11,HIGH
POL001952,0,0,0.328,0.344601,5299.8,5299.8,1826.32,8.5756,2374.21,MODERATE
POL001953,0,0,0.5955,0.362571,10178.73,10178.73,3690.52,9.2282,4797.67,MODERATE
POL001954,0,0,0.3054,0.41519,12743.2,12743.2,5290.84,9.4528,6878.1,MODERATE
POL001955,0,0,1.0,0.197303,5899.94,5899.94,1164.08,8.6829,1513.3,LOW
POL001956,0,0,1.0,0.222199,5291.44,5291.44,1175.76,8.574,1528.48,LOW
POL001957,0,0,0.9747,0.551541,11579.28,11579.28,6386.44,9.3571,8302.38,HIGH
POL001958,0,0,0.4593,0.515467,11559.74,11559.74,5958.66,9.3554,7746.26,HIGH
POL001959,0,0,0.2727,0.425614,15658.4,15658.4,6664.44,9.6588,8663.77,HIGH
POL001960,1,11790,0.1986,0.866699,13632.16,13632.16,11814.98,9.5203,15359.47,HIGH
POL001961,0,0,1.0,0.890851,9646.76,9646.76,8593.83,9.1745,11171.98,HIGH
POL001962,0,0,1.0,0.719513,16013.18,16013.18,11521.7,9.6812,14978.21,HIGH
POL001963,0,0,1.0,0.46708,6081.18,6081.18,2840.4,8.7131,3692.52,MODERATE
POL001964,0,0,0.6295,0.342046,6954.48,6954.48,2378.75,8.8473,3092.38,MODERATE
POL001965,0,0,0.668,0.28667,16680.56,16680.56,4781.81,9.7221,6216.35,MODERATE
POL001966,0,0,0.3861,0.333366,6462.05,6462.05,2154.23,8.7739,2800.49,MODERATE
POL001967,0,0,0.5,0.758222,5753.4,5753.4,4362.35,8.6577,5671.06,MODERATE
POL001968,0,0,0.25,0.403722,6753.25,6753.25,2726.43,8.8179,3544.36,MODERATE
POL001969,0,0,0.9362,0.632399,11769.03,11769.03,7442.72,9.3733,9675.53,HIGH
POL001970,0,0,0.366,0.238311,19273.97,19273.97,4593.21,9.8666,5971.17,MODERATE
POL001971,0,0,0.5135,0.389796,4145.85,4145.85,1616.04,8.3301,2100.85,LOW
POL001972,0,0,0.5,0.339871,7137.02,7137.02,2425.67,8.8732,3153.37,MODERATE
POL001973,0,0,0.3069,0.502469,14516.02,14516.02,7293.86,9.5831,9482.01,HIGH
POL001974,0,0,0.5,0.154883,34327.63,34327.63,5316.77,10.4437,6911.8,MODERATE
POL001975,0,0,0.5,0.30534,5083.56,5083.56,1552.22,8.534,2017.88,LOW
POL001976,0,0,0.6138,0.739342,28813.48,28813.48,21303.02,10.2686,27693.93,VERY_HIGH
POL001977,0,0,1.0,0.574679,6917.04,6917.04,3975.08,8.8419,5167.61,MODERATE
POL001978,0,0,0.4072,0.332244,4486.12,4486.12,1490.48,8.409,1937.63,LOW
POL001979,0,0,0.5021,0.345027,50203.27,50203.27,17321.46,10.8239,22517.9,VERY_HIGH
POL001980,0,0,0.5,0.286868,5072.7,5072.7,1455.19,8.5318,1891.75,LOW
POL001981,0,0,0.5,0.399521,3624.61,3624.61,1448.11,8.1958,1882.54,LOW
POL001982,0,0,1.0,0.478918,28241.27,28241.27,13525.25,10.2486,17582.83,VERY_HIGH
POL001983,0,0,0.5,0.411191,6115.53,6115.53,2514.65,8.7187,3269.05,MODERATE
POL001984,0,0,0.8294,0.310267,6098.05,6098.05,1892.03,8.7159,2459.63,MODERATE
POL001985,0,0,0.5539,0.328246,3768.85,3768.85,1237.11,8.2348,1608.25,LOW
POL001986,0,0,0.4546,0.326906,8457.55,8457.55,2764.82,9.0429,3594.27,MODERATE
POL001987,0,0,0.875,0.338955,11512.13,11512.13,3902.09,9.3512,5072.72,MODERATE
POL001988,0,0,0.7293,0.150794,11793.24,11793.24,1778.35,9.3754,2311.86,LOW
POL001989,0,0,0.6947,0.535471,9885.43,9885.43,5293.36,9.1989,6881.37,MODERATE
POL001990,1,13573,0.3118,0.73769,12993.35,12993.35,9585.06,9.4723,12460.58,HIGH
POL001991,0,0,0.1924,0.493188,12844.83,12844.83,6334.92,9.4608,8235.39,HIGH
POL001992,0,0,0.5,0.215496,3282.56,3282.56,707.38,8.0967,919.59,LOW
POL001993,1,18804,0.9072,0.85376,7544.31,7544.31,6441.03,8.9287,8373.34,HIGH
POL001994,0,0,1.0,0.144502,4500.86,4500.86,650.38,8.4122,845.5,LOW
POL001995,0,0,1.0,0.872072,3990.55,3990.55,3480.04,8.2919,4524.05,MODERATE
POL001996,0,0,0.5325,0.198205,12395.48,12395.48,2456.85,9.4252,3193.91,MODERATE
POL001997,0,0,0.5457,0.436306,11275.38,11275.38,4919.52,9.3305,6395.37,MODERATE
POL001998,0,0,0.1605,0.485073,8339.44,8339.44,4045.24,9.0289,5258.81,MODERATE
POL001999,0,0,0.5598,0.717005,19361.55,19361.55,13882.33,9.8711,18047.03,VERY_HIGH
POL002000,0,0,0.25,0.198095,9921.02,9921.02,1965.31,9.2025,2554.9,MODERATE
POL002001,0,0,0.2509,0.354074,27135.1,27135.1,9607.84,10.2086,12490.19,HIGH
POL002002,0,0,0.5,0.175275,11842.58,11842.58,2075.7,9.3795,2698.41,MODERATE
POL002003,0,0,0.5,0.451335,7654.74,7654.74,3454.85,8.9432,4491.31,MODERATE
POL002004,0,0,0.1532,0.421046,10129.29,10129.29,4264.9,9.2233,5544.37,MODERATE
POL002005,0,0,0.5,0.356109,13406.03,13406.03,4774.0,9.5035,6206.2,MODERATE
POL002006,1,3028,1.0,0.685523,7283.52,7283.52,4993.02,8.8935,6490.93,MODERATE
POL002007,0,0,1.0,0.381441,14109.34,14109.34,5381.88,9.5547,6996.44,MODERATE
POL002008,0,0,0.7779,0.781346,9835.57,9835.57,7684.99,9.1939,9990.48,HIGH
POL002009,1,5178,1.0,0.381883,5672.18,5672.18,2166.11,8.6435,2815.94,MODERATE
POL002010,1,715360,0.2128,0.835109,28252.93,28252.93,23594.27,10.249,30672.55,VERY_HIGH
POL002011,0,0,0.25,0.754066,8498.67,8498.67,6408.56,9.0478,8331.13,HIGH
POL002012,0,0,0.3676,0.238695,46643.41,46643.41,11133.54,10.7503,14473.6,HIGH
POL002013,1,1552,0.25,0.772613,8419.83,8419.83,6505.27,9.0385,8456.84,HIGH
POL002014,0,0,0.5,0.399667,6132.88,6132.88,2451.11,8.7216,3186.44,MODERATE
POL002015,0,0,0.5,0.393539,5048.6,5048.6,1986.82,8.5271,2582.87,MODERATE
POL002016,0,0,0.9238,0.301508,10566.64,10566.64,3185.93,9.2656,4141.7,MODERATE
POL002017,0,0,0.3504,0.498355,12699.29,12699.29,6328.76,9.4494,8227.38,HIGH
POL002018,0,0,1.0,0.659691,41853.99,41853.99,27610.7,10.642,35893.92,VERY_HIGH
POL002019,0,0,0.6607,0.510125,20590.01,20590.01,10503.48,9.9326,13654.52,HIGH
POL002020,1,3772,1.0,0.544308,4460.15,4460.15,2427.69,8.4032,3156.0,MODERATE
POL002021,0,0,0.6361,0.513828,23490.38,23490.38,12070.02,10.0644,15691.02,VERY_HIGH
POL002022,0,0,0.8109,0.532764,5065.31,5065.31,2698.62,8.5304,3508.2,MODERATE
POL002023,0,0,0.7293,0.644821,7194.17,7194.17,4638.95,8.8812,6030.64,MODERATE
POL002024,0,0,0.25,0.924836,8592.84,8592.84,7946.96,9.0588,10331.05,HIGH
POL002025,1,825,0.5,0.287108,4674.8,4674.8,1342.17,8.4502,1744.82,LOW
POL002026,0,0,0.7394,0.298394,2567.43,2567.43,766.11,7.8511,995.94,LOW
POL002027,1,4391,1.0,0.440011,6038.43,6038.43,2656.97,8.7061,3454.06,MODERATE
POL002028,0,0,0.5,0.446436,4274.6,4274.6,1908.33,8.3607,2480.84,MODERATE
POL002029,0,0,0.3101,0.389424,28158.44,28158.44,10965.57,10.2456,14255.24,HIGH
POL002030,0,0,0.331,0.170013,11612.93,11612.93,1974.34,9.36,2566.65,MODERATE
POL002031,0,0,1.0,0.50404,4322.96,4322.96,2178.95,8.3719,2832.63,MODERATE
POL002032,0,0,0.3684,0.259226,5629.43,5629.43,1459.3,8.6359,1897.08,LOW
POL002033,0,0,0.3545,0.619643,5491.35,5491.35,3402.68,8.6111,4423.48,MODERATE
POL002034,1,9717,0.25,0.687365,22104.9,22104.9,15194.14,10.0036,19752.38,VERY_HIGH
POL002035,0,0,0.2262,0.734483,22190.05,22190.05,16298.21,10.0074,21187.67,VERY_HIGH
POL002036,1,3310545,0.3847,0.383802,37472.69,37472.69,14382.09,10.5314,18696.72,VERY_HIGH
POL002037,1,4052,1.0,0.458303,10259.81,10259.81,4702.1,9.2361,6112.74,MODERATE
POL002038,0,0,0.5,0.57238,5025.23,5025.23,2876.34,8.5224,3739.24,MODERATE
POL002039,0,0,0.25,0.177186,9628.55,9628.55,1706.04,9.1726,2217.86,LOW
POL002040,0,0,0.8056,0.319548,4117.44,4117.44,1315.72,8.3232,1710.44,LOW
POL002041,0,0,0.5,0.346848,56000.56,56000.56,19423.69,10.9331,25250.8,VERY_HIGH
POL002042,0,0,1.0,0.213522,6010.26,6010.26,1283.32,8.7014,1668.32,LOW
POL002043,0,0,0.473,0.515347,16270.93,16270.93,8385.18,9.6972,10900.73,HIGH
POL002044,0,0,0.7507,0.271715,3346.92,3346.92,909.41,8.1161,1182.23,LOW
POL002045,0,0,0.25,0.260089,27546.51,27546.51,7164.53,10.2237,9313.89,HIGH
POL002046,1,10341,0.9757,0.384268,4383.1,4383.1,1684.28,8.3857,2189.57,LOW
POL002047,0,0,1.0,0.19518,3198.94,3198.94,624.37,8.0709,811.68,LOW
POL002048,0,0,1.0,0.623859,7102.13,7102.13,4430.73,8.8683,5759.95,MODERATE
POL002049,0,0,0.4344,0.374566,9706.71,9706.71,3635.8,9.1807,4726.54,MODERATE
POL002050,0,0,1.0,0.46493,3178.34,3178.34,1477.7,8.0644,1921.01,LOW
POL002051,0,0,0.2678,0.480576,5285.83,5285.83,2540.24,8.573,3302.32,MODERATE
POL002052,0,0,0.6951,0.5572,6379.35,6379.35,3554.57,8.761,4620.94,MODERATE
POL002053,0,0,0.8254,0.354908,6182.35,6182.35,2194.16,8.7296,2852.41,MODERATE
POL002054,0,0,0.3328,0.42823,8559.17,8559.17,3665.3,9.0549,4764.89,MODERATE
POL002055,0,0,0.25,0.502267,16215.17,16215.17,8144.35,9.6938,10587.66,HIGH
POL002056,0,0,0.9165,0.222215,4583.32,4583.32,1018.48,8.4304,1324.03,LOW
POL002057,0,0,0.6992,0.334957,4845.82,4845.82,1623.14,8.4861,2110.08,LOW
POL002058,0,0,0.4492,0.354206,14712.22,14712.22,5211.16,9.5965,6774.51,MODERATE
POL002059,0,0,1.0,0.386819,48298.91,48298.91,18682.95,10.7852,24287.84,VERY_HIGH
POL002060,1,8802,1.0,0.625222,12139.21,12139.21,7589.7,9.4043,9866.61,HIGH
POL002061,1,15102,0.9249,0.613609,5323.64,5323.64,3266.63,8.5801,4246.62,MODERATE
POL002062,0,0,0.25,0.549001,6023.85,6023.85,3307.1,8.7036,4299.23,MODERATE
POL002063,0,0,1.0,0.236819,4481.85,4481.85,1061.39,8.408,1379.8,LOW
POL002064,0,0,0.2456,0.573479,17030.99,17030.99,9766.92,9.7428,12696.99,HIGH
POL002065,0,0,0.16,0.59812,11604.58,11604.58,6940.94,9.3592,9023.22,HIGH
POL002066,1,2650,1.0,0.475979,3458.41,3458.41,1646.13,8.1489,2139.97,LOW
POL002067,0,0,0.25,0.288949,9040.39,9040.39,2612.21,9.1096,3395.87,MODERATE
POL002068,0,0,0.9704,0.924556,10978.46,10978.46,10150.19,9.3038,13195.25,HIGH
POL002069,1,19542,1.0,0.860751,26905.42,26905.42,23158.85,10.2001,30106.51,VERY_HIGH
POL002070,0,0,0.9546,0.330868,4763.9,4763.9,1576.22,8.469,2049.09,LOW
POL002071,0,0,0.5,0.438578,4312.2,4312.2,1891.24,8.3694,2458.61,MODERATE
POL002072,0,0,0.5,0.290774,10099.71,10099.71,2936.74,9.2204,3817.76,MODERATE
POL002073,0,0,0.907,0.245282,3716.07,3716.07,911.48,8.2207,1184.93,LOW
POL002074,0,0,1.0,0.758795,9292.88,9292.88,7051.39,9.1371,9166.8,HIGH
POL002075,0,0,0.82,0.315676,28295.06,28295.06,8932.06,10.2505,11611.67,HIGH
POL002076,0,0,0.25,0.854441,10172.79,10172.79,8692.04,9.2276,11299.65,HIGH
POL002077,0,0,0.3918,0.486019,10671.44,10671.44,5186.52,9.2754,6742.48,MODERATE
POL002078,0,0,0.5,0.317289,2863.56,2863.56,908.57,7.9602,1181.15,LOW
POL002079,0,0,0.5933,0.150137,12662.09,12662.09,1901.04,9.4464,2471.36,MODERATE
POL002080,0,0,0.568,0.340302,7142.48,7142.48,2430.6,8.874,3159.79,MODERATE
POL002081,0,0,0.8211,0.37378,11059.79,11059.79,4133.93,9.3112,5374.11,MODERATE
POL002082,0,0,0.7144,0.349678,35240.63,35240.63,12322.89,10.47,16019.75,VERY_HIGH
POL002083,0,0,1.0,0.467877,2637.22,2637.22,1233.89,7.8779,1604.06,LOW
POL002084,0,0,0.25,0.199231,3933.6,3933.6,783.7,8.2776,1018.81,LOW
POL002085,1,9540,0.5,0.574103,5268.25,5268.25,3024.52,8.5696,3931.88,MODERATE
POL002086,0,0,0.9377,0.494014,16750.44,16750.44,8274.96,9.7262,10757.44,HIGH
POL002087,0,0,1.0,0.387234,11290.78,11290.78,4372.17,9.3318,5683.82,MODERATE
POL002088,0,0,1.0,0.373484,62558.06,62558.06,23364.46,11.0439,30373.79,VERY_HIGH
POL002089,0,0,0.8754,0.600893,3607.04,3607.04,2167.45,8.1909,2817.68,MODERATE
POL002090,1,6773,0.4597,0.24416,5110.06,5110.06,1247.67,8.5392,1621.97,LOW
POL002091,0,0,0.6263,0.466022,5751.03,5751.03,2680.11,8.6573,3484.14,MODERATE
POL002092,0,0,0.7615,0.364314,8415.57,8415.57,3065.9,9.038,3985.68,MODERATE
POL002093,0,0,1.0,0.598902,9825.66,9825.66,5884.6,9.1929,7649.98,HIGH
POL002094,0,0,0.25,0.261992,5653.22,5653.22,1481.1,8.6402,1925.43,LOW
POL002095,0,0,1.0,0.348049,9694.08,9694.08,3374.02,9.1794,4386.22,MODERATE
POL002096,0,0,0.25,0.52204,3771.46,3771.46,1968.86,8.2355,2559.51,MODERATE
POL002097,0,0,1.0,0.291063,21908.98,21908.98,6376.9,9.9947,8289.98,HIGH
POL002098,1,11974,0.7315,0.626253,23054.15,23054.15,14437.73,10.0456,18769.05,VERY_HIGH
POL002099,0,0,0.2956,0.324147,22336.46,22336.46,7240.3,10.014,9412.39,HIGH
POL002100,0,0,1.0,0.350975,2615.96,2615.96,918.14,7.8698,1193.58,LOW
POL002101,0,0,0.5,0.43408,5894.52,5894.52,2558.69,8.6819,3326.3,MODERATE
POL002102,0,0,0.1926,0.346739,11612.04,11612.04,4026.35,9.3599,5234.26,MODERATE
POL002103,1,2289,0.5,0.820748,3669.83,3669.83,3012.01,8.2082,3915.61,MODERATE
POL002104,0,0,0.25,0.407681,15745.47,15745.47,6419.13,9.6644,8344.86,HIGH
POL002105,0,0,0.5,0.534563,4513.04,4513.04,2412.5,8.4149,3136.26,MODERATE
POL002106,0,0,0.6616,0.488951,6084.69,6084.69,2975.11,8.7137,3867.65,MODERATE
POL002107,0,0,0.5,0.456406,6685.56,6685.56,3051.33,8.8079,3966.73,MODERATE
POL002108,1,11623,1.0,0.347666,6536.87,6536.87,2272.65,8.7854,2954.44,MODERATE
POL002109,0,0,0.2823,0.414849,30756.88,30756.88,12759.47,10.3339,16587.31,VERY_HIGH
POL002110,0,0,1.0,0.275216,3918.86,3918.86,1078.53,8.2738,1402.09,LOW
POL002111,0,0,1.0,0.284999,6533.37,6533.37,1862.0,8.7848,2420.6,MODERATE
POL002112,0,0,0.4132,0.154313,19397.28,19397.28,2993.26,9.8729,3891.24,MODERATE
POL002113,0,0,1.0,0.417417,8412.41,8412.41,3511.48,9.0376,4564.93,MODERATE
POL002114,0,0,0.3138,0.476442,12956.61,12956.61,6173.08,9.4694,8025.0,HIGH
POL002115,0,0,0.7391,0.744121,20672.36,20672.36,15382.73,9.9366,19997.55,VERY_HIGH
POL002116,0,0,1.0,0.534761,17557.75,17557.75,9389.2,9.7733,12205.96,HIGH
POL002117,0,0,0.3574,0.601419,5055.06,5055.06,3040.2,8.5283,3952.27,MODERATE
POL002118,0,0,0.8719,0.2982,3423.57,3423.57,1020.91,8.1387,1327.18,LOW
POL002119,0,0,0.6184,0.456225,22220.73,22220.73,10137.65,10.0088,13178.94,HIGH
POL002120,0,0,0.6707,0.519656,17934.68,17934.68,9319.86,9.7945,12115.82,HIGH
POL002121,0,0,0.1999,0.318426,11860.66,11860.66,3776.74,9.3811,4909.76,MODERATE
POL002122,0,0,0.5,0.3469,5850.25,5850.25,2029.45,8.6744,2638.28,MODERATE
POL002123,0,0,0.2336,0.287007,17655.13,17655.13,5067.16,9.7788,6587.3,MODERATE
POL002124,0,0,0.5829,0.866601,21106.09,21106.09,18290.55,9.9574,23777.71,VERY_HIGH
POL002125,0,0,0.7275,0.366047,15198.28,15198.28,5563.28,9.629,7232.26,HIGH
POL002126,0,0,1.0,0.864759,5346.43,5346.43,4623.37,8.5844,6010.39,MODERATE
POL002127,0,0,0.9856,0.502669,6080.45,6080.45,3056.45,8.713,3973.39,MODERATE
POL002128,0,0,0.5284,0.755539,15553.69,15553.69,11751.41,9.6521,15276.84,HIGH
POL002129,0,0,1.0,0.316246,18751.31,18751.31,5930.02,9.8391,7709.03,HIGH
POL002130,0,0,0.5386,0.52264,4403.99,4403.99,2301.7,8.3905,2992.21,MODERATE
POL002131,0,0,0.7107,0.223365,30258.5,30258.5,6758.7,10.3176,8786.31,HIGH
POL002132,0,0,1.0,0.256032,4183.85,4183.85,1071.2,8.3392,1392.56,LOW
POL002133,0,0,1.0,0.433127,14243.04,14243.04,6169.05,9.5641,8019.77,HIGH
POL002134,0,0,1.0,0.549906,4261.11,4261.11,2343.21,8.3575,3046.17,MODERATE
POL002135,0,0,0.7084,0.399781,12647.89,12647.89,5056.39,9.4453,6573.31,MODERATE
POL002136,0,0,1.0,0.354712,8207.36,8207.36,2911.25,9.0129,3784.63,MODERATE
POL002137,0,0,1.0,0.298581,13393.99,13393.99,3999.19,9.5026,5198.94,MODERATE
POL002138,1,5628,1.0,0.630149,3514.49,3514.49,2214.65,8.1649,2879.05,MODERATE
POL002139,0,0,0.3917,0.338027,5915.36,5915.36,1999.55,8.6855,2599.42,MODERATE
POL002140,1,8828,0.4877,0.787487,16643.12,16643.12,13106.23,9.7198,17038.1,VERY_HIGH
POL002141,0,0,0.25,0.485984,6102.75,6102.75,2965.84,8.7167,3855.59,MODERATE
POL002142,0,0,1.0,0.632525,7020.92,7020.92,4440.91,8.8568,5773.18,MODERATE
POL002143,1,4435,1.0,0.489834,4922.47,4922.47,2411.19,8.5018,3134.55,MODERATE
POL002144,0,0,0.3636,0.396721,9638.14,9638.14,3823.65,9.1736,4970.75,MODERATE
POL002145,0,0,0.5,0.368618,25890.22,25890.22,9543.61,10.1617,12406.69,HIGH
POL002146,0,0,1.0,0.470753,7278.19,7278.19,3426.23,8.8928,4454.09,MODERATE
POL002147,0,0,1.0,0.336788,2863.62,2863.62,964.43,7.9602,1253.76,LOW
POL002148,0,0,1.0,0.475461,10836.76,10836.76,5152.45,9.2908,6698.19,MODERATE
POL002149,1,18045,0.5,0.38889,15979.35,15979.35,6214.22,9.6791,8078.48,HIGH
POL002150,0,0,1.0,0.209589,5330.88,5330.88,1117.29,8.5815,1452.48,LOW
POL002151,1,3378258,1.0,0.785144,20261.96,20261.96,15908.55,9.9165,20681.12,VERY_HIGH
POL002152,0,0,0.4266,0.218842,17619.75,17619.75,3855.94,9.7768,5012.72,MODERATE
POL002153,0,0,1.0,0.60696,6362.57,6362.57,3861.82,8.7583,5020.37,MODERATE
POL002154,0,0,0.9366,0.253576,4837.16,4837.16,1226.59,8.4843,1594.57,LOW
POL002155,0,0,0.4734,0.327508,13507.16,13507.16,4423.71,9.511,5750.82,MODERATE
POL002156,0,0,0.9279,0.235205,4351.62,4351.62,1023.52,8.3785,1330.58,LOW
POL002157,1,16249,0.4469,0.452603,11706.25,11706.25,5298.28,9.368,6887.77,MODERATE
POL002158,0,0,1.0,0.797448,6681.81,6681.81,5328.4,8.8073,6926.92,MODERATE
POL002159,0,0,0.6978,0.380921,8911.69,8911.69,3394.65,9.0952,4413.05,MODERATE
POL002160,0,0,0.1179,0.62112,9737.31,9737.31,6048.04,9.1838,7862.45,HIGH
POL002161,0,0,1.0,0.323541,8240.29,8240.29,2666.07,9.0169,3465.89,MODERATE
POL002162,0,0,1.0,0.413432,5718.83,5718.83,2364.35,8.6517,3073.65,MODERATE
POL002163,0,0,0.5,0.289068,14511.53,14511.53,4194.82,9.5828,5453.27,MODERATE
POL002164,0,0,0.7181,0.378438,11767.03,11767.03,4453.1,9.3731,5789.03,MODERATE
POL002165,0,0,1.0,0.316698,4870.09,4870.09,1542.35,8.4911,2005.05,LOW
POL002166,0,0,0.7198,0.411058,15448.7,15448.7,6350.32,9.6453,8255.41,HIGH
POL002167,1,18461,1.0,0.873977,7175.27,7175.27,6271.02,8.8785,8152.32,HIGH
POL002168,0,0,0.5,0.395147,4416.74,4416.74,1745.26,8.3934,2268.84,LOW
POL002169,0,0,1.0,0.598712,11198.53,11198.53,6704.7,9.3236,8716.11,HIGH
POL002170,0,0,0.6417,0.495799,14327.8,14327.8,7103.71,9.57,9234.82,HIGH
POL002171,0,0,1.0,0.53119,4683.41,4683.41,2487.78,8.452,3234.11,MODERATE
POL002172,0,0,0.5,0.685649,4752.9,4752.9,3258.82,8.4667,4236.46,MODERATE
POL002173,0,0,0.5,0.3906,2700.0,2700.0,1054.62,7.9014,1371.01,LOW
POL002174,0,0,1.0,0.734677,13743.43,13743.43,10096.98,9.5284,13126.08,HIGH
POL002175,0,0,0.3465,0.471903,46408.26,46408.26,21900.19,10.7453,28470.24,VERY_HIGH
POL002176,0,0,0.7337,0.464278,4363.66,4363.66,2025.95,8.3813,2633.73,MODERATE
POL002177,0,0,0.7869,0.368306,3252.45,3252.45,1197.9,8.0875,1557.27,LOW
POL002178,0,0,1.0,0.261217,5448.77,5448.77,1423.31,8.6033,1850.31,LOW
POL002179,0,0,0.5,0.445573,7815.98,7815.98,3482.59,8.9641,4527.37,MODERATE
POL002180,0,0,1.0,0.340837,5238.09,5238.09,1785.33,8.5639,2320.93,LOW
POL002181,0,0,0.5814,0.353109,8399.1,8399.1,2965.8,9.036,3855.54,MODERATE
POL002182,0,0,0.8532,0.740043,22037.99,22037.99,16309.05,10.0006,21201.77,VERY_HIGH
POL002183,0,0,0.877,0.358367,4468.38,4468.38,1601.32,8.405,2081.72,LOW
POL002184,0,0,0.5,0.249541,22325.61,22325.61,5571.16,10.0135,7242.5,HIGH
POL002185,0,0,1.0,0.495077,46818.57,46818.57,23178.81,10.7541,30132.46,VERY_HIGH
POL002186,0,0,1.0,0.272293,5974.33,5974.33,1626.76,8.6954,2114.79,LOW
POL002187,0,0,1.0,0.628836,19182.43,19182.43,12062.6,9.8618,15681.38,VERY_HIGH
POL002188,0,0,1.0,0.386791,3690.2,3690.2,1427.34,8.2137,1855.54,LOW
POL002189,0,0,0.4157,0.459227,14049.12,14049.12,6451.73,9.5504,8387.25,HIGH
POL002190,0,0,0.202,0.216553,17393.44,17393.44,3766.6,9.7639,4896.59,MODERATE
POL002191,0,0,0.747,0.387593,5821.27,5821.27,2256.28,8.6694,2933.17,MODERATE
POL002192,0,0,1.0,0.582689,6053.93,6053.93,3527.56,8.7086,4585.82,MODERATE
POL002193,1,10713,1.0,0.586737,5821.79,5821.79,3415.86,8.6695,4440.62,MODERATE
POL002194,0,0,0.25,0.553319,5272.86,5272.86,2917.57,8.5705,3792.84,MODERATE
POL002195,1,6158,1.0,0.460232,3361.7,3361.7,1547.16,8.1205,2011.31,LOW
POL002196,0,0,1.0,0.251598,4588.76,4588.76,1154.52,8.4316,1500.88,LOW
POL002197,1,9390,0.5,0.336905,7751.2,7751.2,2611.42,8.9557,3394.84,MODERATE
POL002198,1,28506,0.5763,0.714802,8503.61,8503.61,6078.39,9.0484,7901.91,HIGH
POL002199,0,0,0.9555,0.513244,13178.49,13178.49,6763.78,9.4864,8792.91,HIGH
POL002200,0,0,0.25,0.455608,4034.0,4034.0,1837.92,8.3028,2389.3,MODERATE
POL002201,0,0,1.0,0.481735,4469.75,4469.75,2153.24,8.4053,2799.21,MODERATE
POL002202,0,0,1.0,0.339699,6381.8,6381.8,2167.89,8.7614,2818.26,MODERATE
POL002203,0,0,0.5,0.368874,2887.52,2887.52,1065.13,7.9685,1384.67,LOW
POL002204,0,0,0.2302,0.582747,15104.7,15104.7,8802.22,9.6228,11442.88,HIGH
POL002205,0,0,0.1512,0.362598,15539.39,15539.39,5634.55,9.6512,7324.92,HIGH
POL002206,0,0,1.0,0.14355,8309.46,8309.46,1192.82,9.0253,1550.67,LOW
POL002207,0,0,1.0,0.776914,5176.47,5176.47,4021.67,8.5521,5228.17,MODERATE
POL002208,0,0,0.5024,0.389729,4869.64,4869.64,1897.84,8.491,2467.19,MODERATE
POL002209,0,0,0.59,0.399846,4694.49,4694.49,1877.07,8.4544,2440.19,MODERATE
POL002210,0,0,0.3343,0.305379,17510.91,17510.91,5347.47,9.7706,6951.72,MODERATE
POL002211,1,16891,1.0,0.742702,12417.85,12417.85,9222.77,9.427,11989.6,HIGH
POL002212,0,0,0.5,0.495103,4749.84,4749.84,2351.66,8.4661,3057.16,MODERATE
POL002213,1,3197,1.0,0.826886,6537.9,6537.9,5406.1,8.7855,7027.93,MODERATE
POL002214,1,4363,0.1328,0.882206,18621.44,18621.44,16427.95,9.8321,21356.33,VERY_HIGH
POL002215,1,2018,0.6988,0.598453,16001.29,16001.29,9576.02,9.6805,12448.82,HIGH
POL002216,1,5705,0.5994,0.371932,7741.7,7741.7,2879.39,8.9545,3743.2,MODERATE
POL002217,1,10051,0.3041,0.700426,5224.15,5224.15,3659.13,8.5612,4756.87,MODERATE
POL002218,0,0,0.2863,0.21545,46418.76,46418.76,10000.91,10.7455,13001.18,HIGH
POL002219,0,0,0.3667,0.606083,21703.62,21703.62,13154.19,9.9853,17100.45,VERY_HIGH
POL002220,0,0,0.25,0.231017,7203.03,7203.03,1664.02,8.8824,2163.23,LOW
POL002221,0,0,0.3818,0.407102,9587.65,9587.65,3903.16,9.1683,5074.1,MODERATE
POL002222,1,7506,0.25,0.541566,12316.99,12316.99,6670.47,9.4188,8671.61,HIGH
POL002223,0,0,0.25,0.418474,3021.27,3021.27,1264.32,8.0138,1643.62,LOW
POL002224,0,0,1.0,0.182271,10274.44,10274.44,1872.73,9.2375,2434.55,MODERATE
POL002225,0,0,0.25,0.554114,5180.24,5180.24,2870.44,8.5528,3731.58,MODERATE
POL002226,0,0,0.5,0.418239,38389.96,38389.96,16056.18,10.5556,20873.03,VERY_HIGH
POL002227,0,0,0.6634,0.333564,11888.23,11888.23,3965.48,9.3834,5155.13,MODERATE
POL002228,0,0,0.5,0.092421,7142.05,7142.05,660.08,8.8739,858.1,LOW
POL002229,0,0,1.0,0.290751,29608.74,29608.74,8608.76,10.2959,11191.39,HIGH
POL002230,0,0,1.0,0.397665,4630.93,4630.93,1841.56,8.4407,2394.02,MODERATE
POL002231,0,0,0.25,0.562826,5737.31,5737.31,3229.11,8.6549,4197.84,MODERATE
POL002232,0,0,0.8334,0.712058,6732.27,6732.27,4793.77,8.8148,6231.9,MODERATE
POL002233,0,0,0.5,0.322751,10415.74,10415.74,3361.7,9.2512,4370.2,MODERATE
POL002234,0,0,0.6573,0.467269,19380.91,19380.91,9056.1,9.8721,11772.93,HIGH
POL002235,0,0,1.0,0.264388,7309.19,7309.19,1932.46,8.897,2512.2,MODERATE
POL002236,0,0,0.25,0.774924,7412.14,7412.14,5743.84,8.911,7466.99,HIGH
POL002237,0,0,0.7125,0.385775,13644.69,13644.69,5263.79,9.5212,6842.92,MODERATE
POL002238,0,0,0.9773,0.873567,41523.48,41523.48,36273.53,10.634,47155.59,VERY_HIGH
POL002239,0,0,0.225,0.234103,16078.15,16078.15,3763.94,9.6853,4893.13,MODERATE
POL002240,0,0,0.7699,0.680732,10225.67,10225.67,6960.95,9.2328,9049.23,HIGH
POL002241,0,0,0.4882,0.406696,33707.75,33707.75,13708.81,10.4255,17821.46,VERY_HIGH
POL002242,0,0,0.5,0.324716,5733.06,5733.06,1861.62,8.6542,2420.1,MODERATE
POL002243,0,0,0.892,0.717295,13817.89,13817.89,9911.5,9.5338,12884.95,HIGH
POL002244,0,0,0.5487,0.781957,20987.35,20987.35,16411.2,9.9517,21334.56,VERY_HIGH
POL002245,0,0,0.6085,0.447137,18971.51,18971.51,8482.86,9.8507,11027.72,HIGH
POL002246,0,0,0.25,0.328056,4335.05,4335.05,1422.14,8.3747,1848.78,LOW
POL002247,0,0,1.0,0.364713,16024.3,16024.3,5844.27,9.6819,7597.56,HIGH
POL002248,0,0,1.0,0.341528,22132.78,22132.78,7558.97,10.0049,9826.66,HIGH
POL002249,0,0,0.735,0.606328,8690.43,8690.43,5269.25,9.0701,6850.03,MODERATE
POL002250,0,0,0.5,0.663744,6081.69,6081.69,4036.68,8.7132,5247.69,MODERATE
POL002251,0,0,0.3577,0.531427,6960.3,6960.3,3698.89,8.8481,4808.56,MODERATE
POL002252,0,0,1.0,0.1801,4972.9,4972.9,895.62,8.512,1164.31,LOW
POL002253,0,0,0.5,0.234841,13953.08,13953.08,3276.76,9.5435,4259.78,MODERATE
POL002254,1,11256,0.3307,0.625692,15554.6,15554.6,9732.39,9.6522,12652.11,HIGH
POL002255,0,0,0.25,0.38903,8181.28,8181.28,3182.76,9.0097,4137.59,MODERATE
POL002256,0,0,0.5,0.40859,4391.1,4391.1,1794.16,8.3876,2332.4,LOW
POL002257,0,0,0.277,0.475112,10264.05,10264.05,4876.57,9.2365,6339.54,MODERATE
POL002258,1,18548,0.5,0.219233,9179.08,9179.08,2012.36,9.1248,2616.07,MODERATE
POL002259,0,0,1.0,0.234042,6129.05,6129.05,1434.46,8.721,1864.79,LOW
POL002260,0,0,0.1953,0.518844,19613.28,19613.28,10176.22,9.884,13229.09,HIGH
POL002261,0,0,0.2304,0.79214,12138.58,12138.58,9615.46,9.4042,12500.1,HIGH
POL002262,0,0,0.9838,0.181001,5692.98,5692.98,1030.43,8.6472,1339.56,LOW
POL002263,0,0,1.0,0.412959,10368.36,10368.36,4281.71,9.2466,5566.22,MODERATE
POL002264,0,0,1.0,0.28485,3819.99,3819.99,1088.12,8.2483,1414.56,LOW
POL002265,0,0,0.6934,0.450787,103105.36,103105.36,46478.57,11.5435,60422.14,VERY_HIGH
POL002266,1,7399,0.7565,0.595407,15047.84,15047.84,8959.59,9.6191,11647.47,HIGH
POL002267,0,0,0.4693,0.542148,17041.16,17041.16,9238.83,9.7434,12010.47,HIGH
POL002268,1,3683,0.5,0.648279,11813.62,11813.62,7658.52,9.3771,9956.08,HIGH
POL002269,0,0,0.3689,0.139745,9620.93,9620.93,1344.48,9.1718,1747.82,LOW
POL002270,0,0,0.5,0.535022,4031.9,4031.9,2157.15,8.3022,2804.3,MODERATE
POL002271,1,6274,0.9192,0.902875,16592.19,16592.19,14980.67,9.7167,19474.88,VERY_HIGH
POL002272,0,0,1.0,0.229952,4514.13,4514.13,1038.03,8.4152,1349.44,LOW
POL002273,0,0,0.5313,0.432278,16837.79,16837.79,7278.6,9.7314,9462.18,HIGH
POL002274,0,0,0.5,0.166696,9946.86,9946.86,1658.1,9.2051,2155.53,LOW
POL002275,0,0,0.5,0.455637,13514.42,13514.42,6157.67,9.5116,8004.97,HIGH
POL002276,0,0,1.0,0.332621,4375.55,4375.55,1455.4,8.384,1892.02,LOW
POL002277,1,6369,1.0,0.547221,8773.98,8773.98,4801.31,9.0797,6241.7,MODERATE
POL002278,0,0,0.9427,0.279612,12487.87,12487.87,3491.76,9.4326,4539.28,MODERATE
POL002279,0,0,0.3632,0.489155,19489.33,19489.33,9533.31,9.8777,12393.3,HIGH
POL002280,0,0,1.0,0.493563,10726.18,10726.18,5294.04,9.2805,6882.26,MODERATE
POL002281,0,0,0.25,0.521785,11059.46,11059.46,5770.66,9.3111,7501.85,HIGH
POL002282,1,6195,1.0,0.884813,10760.62,10760.62,9521.14,9.2837,12377.48,HIGH
POL002283,0,0,0.5,0.444621,15079.75,15079.75,6704.78,9.6212,8716.21,HIGH
POL002284,0,0,0.9809,0.422664,4391.7,4391.7,1856.21,8.3877,2413.07,MODERATE
POL002285,0,0,0.2442,0.506695,8689.43,8689.43,4402.89,9.07,5723.76,MODERATE
POL002286,0,0,0.3519,0.184226,6653.01,6653.01,1225.66,8.803,1593.35,LOW
POL002287,0,0,0.3648,0.615715,20066.77,20066.77,12355.42,9.9069,16062.04,VERY_HIGH
POL002288,0,0,0.25,0.342796,7533.3,7533.3,2582.38,8.9272,3357.1,MODERATE
POL002289,0,0,0.5303,0.418608,12649.9,12649.9,5295.34,9.4455,6883.95,MODERATE
POL002290,0,0,1.0,0.403847,4841.27,4841.27,1955.13,8.4851,2541.67,MODERATE
POL002291,1,5933,0.5,0.601542,7096.01,7096.01,4268.55,8.8674,5549.11,MODERATE
POL002292,0,0,0.3133,0.253095,81842.77,81842.77,20713.97,11.3126,26928.17,VERY_HIGH
POL002293,0,0,1.0,0.742387,13311.71,13311.71,9882.44,9.4965,12847.17,HIGH
POL002294,0,0,0.9133,0.288598,7654.12,7654.12,2208.97,8.9431,2871.66,MODERATE
POL002295,0,0,0.5,0.524696,5543.17,5543.17,2908.48,8.6205,3781.02,MODERATE
POL002296,0,0,1.0,0.612622,6156.0,6156.0,3771.3,8.7253,4902.69,MODERATE
POL002297,0,0,0.5,0.422487,25939.38,25939.38,10959.06,10.1636,14246.77,HIGH
POL002298,0,0,0.6086,0.182094,8049.02,8049.02,1465.68,8.9934,1905.38,LOW
POL002299,0,0,1.0,0.600696,2895.86,2895.86,1739.53,7.9714,2261.39,LOW
POL002300,0,0,0.2491,0.327512,24729.04,24729.04,8099.05,10.1158,10528.76,HIGH
POL002301,0,0,1.0,0.754576,4561.9,4561.9,3442.3,8.4257,4474.99,MODERATE
POL002302,0,0,0.528,0.342271,13955.41,13955.41,4776.54,9.5437,6209.5,MODERATE
POL002303,0,0,0.5807,0.605462,11378.46,11378.46,6889.23,9.3396,8956.0,HIGH
POL002304,0,0,0.5,0.198805,15874.93,15874.93,3156.01,9.6726,4102.81,MODERATE
POL002305,0,0,0.5,0.741547,5762.53,5762.53,4273.19,8.6593,5555.14,MODERATE
POL002306,0,0,1.0,0.176191,4568.06,4568.06,804.85,8.4271,1046.31,LOW
POL002307,0,0,0.4315,0.459497,19601.45,19601.45,9006.8,9.8834,11708.84,HIGH
POL002308,1,9503,0.25,0.891482,5594.82,5594.82,4987.68,8.6298,6483.98,MODERATE
POL002309,1,3639,1.0,0.559591,11875.27,11875.27,6645.3,9.3823,8638.89,HIGH
POL002310,0,0,0.5,0.268507,8217.63,8217.63,2206.49,9.0142,2868.44,MODERATE
POL002311,0,0,0.6166,0.289848,5513.22,5513.22,1597.99,8.6151,2077.39,LOW
POL002312,0,0,1.0,0.46563,14018.43,14018.43,6527.4,9.5482,8485.61,HIGH
POL002313,0,0,0.5,0.245047,5506.73,5506.73,1349.41,8.6139,1754.23,LOW
POL002314,0,0,0.2459,0.176813,10192.45,10192.45,1802.16,9.2295,2342.81,MODERATE
POL002315,0,0,1.0,0.170782,17903.52,17903.52,3057.6,9.7928,3974.87,MODERATE
POL002316,0,0,0.4921,0.274771,4634.18,4634.18,1273.34,8.4414,1655.34,LOW
POL002317,0,0,0.3318,0.346226,13023.91,13023.91,4509.21,9.4746,5861.97,MODERATE
POL002318,0,0,0.8459,0.26517,3521.83,3521.83,933.88,8.167,1214.05,LOW
POL002319,0,0,1.0,0.49714,14332.23,14332.23,7125.13,9.5703,9262.67,HIGH
POL002320,0,0,0.25,0.556647,6653.76,6653.76,3703.8,8.8031,4814.93,MODERATE
POL002321,0,0,0.25,0.34796,10602.5,10602.5,3689.25,9.2689,4796.02,MODERATE
POL002322,0,0,0.4124,0.465951,15445.61,15445.61,7196.89,9.6451,9355.96,HIGH
POL002323,0,0,1.0,0.286732,7544.22,7544.22,2163.17,8.9287,2812.12,MODERATE
POL002324,0,0,0.4654,0.292237,11947.65,11947.65,3491.55,9.3884,4539.01,MODERATE
POL002325,0,0,0.9353,0.226829,13277.5,13277.5,3011.73,9.4939,3915.24,MODERATE
POL002326,0,0,0.4575,0.467538,8305.82,8305.82,3883.29,9.0248,5048.28,MODERATE
POL002327,0,0,1.0,0.290076,14110.44,14110.44,4093.11,9.5547,5321.04,MODERATE
POL002328,0,0,0.5,0.625693,7622.77,7622.77,4769.52,8.939,6200.37,MODERATE
POL002329,0,0,1.0,0.713717,5406.15,5406.15,3858.47,8.5955,5016.01,MODERATE
POL002330,0,0,0.7137,0.282532,27246.69,27246.69,7698.07,10.2127,10007.49,HIGH
POL002331,0,0,0.328,0.281659,13680.24,13680.24,3853.17,9.5238,5009.12,MODERATE
POL002332,0,0,0.812,0.661455,8175.09,8175.09,5407.45,9.009,7029.68,MODERATE
POL002333,0,0,1.0,0.389131,8721.81,8721.81,3393.93,9.0737,4412.11,MODERATE
POL002334,0,0,0.4625,0.931727,9741.65,9741.65,9076.56,9.1843,11799.53,HIGH
POL002335,1,5250,0.643,0.607893,8748.36,8748.36,5318.07,9.0767,6913.49,MODERATE
POL002336,0,0,0.25,0.261362,9634.06,9634.06,2517.97,9.1732,3273.36,MODERATE
POL002337,0,0,0.7323,0.638262,17070.1,17070.1,10895.2,9.7451,14163.76,HIGH
POL002338,0,0,1.0,0.227049,4843.74,4843.74,1099.77,8.4856,1429.7,LOW
POL002339,0,0,0.2746,0.332011,11085.52,11085.52,3680.52,9.3135,4784.68,MODERATE
POL002340,0,0,0.7631,0.305658,16712.18,16712.18,5108.21,9.724,6640.67,MODERATE
POL002341,0,0,0.9427,0.302419,6353.14,6353.14,1921.31,8.7569,2497.7,MODERATE
POL002342,0,0,0.5,0.298797,3678.78,3678.78,1099.21,8.2106,1428.97,LOW
POL002343,0,0,1.0,0.559823,15842.18,15842.18,8868.82,9.6705,11529.47,HIGH
POL002344,0,0,0.3525,0.443991,24227.5,24227.5,10756.78,10.0953,13983.81,HIGH
POL002345,0,0,1.0,0.311138,6027.82,6027.82,1875.49,8.7043,2438.13,MODERATE
POL002346,0,0,1.0,0.66562,7330.24,7330.24,4879.15,8.8999,6342.9,MODERATE
POL002347,0,0,0.8243,0.437948,4004.95,4004.95,1753.96,8.2955,2280.15,LOW
POL002348,0,0,0.9544,0.665115,10971.64,10971.64,7297.4,9.3032,9486.62,HIGH
POL002349,0,0,0.4055,0.480732,2990.46,2990.46,1437.61,8.0035,1868.89,LOW
POL002350,0,0,0.387,0.186433,21351.72,21351.72,3980.65,9.9689,5174.85,MODERATE
POL002351,0,0,0.902,0.332936,5357.87,5357.87,1783.83,8.5865,2318.98,LOW
POL002352,0,0,0.7845,0.389099,25230.64,25230.64,9817.23,10.1359,12762.4,HIGH
POL002353,0,0,1.0,0.203826,41053.53,41053.53,8367.78,10.6227,10878.11,HIGH
POL002354,0,0,0.354,0.33571,13285.38,13285.38,4460.03,9.4945,5798.04,MODERATE
POL002355,0,0,0.2409,0.339971,32244.5,32244.5,10962.2,10.3811,14250.86,HIGH
POL002356,0,0,0.7701,0.273206,4250.51,4250.51,1161.26,8.355,1509.64,LOW
POL002357,0,0,1.0,0.207074,24030.94,24030.94,4976.18,10.0871,6469.04,MODERATE
POL002358,0,0,0.5,0.452732,8261.22,8261.22,3740.12,9.0194,4862.16,MODERATE
POL002359,0,0,0.3011,0.429542,8661.69,8661.69,3720.56,9.0668,4836.72,MODERATE
POL002360,0,0,0.25,0.526088,5411.27,5411.27,2846.8,8.5964,3700.84,MODERATE
POL002361,0,0,0.6659,0.25957,12864.51,12864.51,3339.24,9.4623,4341.02,MODERATE
POL002362,0,0,0.1681,0.593817,6529.36,6529.36,3877.24,8.7842,5040.42,MODERATE
POL002363,0,0,0.286,0.422716,16441.43,16441.43,6950.05,9.7076,9035.07,HIGH
POL002364,0,0,0.25,0.511291,41663.96,41663.96,21302.4,10.6374,27693.12,VERY_HIGH
POL002365,0,0,0.5013,0.581426,70399.44,70399.44,40932.1,11.162,53211.73,VERY_HIGH
POL002366,0,0,0.4954,0.372392,7312.14,7312.14,2722.99,8.8974,3539.88,MODERATE
POL002367,0,0,1.0,0.228879,15310.74,15310.74,3504.3,9.6364,4555.59,MODERATE
POL002368,0,0,1.0,0.230554,11386.51,11386.51,2625.21,9.3403,3412.77,MODERATE
POL002369,0,0,0.5,0.363934,10322.62,10322.62,3756.75,9.2422,4883.78,MODERATE
POL002370,0,0,0.5487,0.167796,6502.52,6502.52,1091.1,8.7801,1418.43,LOW
POL002371,1,15640,0.5,0.266572,4689.3,4689.3,1250.03,8.4533,1625.04,LOW
POL002372,0,0,0.6362,0.577155,22103.27,22103.27,12757.0,10.0035,16584.1,VERY_HIGH
POL002373,0,0,0.25,0.602621,13674.3,13674.3,8240.42,9.5233,10712.55,HIGH
POL002374,0,0,0.6201,0.312738,11771.8,11771.8,3681.49,9.3735,4785.93,MODERATE
POL002375,0,0,0.322,0.758289,13328.68,13328.68,10106.99,9.4977,13139.09,HIGH
POL002376,0,0,0.4155,0.421534,16874.1,16874.1,7113.01,9.7336,9246.91,HIGH
POL002377,0,0,0.25,0.301433,5521.64,5521.64,1664.41,8.6166,2163.73,LOW
POL002378,0,0,1.0,0.715472,5930.71,5930.71,4243.26,8.6881,5516.23,MODERATE
POL002379,0,0,1.0,0.233891,7589.1,7589.1,1775.02,8.9346,2307.53,LOW
POL002380,0,0,1.0,0.668562,23105.55,23105.55,15447.49,10.0479,20081.73,VERY_HIGH
POL002381,0,0,0.3985,0.164695,4825.77,4825.77,794.78,8.4819,1033.21,LOW
POL002382,0,0,0.3736,0.371709,23288.97,23288.97,8656.72,10.0558,11253.74,HIGH
POL002383,0,0,0.623,0.384076,6763.19,6763.19,2597.58,8.8194,3376.85,MODERATE
POL002384,0,0,0.4067,0.355106,10599.79,10599.79,3764.05,9.2687,4893.26,MODERATE
POL002385,0,0,0.5,0.296055,5642.23,5642.23,1670.41,8.6382,2171.53,LOW
POL002386,0,0,0.5,0.364878,3792.25,3792.25,1383.71,8.241,1798.82,LOW
POL002387,0,0,0.5638,0.504438,21458.38,21458.38,10824.41,9.9739,14071.74,HIGH
POL002388,0,0,1.0,0.348839,6375.12,6375.12,2223.89,8.7603,2891.06,MODERATE
POL002389,0,0,0.5,0.832578,15201.76,15201.76,12656.66,9.6292,16453.65,VERY_HIGH
POL002390,0,0,1.0,0.360471,4678.72,4678.72,1686.54,8.451,2192.51,LOW
POL002391,0,0,0.6584,0.402795,4496.44,4496.44,1811.14,8.4113,2354.49,MODERATE
POL002392,0,0,0.6214,0.814427,14159.19,14159.19,11531.62,9.5582,14991.1,HIGH
POL002393,0,0,1.0,0.506772,5420.04,5420.04,2746.72,8.598,3570.74,MODERATE
POL002394,0,0,0.3308,0.546137,6472.54,6472.54,3534.89,8.7755,4595.36,MODERATE
POL002395,0,0,0.6286,0.370415,9533.75,9533.75,3531.44,9.1627,4590.87,MODERATE
POL002396,0,0,0.9337,0.301348,20776.27,20776.27,6260.88,9.9416,8139.15,HIGH
POL002397,1,4760,0.5,0.540643,10369.17,10369.17,5606.02,9.2467,7287.82,HIGH
POL002398,0,0,0.5,0.321414,3893.67,3893.67,1251.48,8.2674,1626.92,LOW
POL002399,0,0,0.5876,0.381314,23245.41,23245.41,8863.79,10.0539,11522.93,HIGH
POL002400,0,0,0.9306,0.629287,6488.31,6488.31,4083.01,8.7779,5307.91,MODERATE
POL002401,0,0,1.0,0.43423,7448.56,7448.56,3234.39,8.9159,4204.7,MODERATE
POL002402,0,0,1.0,0.377854,4579.69,4579.69,1730.46,8.4296,2249.59,LOW
POL002403,0,0,0.5,0.412091,6665.14,6665.14,2746.64,8.8048,3570.64,MODERATE
POL002404,0,0,0.7115,0.577649,3959.4,3959.4,2287.15,8.2841,2973.29,MODERATE
POL002405,0,0,1.0,0.866037,8454.17,8454.17,7321.62,9.0425,9518.1,HIGH
POL002406,0,0,0.5,0.287081,4352.03,4352.03,1249.38,8.3786,1624.2,LOW
POL002407,0,0,0.8205,0.357149,12867.34,12867.34,4595.56,9.4625,5974.22,MODERATE
POL002408,0,0,1.0,0.179282,4802.69,4802.69,861.04,8.4771,1119.35,LOW
POL002409,0,0,0.6689,0.539905,5198.78,5198.78,2806.84,8.5564,3648.9,MODERATE
POL002410,0,0,0.7687,0.742508,4819.14,4819.14,3578.25,8.4806,4651.73,MODERATE
POL002411,0,0,0.7966,0.211471,15631.44,15631.44,3305.59,9.6571,4297.27,MODERATE
POL002412,0,0,0.5,0.478083,5894.94,5894.94,2818.27,8.682,3663.75,MODERATE
POL002413,0,0,0.2416,0.408769,10933.28,10933.28,4469.18,9.2997,5809.94,MODERATE
POL002414,0,0,1.0,0.750169,21513.76,21513.76,16138.96,9.9765,20980.65,VERY_HIGH
POL002415,0,0,0.3466,0.467951,19004.71,19004.71,8893.28,9.8525,11561.26,HIGH
POL002416,0,0,1.0,0.130238,5236.8,5236.8,682.03,8.5637,886.64,LOW
POL002417,0,0,0.8914,0.443246,18788.12,18788.12,8327.77,9.841,10826.1,HIGH
POL002418,0,0,1.0,0.471807,4753.09,4753.09,2242.54,8.4668,2915.3,MODERATE
POL002419,0,0,0.25,0.449981,23949.04,23949.04,10776.62,10.0837,14009.6,HIGH
POL002420,1,16739,0.5634,0.595984,15800.06,15800.06,9416.59,9.6678,12241.56,HIGH
POL002421,0,0,1.0,0.644084,5696.23,5696.23,3668.85,8.6477,4769.51,MODERATE
POL002422,1,14708,0.782,0.550622,10103.9,10103.9,5563.43,9.2208,7232.46,HIGH
POL002423,0,0,0.5,0.313913,4927.56,4927.56,1546.82,8.5028,2010.87,LOW
POL002424,0,0,1.0,0.499021,3589.34,3589.34,1791.15,8.186,2328.5,LOW
POL002425,0,0,0.5,0.357877,7033.03,7033.03,2516.96,8.8585,3272.04,MODERATE
POL002426,0,0,1.0,0.588311,4945.48,4945.48,2909.48,8.5064,3782.32,MODERATE
POL002427,0,0,0.6728,0.647103,4583.1,4583.1,2965.74,8.4303,3855.46,MODERATE
POL002428,0,0,0.5,0.369453,10270.4,10270.4,3794.44,9.2371,4932.77,MODERATE
POL002429,0,0,1.0,0.290594,10442.77,10442.77,3034.6,9.2538,3944.98,MODERATE
POL002430,0,0,1.0,0.652325,6518.39,6518.39,4252.1,8.7825,5527.73,MODERATE
POL002431,1,11528,1.0,0.748869,6459.83,6459.83,4837.57,8.7735,6288.84,MODERATE
POL002432,0,0,1.0,0.400273,4060.59,4060.59,1625.34,8.3093,2112.95,LOW
POL002433,0,0,1.0,0.594398,6814.6,6814.6,4050.59,8.827,5265.76,MODERATE
POL002434,0,0,0.5086,0.413829,3555.32,3555.32,1471.3,8.1765,1912.68,LOW
POL002435,0,0,0.25,0.402509,9194.92,9194.92,3701.04,9.1265,4811.35,MODERATE
POL002436,1,6470,0.1908,0.809982,12356.43,12356.43,10008.49,9.422,13011.04,HIGH
POL002437,0,0,0.2311,0.375331,7045.81,7045.81,2644.51,8.8603,3437.87,MODERATE
POL002438,0,0,0.6939,0.292727,9536.99,9536.99,2791.74,9.163,3629.26,MODERATE
POL002439,0,0,1.0,0.355936,3679.2,3679.2,1309.56,8.2107,1702.43,LOW
POL002440,0,0,0.9748,0.263101,13231.25,13231.25,3481.15,9.4904,4525.5,MODERATE
POL002441,0,0,0.5,0.477903,4024.5,4024.5,1923.32,8.3004,2500.32,MODERATE
POL002442,0,0,1.0,0.201551,9005.32,9005.32,1815.03,9.1057,2359.54,MODERATE
POL002443,0,0,0.25,0.87588,4414.81,4414.81,3866.85,8.3929,5026.9,MODERATE
POL002444,0,0,0.3505,0.56126,18148.87,18148.87,10186.23,9.8064,13242.1,HIGH
POL002445,0,0,0.6754,0.217933,4575.79,4575.79,997.21,8.4288,1296.38,LOW
POL002446,0,0,0.5737,0.313988,3497.65,3497.65,1098.22,8.1601,1427.69,LOW
POL002447,0,0,0.25,0.14842,4311.24,4311.24,639.88,8.3692,831.84,LOW
POL002448,1,11452,0.3578,0.782044,13254.17,13254.17,10365.34,9.4921,13474.94,HIGH
POL002449,0,0,0.6814,0.317838,10591.38,10591.38,3366.34,9.2679,4376.24,MODERATE
POL002450,0,0,0.355,0.210626,21243.87,21243.87,4474.52,9.9639,5816.87,MODERATE
POL002451,0,0,1.0,0.624083,7305.83,7305.83,4559.45,8.8966,5927.28,MODERATE
POL002452,0,0,0.4992,0.371834,4594.8,4594.8,1708.5,8.4329,2221.05,LOW
POL002453,0,0,1.0,0.152304,3522.0,3522.0,536.42,8.1671,697.34,LOW
POL002454,1,532680,0.5,0.521225,67451.6,67451.6,35157.43,11.1192,45704.65,VERY_HIGH
POL002455,1,13982,0.3637,0.474836,15796.67,15796.67,7500.83,9.6676,9751.07,HIGH
POL002456,0,0,0.4582,0.227109,6528.5,6528.5,1482.68,8.7841,1927.48,LOW
POL002457,0,0,0.25,0.499833,2599.21,2599.21,1299.17,7.8633,1688.92,LOW
POL002458,0,0,0.5853,0.478916,13657.46,13657.46,6540.78,9.5221,8503.02,HIGH
POL002459,0,0,0.1191,0.523596,14486.47,14486.47,7585.06,9.581,9860.58,HIGH
POL002460,0,0,0.5,0.693688,14322.94,14322.94,9935.65,9.5697,12916.34,HIGH
POL002461,0,0,1.0,0.291639,16866.12,16866.12,4918.82,9.7331,6394.47,MODERATE
POL002462,0,0,0.0736,0.275165,17073.59,17073.59,4698.05,9.7453,6107.47,MODERATE
POL002463,0,0,0.6015,0.685885,19622.82,19622.82,13459.0,9.8845,17496.69,VERY_HIGH
POL002464,0,0,1.0,0.496649,6319.57,6319.57,3138.61,8.7516,4080.19,MODERATE
POL002465,0,0,0.895,0.371512,11269.04,11269.04,4186.58,9.3299,5442.55,MODERATE
POL002466,0,0,0.5,0.335521,4197.78,4197.78,1408.44,8.3425,1830.98,LOW
POL002467,0,0,0.5,0.249291,8031.9,8031.9,2002.28,8.9913,2602.96,MODERATE
POL002468,0,0,0.5955,0.279642,12655.12,12655.12,3538.9,9.4459,4600.57,MODERATE
POL002469,0,0,0.5,0.323814,4930.96,4930.96,1596.71,8.5035,2075.73,LOW
POL002470,0,0,1.0,0.523451,19215.63,19215.63,10058.44,9.8635,13075.98,HIGH
POL002471,0,0,0.417,0.291025,17060.99,17060.99,4965.18,9.7446,6454.73,MODERATE
POL002472,1,4493,0.3016,0.516358,20951.22,20951.22,10818.32,9.95,14063.82,HIGH
POL002473,0,0,0.2646,0.336128,18015.08,18015.08,6055.38,9.799,7871.99,HIGH
POL002474,0,0,0.5,0.196717,44181.17,44181.17,8691.19,10.6961,11298.55,HIGH
POL002475,0,0,0.5,0.383586,12896.62,12896.62,4946.96,9.4648,6431.05,MODERATE
POL002476,0,0,0.25,0.624518,8019.08,8019.08,5008.06,8.9897,6510.48,MODERATE
POL002477,0,0,0.25,0.292753,5217.73,5217.73,1527.5,8.56,1985.76,LOW
POL002478,0,0,0.7827,0.368276,4774.03,4774.03,1758.16,8.4712,2285.61,LOW
POL002479,1,4103,0.3117,0.344698,5775.71,5775.71,1990.88,8.6616,2588.14,MODERATE
POL002480,0,0,1.0,0.433217,10333.25,10333.25,4476.53,9.2432,5819.49,MODERATE
POL002481,0,0,0.251,0.579887,10951.91,10951.91,6350.87,9.3014,8256.14,HIGH
POL002482,0,0,1.0,0.776207,6417.29,6417.29,4981.14,8.7669,6475.48,MODERATE
POL002483,0,0,0.179,0.168282,17764.23,17764.23,2989.41,9.785,3886.23,MODERATE
POL002484,0,0,1.0,0.30754,4885.62,4885.62,1502.52,8.4943,1953.28,LOW
POL002485,0,0,0.4281,0.442493,10189.1,10189.1,4508.61,9.2292,5861.19,MODERATE
POL002486,0,0,0.966,0.508577,4885.46,4885.46,2484.63,8.4942,3230.02,MODERATE
POL002487,0,0,0.6998,0.314873,11580.01,11580.01,3646.24,9.3571,4740.11,MODERATE
POL002488,0,0,0.3396,0.547101,21385.61,21385.61,11700.1,9.9705,15210.12,HIGH
POL002489,0,0,0.3148,0.528608,17789.57,17789.57,9403.71,9.7864,12224.82,HIGH
POL002490,0,0,0.8109,0.31781,9275.94,9275.94,2947.99,9.1353,3832.38,MODERATE
POL002491,0,0,0.2651,0.308712,42489.99,42489.99,13117.19,10.657,17052.35,VERY_HIGH
POL002492,0,0,0.5,0.207243,3517.39,3517.39,728.95,8.1658,947.64,LOW
POL002493,0,0,0.4004,0.478166,11024.05,11024.05,5271.33,9.3079,6852.73,MODERATE
POL002494,1,28620,0.5319,0.700725,10883.18,10883.18,7626.12,9.2951,9913.95,HIGH
POL002495,1,37079,0.5,0.343425,21237.67,21237.67,7293.56,9.9636,9481.63,HIGH
POL002496,0,0,0.2759,0.823822,15289.73,15289.73,12596.02,9.635,16374.83,VERY_HIGH
POL002497,0,0,0.4057,0.16555,16018.94,16018.94,2651.93,9.6816,3447.51,MODERATE
POL002498,0,0,0.6655,0.308602,21523.72,21523.72,6642.26,9.977,8634.94,HIGH
POL002499,0,0,0.8835,0.340936,13115.88,13115.88,4471.68,9.4817,5813.19,MODERATE
POL002500,0,0,0.5,0.546053,5730.26,5730.26,3129.03,8.6537,4067.74,MODERATE
POL002501,0,0,1.0,0.355448,11061.67,11061.67,3931.85,9.3113,5111.4,MODERATE
POL002502,0,0,1.0,0.379657,4243.12,4243.12,1610.93,8.3533,2094.21,LOW
POL002503,0,0,1.0,0.273857,3336.77,3336.77,913.8,8.1131,1187.94,LOW
POL002504,0,0,0.3917,0.654633,10887.66,10887.66,7127.42,9.2955,9265.65,HIGH
POL002505,0,0,1.0,0.235904,6212.0,6212.0,1465.43,8.7344,1905.06,LOW
POL002506,1,10817,1.0,0.640601,5450.35,5450.35,3491.5,8.6036,4538.94,MODERATE
POL002507,0,0,0.6583,0.298147,14269.47,14269.47,4254.4,9.5659,5530.73,MODERATE
POL002508,0,0,0.2017,0.603763,11053.27,11053.27,6673.55,9.3106,8675.62,HIGH
POL002509,0,0,0.25,0.346333,8047.87,8047.87,2787.25,8.9933,3623.42,MODERATE
POL002510,0,0,0.5969,0.802447,7052.21,7052.21,5659.02,8.8612,7356.73,HIGH
POL002511,0,0,1.0,0.487115,11906.71,11906.71,5799.93,9.3849,7539.91,HIGH
POL002512,0,0,0.25,0.836379,10075.07,10075.07,8426.58,9.2179,10954.55,HIGH
POL002513,0,0,0.733,0.663421,34504.02,34504.02,22890.71,10.4489,29757.92,VERY_HIGH
POL002514,0,0,0.4306,0.224278,19541.34,19541.34,4382.7,9.8803,5697.51,MODERATE
POL002515,0,0,0.4638,0.252462,8917.63,8917.63,2251.36,9.0959,2926.77,MODERATE
POL002516,0,0,0.6849,0.484741,14625.94,14625.94,7089.79,9.5906,9216.72,HIGH
POL002517,0,0,0.4265,0.179003,5135.69,5135.69,919.31,8.5442,1195.1,LOW
POL002518,1,9172,0.202,0.745188,10350.18,10350.18,7712.83,9.2449,10026.68,HIGH
POL002519,0,0,1.0,0.407066,3787.71,3787.71,1541.85,8.2398,2004.4,LOW
POL002520,0,0,0.769,0.284013,19321.5,19321.5,5487.56,9.869,7133.82,MODERATE
POL002521,0,0,0.9066,0.570876,9730.61,9730.61,5554.98,9.1831,7221.47,HIGH
POL002522,0,0,0.9824,0.707744,4470.11,4470.11,3163.69,8.4054,4112.8,MODERATE
POL002523,0,0,0.5,0.206873,4832.61,4832.61,999.73,8.4833,1299.66,LOW
POL002524,1,24623,0.8263,0.31713,6637.21,6637.21,2104.86,8.8006,2736.32,MODERATE
POL002525,0,0,0.96,0.284083,12214.81,12214.81,3470.02,9.4105,4511.02,MODERATE
POL002526,0,0,1.0,0.506714,4306.19,4306.19,2182.0,8.368,2836.61,MODERATE
POL002527,0,0,0.33,0.257707,30613.72,30613.72,7889.38,10.3292,10256.19,HIGH
POL002528,0,0,0.25,0.42298,11840.53,11840.53,5008.31,9.3794,6510.8,MODERATE
POL002529,0,0,0.1879,0.267229,9434.36,9434.36,2521.13,9.1522,3277.47,MODERATE
POL002530,0,0,0.4828,0.51513,20735.94,20735.94,10681.7,9.9397,13886.21,HIGH
POL002531,0,0,1.0,0.611756,3454.17,3454.17,2113.11,8.1476,2747.04,MODERATE
POL002532,0,0,0.8202,0.316006,19570.03,19570.03,6184.24,9.8818,8039.51,HIGH
POL002533,0,0,0.5,0.260622,14223.31,14223.31,3706.9,9.5627,4818.98,MODERATE
POL002534,0,0,0.4917,0.389337,7255.38,7255.38,2824.79,8.8896,3672.22,MODERATE
POL002535,0,0,0.5,0.454662,10564.23,10564.23,4803.15,9.2653,6244.1,MODERATE
POL002536,0,0,0.356,0.420667,44007.63,44007.63,18512.54,10.6921,24066.3,VERY_HIGH
POL002537,0,0,0.5227,0.480799,6524.66,6524.66,3137.05,8.7835,4078.17,MODERATE
POL002538,0,0,0.2183,0.472,43812.5,43812.5,20679.5,10.6877,26883.35,VERY_HIGH
POL002539,0,0,0.6861,0.148335,31805.3,31805.3,4717.84,10.3674,6133.2,MODERATE
POL002540,1,20164,1.0,0.436159,6184.12,6184.12,2697.26,8.7299,3506.43,MODERATE
POL002541,1,10600,0.1417,0.60462,13295.22,13295.22,8038.55,9.4952,10450.11,HIGH
POL002542,0,0,0.5,0.471188,12157.56,12157.56,5728.5,9.4058,7447.05,HIGH
POL002543,1,1730699,1.0,0.842275,27965.38,27965.38,23554.54,10.2388,30620.9,VERY_HIGH
POL002544,1,10702,0.6651,0.315433,17917.41,17917.41,5651.74,9.7936,7347.26,HIGH
POL002545,1,14067,0.2022,0.300527,7305.91,7305.91,2195.62,8.8966,2854.31,MODERATE
POL002546,0,0,1.0,0.341296,11980.08,11980.08,4088.75,9.3911,5315.38,MODERATE
POL002547,0,0,1.0,0.174698,9533.91,9533.91,1665.56,9.1627,2165.22,LOW
POL002548,1,13300,0.9693,0.33171,11393.03,11393.03,3779.19,9.3408,4912.94,MODERATE
POL002549,0,0,0.3466,0.309964,7735.72,7735.72,2397.79,8.9537,3117.13,MODERATE
POL002550,0,0,1.0,0.877902,6234.27,6234.27,5473.07,8.738,7115.0,MODERATE
POL002551,0,0,1.0,0.327684,4097.04,4097.04,1342.53,8.3183,1745.29,LOW
POL002552,0,0,0.7192,0.40414,2896.35,2896.35,1170.53,7.9716,1521.69,LOW
POL002553,0,0,0.6274,0.617593,16586.23,16586.23,10243.53,9.7164,13316.59,HIGH
POL002554,1,8434,0.5,0.253822,18967.19,18967.19,4814.29,9.8505,6258.57,MODERATE
POL002555,0,0,0.0988,0.602689,64724.37,64724.37,39008.68,11.0779,50711.28,VERY_HIGH
POL002556,0,0,0.6155,0.379569,33286.18,33286.18,12634.41,10.4129,16424.74,VERY_HIGH
POL002557,0,0,0.5,0.450488,7235.87,7235.87,3259.68,8.8869,4237.58,MODERATE
POL002558,0,0,0.25,0.312995,7155.22,7155.22,2239.55,8.8757,2911.41,MODERATE
POL002559,0,0,0.7915,0.649523,7090.47,7090.47,4605.42,8.8666,5987.05,MODERATE
POL002560,0,0,1.0,0.295875,8041.41,8041.41,2379.25,8.9925,3093.03,MODERATE
POL002561,0,0,0.1915,0.424495,33585.55,33585.55,14256.9,10.4219,18533.97,VERY_HIGH
POL002562,0,0,1.0,0.202892,17989.79,17989.79,3649.99,9.7976,4744.98,MODERATE
POL002563,0,0,0.4644,0.503295,6856.4,6856.4,3450.79,8.8331,4486.03,MODERATE
POL002564,0,0,0.2775,0.681858,15139.08,15139.08,10322.7,9.6251,13419.51,HIGH
POL002565,0,0,0.7052,0.63189,4951.38,4951.38,3128.72,8.5076,4067.34,MODERATE
POL002566,0,0,0.3637,0.518405,7711.11,7711.11,3997.48,8.9505,5196.72,MODERATE
POL002567,0,0,1.0,0.457857,7546.31,7546.31,3455.13,8.9289,4491.67,MODERATE
POL002568,0,0,0.5692,0.202463,3895.82,3895.82,788.76,8.2679,1025.39,LOW
POL002569,1,1858,1.0,0.245789,6537.34,6537.34,1606.81,8.7854,2088.85,LOW
POL002570,0,0,1.0,0.323334,15717.44,15717.44,5081.99,9.6626,6606.59,MODERATE
POL002571,0,0,0.25,0.781523,6619.22,6619.22,5173.07,8.7979,6724.99,MODERATE
POL002572,0,0,0.8701,0.216052,31948.63,31948.63,6902.56,10.3719,8973.32,HIGH
POL002573,0,0,1.0,0.324089,8316.65,8316.65,2695.34,9.0261,3503.94,MODERATE
POL002574,0,0,0.3058,0.129534,21963.21,21963.21,2844.99,9.9972,3698.48,MODERATE
POL002575,1,3979,1.0,0.33517,6917.45,6917.45,2318.52,8.8419,3014.07,MODERATE
POL002576,0,0,0.597,0.482173,4444.62,4444.62,2143.07,8.3997,2786.0,MODERATE
POL002577,0,0,1.0,0.404366,5291.89,5291.89,2139.86,8.5741,2781.82,MODERATE
POL002578,0,0,0.383,0.476024,12249.68,12249.68,5831.14,9.4133,7580.48,HIGH
POL002579,1,1501,0.7336,0.25331,2746.2,2746.2,695.64,7.9183,904.33,LOW
POL002580,0,0,1.0,0.182529,44747.5,44747.5,8167.7,10.7088,10618.02,HIGH
POL002581,0,0,0.4811,0.395649,5737.02,5737.02,2269.85,8.6549,2950.8,MODERATE
POL002582,0,0,0.2739,0.754985,30418.69,30418.69,22965.66,10.3228,29855.36,VERY_HIGH
POL002583,0,0,0.5,0.689262,5171.93,5171.93,3564.82,8.5512,4634.26,MODERATE
POL002584,0,0,0.1915,0.424134,28410.97,28410.97,12050.06,10.2546,15665.08,VERY_HIGH
POL002585,1,13059,0.25,0.481538,12103.79,12103.79,5828.43,9.4014,7576.96,HIGH
POL002586,0,0,0.4728,0.239078,7791.73,7791.73,1862.83,8.9609,2421.68,MODERATE
POL002587,0,0,0.5,0.556693,3319.34,3319.34,1847.85,8.1078,2402.21,MODERATE
POL002588,0,0,0.7822,0.575907,15323.87,15323.87,8825.12,9.6372,11472.65,HIGH
POL002589,1,9793,0.9993,0.732609,5661.09,5661.09,4147.36,8.6415,5391.57,MODERATE
POL002590,0,0,0.9963,0.570089,37887.76,37887.76,21599.4,10.5424,28079.22,VERY_HIGH
POL002591,1,2049,1.0,0.529941,5895.01,5895.01,3124.01,8.682,4061.21,MODERATE
POL002592,0,0,1.0,0.3201,13259.59,13259.59,4244.4,9.4926,5517.72,MODERATE
POL002593,0,0,0.5,0.250773,39838.43,39838.43,9990.4,10.5926,12987.52,HIGH
POL002594,0,0,0.9102,0.200026,7022.09,7022.09,1404.6,8.857,1825.98,LOW
POL002595,0,0,1.0,0.361635,3677.4,3677.4,1329.87,8.2102,1728.84,LOW
POL002596,1,2712,1.0,0.469943,4853.92,4853.92,2281.07,8.4877,2965.39,MODERATE
POL002597,0,0,0.8663,0.516648,25079.82,25079.82,12957.43,10.1299,16844.66,VERY_HIGH
POL002598,0,0,0.3449,0.449209,18589.36,18589.36,8350.51,9.8304,10855.67,HIGH
POL002599,0,0,0.1233,0.533822,14032.57,14032.57,7490.89,9.5492,9738.16,HIGH
POL002600,0,0,1.0,0.310273,47005.56,47005.56,14584.58,10.758,18959.95,VERY_HIGH
POL002601,0,0,1.0,0.409252,17882.51,17882.51,7318.44,9.7916,9513.98,HIGH
POL002602,0,0,0.4944,0.300881,7417.92,7417.92,2231.91,8.9118,2901.48,MODERATE
POL002603,0,0,0.7993,0.473179,4260.57,4260.57,2016.01,8.3574,2620.82,MODERATE
POL002604,0,0,0.493,0.335009,17642.86,17642.86,5910.51,9.7781,7683.67,HIGH
POL002605,0,0,0.677,0.261177,18366.9,18366.9,4797.02,9.8184,6236.13,MODERATE
POL002606,0,0,0.5,0.544469,8308.87,8308.87,4523.92,9.0252,5881.09,MODERATE
POL002607,0,0,0.5,0.428511,14902.03,14902.03,6385.69,9.6093,8301.4,HIGH
POL002608,1,5028,0.5,0.598035,16469.16,16469.16,9849.13,9.7093,12803.87,HIGH
POL002609,1,9239,1.0,0.669171,15693.14,15693.14,10501.39,9.661,13651.81,HIGH
POL002610,0,0,1.0,0.827403,6111.82,6111.82,5056.94,8.7181,6574.02,MODERATE
POL002611,0,0,0.3566,0.493005,10380.97,10380.97,5117.87,9.2478,6653.23,MODERATE
POL002612,1,6155,0.4085,0.671923,15622.67,15622.67,10497.23,9.6565,13646.4,HIGH
POL002613,1,10054,0.5553,0.503329,13129.78,13129.78,6608.6,9.4827,8591.18,HIGH
POL002614,0,0,0.5,0.414174,2558.13,2558.13,1059.51,7.8474,1377.37,LOW
POL002615,0,0,0.25,0.885923,6541.78,6541.78,5795.51,8.7861,7534.17,HIGH
POL002616,0,0,1.0,0.463869,5282.02,5282.02,2450.17,8.5723,3185.22,MODERATE
POL002617,0,0,0.3828,0.513008,5182.19,5182.19,2658.5,8.5532,3456.05,MODERATE
POL002618,0,0,1.0,0.424448,4229.91,4229.91,1795.38,8.3502,2333.99,LOW
POL002619,0,0,0.3451,0.305137,13558.21,13558.21,4137.11,9.5148,5378.24,MODERATE
POL002620,0,0,1.0,0.413365,20271.56,20271.56,8379.56,9.917,10893.43,HIGH
POL002621,0,0,1.0,0.536474,8266.58,8266.58,4434.81,9.0201,5765.25,MODERATE
POL002622,0,0,0.301,0.887917,19286.11,19286.11,17124.47,9.8672,22261.81,VERY_HIGH
POL002623,0,0,0.5,0.724704,4056.47,4056.47,2939.74,8.3083,3821.66,MODERATE
POL002624,0,0,1.0,0.20308,6267.97,6267.97,1272.9,8.7434,1654.77,LOW
POL002625,0,0,0.25,0.152682,5751.36,5751.36,878.13,8.6574,1141.57,LOW
POL002626,0,0,1.0,0.253841,16708.17,16708.17,4241.22,9.7237,5513.58,MODERATE
POL002627,0,0,1.0,0.292767,5464.02,5464.02,1599.68,8.6061,2079.59,LOW
POL002628,1,9519,1.0,0.86989,5841.12,5841.12,5081.13,8.6728,6605.47,MODERATE
POL002629,0,0,0.1839,0.182821,30499.23,30499.23,5575.91,10.3255,7248.68,HIGH
POL002630,0,0,1.0,0.252892,3870.51,3870.51,978.82,8.2614,1272.47,LOW
POL002631,0,0,0.5702,0.336734,18681.64,18681.64,6290.74,9.8354,8177.96,HIGH
POL002632,0,0,0.2443,0.428327,6261.75,6261.75,2682.08,8.7424,3486.7,MODERATE
POL002633,0,0,0.2403,0.306989,19903.48,19903.48,6110.15,9.8987,7943.19,HIGH
POL002634,0,0,0.3114,0.31442,13190.1,13190.1,4147.24,9.4873,5391.41,MODERATE
POL002635,0,0,1.0,0.157445,10268.56,10268.56,1616.74,9.2369,2101.76,LOW
POL002636,0,0,0.8519,0.384441,4975.69,4975.69,1912.86,8.5125,2486.72,MODERATE
POL002637,0,0,0.1829,0.249513,39515.9,39515.9,9859.73,10.5845,12817.65,HIGH
POL002638,0,0,1.0,0.520669,3453.11,3453.11,1797.93,8.1473,2337.31,LOW
POL002639,0,0,0.9906,0.367513,5323.01,5323.01,1956.28,8.58,2543.16,MODERATE
POL002640,0,0,1.0,0.34496,8480.77,8480.77,2925.52,9.0457,3803.18,MODERATE
POL002641,0,0,1.0,0.639159,23988.98,23988.98,15332.78,10.0854,19932.61,VERY_HIGH
POL002642,0,0,0.8148,0.487914,9031.08,9031.08,4406.39,9.1085,5728.31,MODERATE
POL002643,0,0,0.7897,0.410975,5891.9,5891.9,2421.42,8.6815,3147.85,MODERATE
POL002644,0,0,0.6881,0.634064,5490.06,5490.06,3481.05,8.6109,4525.36,MODERATE
POL002645,0,0,0.7205,0.344122,8103.24,8103.24,2788.51,9.0001,3625.06,MODERATE
POL002646,0,0,1.0,0.443736,5169.06,5169.06,2293.7,8.5506,2981.81,MODERATE
POL002647,0,0,0.5,0.283014,7959.38,7959.38,2252.61,8.9822,2928.4,MODERATE
POL002648,0,0,0.25,0.42861,4818.58,4818.58,2065.29,8.4804,2684.88,MODERATE
POL002649,0,0,0.0975,0.179165,8326.47,8326.47,1491.81,9.0273,1939.35,LOW
POL002650,1,13843,1.0,0.840543,8371.44,8371.44,7036.55,9.0327,9147.52,HIGH
POL002651,1,4098,0.685,0.624418,4489.59,4489.59,2803.38,8.4097,3644.39,MODERATE
POL002652,0,0,0.25,0.247647,3856.19,3856.19,954.97,8.2577,1241.47,LOW
POL002653,0,0,1.0,0.223439,18842.43,18842.43,4210.13,9.8439,5473.17,MODERATE
POL002654,0,0,0.382,0.413407,16877.03,16877.03,6977.09,9.7338,9070.21,HIGH
POL002655,0,0,0.3625,0.131533,9622.82,9622.82,1265.72,9.172,1645.44,LOW
POL002656,1,3194,0.25,0.243127,8615.42,8615.42,2094.64,9.0614,2723.04,MODERATE
POL002657,0,0,1.0,0.253316,4618.01,4618.01,1169.81,8.4379,1520.76,LOW
POL002658,1,5382,1.0,0.479557,3860.74,3860.74,1851.44,8.2589,2406.88,MODERATE
POL002659,1,13229,0.25,0.471543,6505.28,6505.28,3067.52,8.7805,3987.77,MODERATE
POL002660,0,0,0.9595,0.394108,11545.02,11545.02,4549.98,9.3541,5914.98,MODERATE
POL002661,0,0,1.0,0.51381,16334.82,16334.82,8393.0,9.7011,10910.9,HIGH
POL002662,0,0,0.5,0.260692,24144.95,24144.95,6294.4,10.0919,8182.72,HIGH
POL002663,0,0,0.4118,0.380711,12542.33,12542.33,4775.0,9.4369,6207.5,MODERATE
POL002664,0,0,0.1934,0.138594,16382.3,16382.3,2270.49,9.704,2951.63,MODERATE
POL002665,0,0,0.2342,0.377922,7754.0,7754.0,2930.4,8.9561,3809.52,MODERATE
POL002666,0,0,0.7499,0.535506,4822.73,4822.73,2582.6,8.4813,3357.38,MODERATE
POL002667,0,0,0.5,0.276083,15334.47,15334.47,4233.58,9.6379,5503.66,MODERATE
POL002668,0,0,1.0,0.234819,37554.69,37554.69,8818.55,10.5336,11464.12,HIGH
POL002669,0,0,0.25,0.665764,4195.87,4195.87,2793.46,8.3421,3631.5,MODERATE
POL002670,1,4833,1.0,0.521749,7215.58,7215.58,3764.72,8.8841,4894.13,MODERATE
POL002671,0,0,0.25,0.406657,25699.84,25699.84,10451.02,10.1543,13586.33,HIGH
POL002672,0,0,0.3285,0.466274,7524.27,7524.27,3508.37,8.926,4560.88,MODERATE
POL002673,0,0,0.25,0.477016,6783.18,6783.18,3235.68,8.8223,4206.39,MODERATE
POL002674,0,0,0.6239,0.433254,7600.12,7600.12,3292.78,8.9361,4280.61,MODERATE
POL002675,1,7625,0.6323,0.596156,6822.75,6822.75,4067.42,8.8282,5287.64,MODERATE
POL002676,0,0,0.8121,0.331386,18289.5,18289.5,6060.89,9.8141,7879.15,HIGH
POL002677,0,0,0.5,0.384927,4113.3,4113.3,1583.32,8.3222,2058.32,LOW
POL002678,0,0,1.0,0.567532,4478.68,4478.68,2541.79,8.4073,3304.33,MODERATE
POL002679,0,0,0.2904,0.243562,19376.58,19376.58,4719.41,9.8719,6135.23,MODERATE
POL002680,0,0,0.878,0.521345,26430.99,26430.99,13779.68,10.1823,17913.58,VERY_HIGH
POL002681,0,0,1.0,0.278957,12872.12,12872.12,3590.76,9.4629,4667.99,MODERATE
POL002682,0,0,0.6707,0.553078,8790.17,8790.17,4861.64,9.0815,6320.14,MODERATE
POL002683,0,0,0.5836,0.322974,15195.08,15195.08,4907.62,9.6288,6379.9,MODERATE
POL002684,0,0,1.0,0.388089,8283.67,8283.67,3214.8,9.0222,4179.24,MODERATE
POL002685,1,4999,1.0,0.497871,17402.06,17402.06,8663.97,9.7644,11263.17,HIGH
POL002686,0,0,1.0,0.7382,96495.41,96495.41,71232.93,11.4773,92602.8,VERY_HIGH
POL002687,0,0,0.7472,0.344371,9234.91,9234.91,3180.24,9.1309,4134.31,MODERATE
POL002688,0,0,0.6982,0.46494,9581.04,9581.04,4454.61,9.1676,5790.99,MODERATE
POL002689,0,0,0.8021,0.330117,6149.87,6149.87,2030.17,8.7243,2639.23,MODERATE
POL002690,1,5221,0.5568,0.259543,12167.25,12167.25,3157.92,9.4066,4105.29,MODERATE
POL002691,0,0,0.25,0.190272,38656.89,38656.89,7355.32,10.5625,9561.91,HIGH
POL002692,0,0,0.5192,0.595894,12087.17,12087.17,7202.67,9.4,9363.47,HIGH
POL002693,0,0,0.6303,0.129342,14610.09,14610.09,1889.7,9.5895,2456.61,MODERATE
POL002694,0,0,0.1693,0.63403,6687.98,6687.98,4240.38,8.8082,5512.49,MODERATE
POL002695,0,0,0.7363,0.088939,16951.12,16951.12,1507.62,9.7381,1959.91,LOW
POL002696,0,0,1.0,0.639978,17139.4,17139.4,10968.83,9.7492,14259.48,HIGH
POL002697,0,0,0.25,0.259953,4180.25,4180.25,1086.67,8.3384,1412.67,LOW
POL002698,0,0,1.0,0.429445,10948.77,10948.77,4701.89,9.3011,6112.46,MODERATE
POL002699,0,0,1.0,0.4973,6621.94,6621.94,3293.09,8.7983,4281.01,MODERATE
POL002700,0,0,0.25,0.260783,35277.25,35277.25,9199.7,10.471,11959.62,HIGH
POL002701,0,0,0.5,0.312345,4314.03,4314.03,1347.46,8.3699,1751.7,LOW
POL002702,0,0,0.3823,0.510634,13694.87,13694.87,6993.07,9.5248,9090.99,HIGH
POL002703,0,0,0.4377,0.358244,11520.44,11520.44,4127.13,9.352,5365.27,MODERATE
POL002704,0,0,0.3077,0.65081,10766.88,10766.88,7007.2,9.2843,9109.35,HIGH
POL002705,0,0,1.0,0.460208,14093.46,14093.46,6485.93,9.5535,8431.7,HIGH
POL002706,0,0,1.0,0.75946,5191.45,5191.45,3942.7,8.555,5125.51,MODERATE
POL002707,0,0,0.25,0.388829,8510.06,8510.06,3308.96,9.0491,4301.64,MODERATE
POL002708,0,0,0.7945,0.427624,4812.95,4812.95,2058.13,8.4793,2675.57,MODERATE
POL002709,1,9843,1.0,0.372652,3606.21,3606.21,1343.86,8.1907,1747.02,LOW
POL002710,0,0,1.0,0.212949,4942.62,4942.62,1052.53,8.5059,1368.28,LOW
POL002711,0,0,1.0,0.390338,15505.47,15505.47,6052.38,9.649,7868.09,HIGH
POL002712,1,617360,1.0,0.546937,32088.39,32088.39,17550.34,10.3763,22815.44,VERY_HIGH
POL002713,0,0,0.5,0.449876,12196.19,12196.19,5486.78,9.409,7132.81,MODERATE
POL002714,0,0,0.9368,0.367494,15767.31,15767.31,5794.4,9.6658,7532.72,HIGH
POL002715,0,0,1.0,0.458549,5051.03,5051.03,2316.14,8.5275,3010.99,MODERATE
POL002716,0,0,0.408,0.203259,4638.34,4638.34,942.79,8.4423,1225.62,LOW
POL002717,0,0,1.0,0.307655,3418.43,3418.43,1051.7,8.1372,1367.21,LOW
POL002718,0,0,1.0,0.346827,7488.04,7488.04,2597.06,8.9212,3376.18,MODERATE
POL002719,0,0,1.0,0.46758,8333.71,8333.71,3896.67,9.0282,5065.67,MODERATE
POL002720,0,0,1.0,0.44748,4520.72,4520.72,2022.93,8.4166,2629.81,MODERATE
POL002721,0,0,1.0,0.317903,11436.52,11436.52,3635.7,9.3447,4726.41,MODERATE
POL002722,0,0,1.0,0.207605,7620.22,7620.22,1581.99,8.9387,2056.59,LOW
POL002723,1,7360,0.25,0.659981,14295.7,14295.7,9434.89,9.5678,12265.35,HIGH
POL002724,0,0,0.999,0.780532,3935.0,3935.0,3071.39,8.2779,3992.81,MODERATE
POL002725,0,0,0.25,0.557677,19134.11,19134.11,10670.65,9.8593,13871.84,HIGH
POL002726,0,0,0.3848,0.73169,27781.94,27781.94,20327.78,10.2322,26426.11,VERY_HIGH
POL002727,1,3704,1.0,0.471092,5371.58,5371.58,2530.51,8.5891,3289.66,MODERATE
POL002728,0,0,0.5,0.475781,4987.74,4987.74,2373.08,8.5149,3085.0,MODERATE
POL002729,0,0,1.0,0.38915,4301.63,4301.63,1673.98,8.367,2176.17,LOW
POL002730,0,0,1.0,0.495041,5582.09,5582.09,2763.36,8.6275,3592.37,MODERATE
POL002731,0,0,0.5,0.399782,8873.03,8873.03,3547.28,9.0909,4611.46,MODERATE
POL002732,0,0,0.5,0.295868,20064.18,20064.18,5936.34,9.9067,7717.24,HIGH
POL002733,0,0,0.5,0.62201,9505.47,9505.47,5912.5,9.1597,7686.25,HIGH
POL002734,0,0,1.0,0.310681,2853.05,2853.05,886.39,7.9565,1152.3,LOW
POL002735,0,0,1.0,0.326623,27732.82,27732.82,9058.18,10.2304,11775.64,HIGH
POL002736,0,0,1.0,0.297913,4807.28,4807.28,1432.15,8.4781,1861.79,LOW
POL002737,1,3424,0.8723,0.349772,5459.97,5459.97,1909.74,8.6054,2482.67,MODERATE
POL002738,0,0,0.9317,0.577275,5512.7,5512.7,3182.34,8.615,4137.04,MODERATE
POL002739,1,9041,1.0,0.507226,6215.83,6215.83,3152.83,8.735,4098.68,MODERATE
POL002740,1,8502,0.5216,0.685402,7108.54,7108.54,4872.2,8.8692,6333.86,MODERATE
POL002741,0,0,0.1479,0.369784,9578.75,9578.75,3542.07,9.1674,4604.69,MODERATE
POL002742,0,0,0.874,0.436169,7810.67,7810.67,3406.77,8.9634,4428.8,MODERATE
POL002743,0,0,0.5,0.356769,21830.56,21830.56,7788.46,9.9911,10125.0,HIGH
POL002744,0,0,0.4956,0.44573,7407.01,7407.01,3301.53,8.9103,4291.99,MODERATE
POL002745,0,0,0.7854,0.874819,6780.13,6780.13,5931.39,8.8219,7710.81,HIGH
POL002746,0,0,0.392,0.411376,7799.37,7799.37,3208.47,8.9619,4171.01,MODERATE
POL002747,0,0,0.3829,0.422441,8680.73,8680.73,3667.1,9.069,4767.22,MODERATE
POL002748,0,0,0.7347,0.239144,6618.56,6618.56,1582.79,8.7978,2057.62,LOW
POL002749,0,0,1.0,0.343752,6276.1,6276.1,2157.42,8.7447,2804.65,MODERATE
POL002750,0,0,1.0,0.414391,5725.5,5725.5,2372.59,8.6529,3084.37,MODERATE
POL002751,0,0,0.4181,0.274079,8824.42,8824.42,2418.59,9.0854,3144.17,MODERATE
POL002752,0,0,0.671,0.365187,11125.16,11125.16,4062.76,9.3171,5281.59,MODERATE
POL002753,0,0,0.9197,0.28088,9495.69,9495.69,2667.15,9.1587,3467.29,MODERATE
POL002754,1,11757,0.3284,0.515861,9093.38,9093.38,4690.92,9.1154,6098.19,MODERATE
POL002755,0,0,0.237,0.566038,10858.38,10858.38,6146.25,9.2928,7990.13,HIGH
POL002756,0,0,0.38,0.424967,12771.88,12771.88,5427.62,9.4551,7055.91,MODERATE
POL002757,0,0,0.3347,0.476491,10008.33,10008.33,4768.88,9.2113,6199.55,MODERATE
POL002758,1,18030,0.483,0.901545,13634.34,13634.34,12291.97,9.5204,15979.56,VERY_HIGH
POL002759,0,0,0.5,0.41303,5962.15,5962.15,2462.55,8.6934,3201.31,MODERATE
POL002760,1,12215,0.9499,0.656989,11844.96,11844.96,7782.01,9.3797,10116.61,HIGH
POL002761,0,0,0.5,0.286488,18984.58,18984.58,5438.85,9.8514,7070.5,MODERATE
POL002762,0,0,0.25,0.37986,14437.95,14437.95,5484.39,9.5777,7129.71,MODERATE
POL002763,0,0,0.8617,0.506229,11259.8,11259.8,5700.04,9.3291,7410.05,HIGH
POL002764,0,0,0.1387,0.213396,9424.71,9424.71,2011.19,9.1512,2614.55,MODERATE
POL002765,0,0,0.5,0.33593,10556.79,10556.79,3546.35,9.2646,4610.25,MODERATE
POL002766,0,0,1.0,0.550997,3692.17,3692.17,2034.37,8.2142,2644.68,MODERATE
POL002767,0,0,0.25,0.549015,8862.41,8862.41,4865.59,9.0897,6325.27,MODERATE
POL002768,1,7977,1.0,0.644613,8394.73,8394.73,5411.36,9.0355,7034.76,MODERATE
POL002769,0,0,1.0,0.436683,12768.34,12768.34,5575.72,9.4548,7248.43,HIGH
POL002770,1,9934,0.3869,0.402921,12951.86,12951.86,5218.57,9.4691,6784.14,MODERATE
POL002771,0,0,0.25,0.322394,7231.65,7231.65,2331.44,8.8864,3030.88,MODERATE
POL002772,0,0,0.5946,0.266445,11424.27,11424.27,3043.94,9.3436,3957.13,MODERATE
POL002773,1,5827,0.516,0.463102,6071.52,6071.52,2811.73,8.7115,3655.25,MODERATE
POL002774,0,0,0.25,0.709511,6069.62,6069.62,4306.46,8.7112,5598.4,MODERATE
POL002775,0,0,0.1916,0.422613,15139.23,15139.23,6398.04,9.6251,8317.45,HIGH
POL002776,0,0,0.8837,0.350927,6189.02,6189.02,2171.9,8.7307,2823.46,MODERATE
POL002777,0,0,0.5,0.256415,3959.27,3959.27,1015.22,8.2841,1319.78,LOW
POL002778,1,12106,0.6226,0.699202,19149.54,19149.54,13389.39,9.8601,17406.21,VERY_HIGH
POL002779,0,0,0.4079,0.293915,31722.31,31722.31,9323.66,10.3648,12120.76,HIGH
POL002780,0,0,0.25,0.72763,15054.71,15054.71,10954.26,9.6195,14240.54,HIGH
POL002781,0,0,1.0,0.118211,3642.64,3642.64,430.6,8.2007,559.78,LOW
POL002782,0,0,0.5,0.889915,9092.54,9092.54,8091.59,9.1153,10519.07,HIGH
POL002783,0,0,0.6651,0.157485,10589.28,10589.28,1667.65,9.2677,2167.95,LOW
POL002784,0,0,0.5,0.511416,6829.87,6829.87,3492.9,8.8292,4540.77,MODERATE
POL002785,0,0,1.0,0.607584,8798.86,8798.86,5346.05,9.0825,6949.86,MODERATE
POL002786,0,0,1.0,0.481363,9353.4,9353.4,4502.38,9.1436,5853.1,MODERATE
POL002787,0,0,1.0,0.298847,17955.16,17955.16,5365.84,9.7957,6975.59,MODERATE
POL002788,0,0,0.9894,0.758529,29753.86,29753.86,22569.15,10.3007,29339.89,VERY_HIGH
POL002789,0,0,0.4302,0.431292,14925.05,14925.05,6437.05,9.6109,8368.17,HIGH
POL002790,0,0,0.8043,0.436511,17492.57,17492.57,7635.69,9.7696,9926.4,HIGH
POL002791,1,1828322,0.2822,0.716582,52906.89,52906.89,37912.12,10.8763,49285.76,VERY_HIGH
POL002792,0,0,0.25,0.493902,27703.19,27703.19,13682.65,10.2293,17787.45,VERY_HIGH
POL002793,0,0,0.8671,0.474187,28395.65,28395.65,13464.86,10.254,17504.31,VERY_HIGH
POL002794,0,0,0.3842,0.566675,5185.27,5185.27,2938.36,8.5538,3819.87,MODERATE
POL002795,0,0,0.25,0.3907,11503.84,11503.84,4494.55,9.3505,5842.91,MODERATE
POL002796,0,0,0.2568,0.691348,16873.78,16873.78,11665.66,9.7336,15165.36,HIGH
POL002797,0,0,0.5,0.385633,16953.72,16953.72,6537.91,9.7383,8499.28,HIGH
POL002798,0,0,1.0,0.466411,4125.32,4125.32,1924.1,8.3251,2501.33,MODERATE
POL002799,0,0,0.3834,0.181246,10651.0,10651.0,1930.45,9.2735,2509.59,MODERATE
POL002800,0,0,0.5,0.33916,4087.77,4087.77,1386.41,8.316,1802.33,LOW
POL002801,0,0,1.0,0.434123,9891.96,9891.96,4294.32,9.1996,5582.62,MODERATE
POL002802,0,0,0.2308,0.138873,29388.92,29388.92,4081.33,10.2884,5305.74,MODERATE
POL002803,1,3430,1.0,0.402313,4668.1,4668.1,1878.04,8.4487,2441.45,MODERATE
POL002804,0,0,0.2652,0.237123,12245.93,12245.93,2903.79,9.413,3774.92,MODERATE
POL002805,0,0,0.6332,0.229824,10598.91,10598.91,2435.88,9.2686,3166.64,MODERATE
POL002806,0,0,1.0,0.191629,17197.98,17197.98,3295.63,9.7526,4284.32,MODERATE
POL002807,1,4674,0.7113,0.422672,3133.52,3133.52,1324.45,8.0502,1721.79,LOW
POL002808,0,0,1.0,0.578648,4020.86,4020.86,2326.66,8.2995,3024.66,MODERATE
POL002809,0,0,1.0,0.282647,5065.79,5065.79,1431.83,8.5305,1861.38,LOW
POL002810,0,0,0.25,0.532692,17791.96,17791.96,9477.63,9.7866,12320.92,HIGH
POL002811,0,0,1.0,0.370613,13738.09,13738.09,5091.52,9.528,6618.98,MODERATE
POL002812,0,0,0.7404,0.592244,5637.78,5637.78,3338.94,8.6374,4340.62,MODERATE
POL002813,1,2630,0.389,0.357584,9170.83,9170.83,3279.34,9.1239,4263.15,MODERATE
POL002814,1,6171,0.3686,0.643208,5872.54,5872.54,3777.27,8.6782,4910.45,MODERATE
POL002815,0,0,0.9018,0.125406,8541.31,8541.31,1071.13,9.0528,1392.47,LOW
POL002816,0,0,0.4177,0.742937,7691.03,7691.03,5713.96,8.9479,7428.14,HIGH
POL002817,0,0,0.6556,0.391469,5600.44,5600.44,2192.39,8.6308,2850.11,MODERATE
POL002818,1,17303,0.25,0.834193,7902.54,7902.54,6592.24,8.9751,8569.91,HIGH
POL002819,0,0,0.25,0.18619,5546.13,5546.13,1032.63,8.621,1342.42,LOW
POL002820,0,0,0.7617,0.423506,9798.29,9798.29,4149.63,9.1901,5394.52,MODERATE
POL002821,0,0,1.0,0.464709,7251.22,7251.22,3369.7,8.8891,4380.61,MODERATE
POL002822,0,0,0.2608,0.183616,17051.07,17051.07,3130.85,9.744,4070.1,MODERATE
POL002823,0,0,1.0,0.287082,37002.53,37002.53,10622.76,10.5188,13809.59,HIGH
POL002824,0,0,0.3446,0.350372,22968.18,22968.18,8047.4,10.0419,10461.62,HIGH
POL002825,0,0,0.5,0.787951,7123.63,7123.63,5613.07,8.8713,7296.99,HIGH
POL002826,0,0,0.1982,0.425419,28853.34,28853.34,12274.75,10.27,15957.18,VERY_HIGH
POL002827,0,0,1.0,0.198264,15753.6,15753.6,3123.37,9.6649,4060.38,MODERATE
POL002828,0,0,0.7534,0.359075,9600.56,9600.56,3447.32,9.1697,4481.51,MODERATE
POL002829,0,0,0.4049,0.395774,3474.13,3474.13,1374.97,8.1534,1787.46,LOW
POL002830,1,8002,0.3658,0.755799,12033.82,12033.82,9095.15,9.3956,11823.7,HIGH
POL002831,0,0,1.0,0.203728,16659.88,16659.88,3394.08,9.7208,4412.3,MODERATE
POL002832,0,0,0.4306,0.317347,8337.8,8337.8,2645.97,9.0287,3439.77,MODERATE
POL002833,1,3352,1.0,0.600001,3151.27,3151.27,1890.77,8.0559,2458.0,MODERATE
POL002834,0,0,0.25,0.242001,61044.4,61044.4,14772.82,11.0194,19204.67,VERY_HIGH
POL002835,0,0,1.0,0.21122,4293.31,4293.31,906.83,8.365,1178.89,LOW
POL002836,0,0,0.5954,0.384113,24840.46,24840.46,9541.55,10.1203,12404.02,HIGH
POL002837,0,0,0.5,0.532257,5186.41,5186.41,2760.5,8.554,3588.65,MODERATE
POL002838,0,0,0.5,0.460264,6284.7,6284.7,2892.62,8.746,3760.41,MODERATE
POL002839,0,0,0.1213,0.448522,19747.62,19747.62,8857.24,9.8908,11514.41,HIGH
POL002840,0,0,1.0,0.257682,3844.82,3844.82,990.74,8.2547,1287.96,LOW
POL002841,0,0,0.5,0.727147,9450.88,9450.88,6872.18,9.154,8933.83,HIGH
POL002842,0,0,0.25,0.378775,8479.27,8479.27,3211.74,9.0455,4175.26,MODERATE
POL002843,0,0,1.0,0.288723,7848.13,7848.13,2265.93,8.9682,2945.71,MODERATE
POL002844,0,0,0.0989,0.173107,10439.81,10439.81,1807.2,9.2535,2349.37,MODERATE
POL002845,0,0,0.2965,0.40107,10937.25,10937.25,4386.6,9.3,5702.58,MODERATE
POL002846,0,0,0.9258,0.287446,3937.1,3937.1,1131.7,8.2785,1471.21,LOW
POL002847,1,9223,0.6165,0.776369,24570.51,24570.51,19075.79,10.1093,24798.53,VERY_HIGH
POL002848,1,3754,0.9949,0.786474,9985.81,9985.81,7853.58,9.209,10209.65,HIGH
POL002849,0,0,1.0,0.276638,12436.17,12436.17,3440.31,9.4284,4472.41,MODERATE
POL002850,0,0,1.0,0.259662,7079.72,7079.72,1838.34,8.8651,2389.84,MODERATE
POL002851,0,0,0.3901,0.513429,9020.03,9020.03,4631.15,9.1073,6020.49,MODERATE
POL002852,0,0,0.5,0.202221,4733.39,4733.39,957.19,8.4626,1244.35,LOW
POL002853,0,0,1.0,0.775037,7466.51,7466.51,5786.82,8.9183,7522.87,HIGH
POL002854,0,0,0.5,0.367757,16750.33,16750.33,6160.04,9.7262,8008.05,HIGH
POL002855,0,0,0.8525,0.370365,4406.39,4406.39,1631.97,8.391,2121.56,LOW
POL002856,0,0,0.25,0.287475,12795.85,12795.85,3678.49,9.457,4782.04,MODERATE
POL002857,0,0,0.2193,0.47748,10951.57,10951.57,5229.15,9.3013,6797.89,MODERATE
POL002858,1,5441,1.0,0.29117,5200.86,5200.86,1514.33,8.5568,1968.63,LOW
POL002859,0,0,1.0,0.229088,8600.38,8600.38,1970.25,9.0597,2561.32,MODERATE
POL002860,0,0,0.25,0.23599,8264.35,8264.35,1950.3,9.0198,2535.39,MODERATE
POL002861,0,0,0.5846,0.27785,11017.38,11017.38,3061.18,9.3073,3979.54,MODERATE
POL002862,1,3041,0.5,0.759646,5572.33,5572.33,4233.0,8.6257,5502.89,MODERATE
POL002863,0,0,0.7222,0.245128,4688.99,4688.99,1149.4,8.4532,1494.23,LOW
POL002864,0,0,1.0,0.492143,12252.68,12252.68,6030.07,9.4136,7839.09,HIGH
POL002865,0,0,0.25,0.35037,6061.59,6061.59,2123.8,8.7099,2760.94,MODERATE
POL002866,0,0,0.5,0.34575,10564.19,10564.19,3652.57,9.2653,4748.34,MODERATE
POL002867,0,0,0.2736,0.239787,11081.87,11081.87,2657.28,9.3132,3454.47,MODERATE
POL002868,0,0,0.5,0.470938,14724.47,14724.47,6934.31,9.5973,9014.61,HIGH
POL002869,0,0,1.0,0.242446,31155.54,31155.54,7553.53,10.3468,9819.59,HIGH
POL002870,0,0,1.0,0.358716,3330.32,3330.32,1194.64,8.1111,1553.03,LOW
POL002871,0,0,0.25,0.249628,20446.66,20446.66,5104.06,9.9256,6635.27,MODERATE
POL002872,1,10098,0.25,0.938494,22790.66,22790.66,21388.9,10.0341,27805.57,VERY_HIGH
POL002873,1,12079,0.2676,0.454551,16264.66,16264.66,7393.11,9.6968,9611.05,HIGH
POL002874,0,0,0.1305,0.292288,12664.07,12664.07,3701.56,9.4466,4812.03,MODERATE
POL002875,0,0,0.5048,0.750504,12466.07,12466.07,9355.83,9.4308,12162.58,HIGH
POL002876,0,0,0.4649,0.170261,8366.8,8366.8,1424.54,9.0321,1851.9,LOW
POL002877,0,0,1.0,0.278654,14525.25,14525.25,4047.53,9.5837,5261.78,MODERATE
POL002878,0,0,0.9843,0.228189,16682.28,16682.28,3806.72,9.7222,4948.73,MODERATE
POL002879,0,0,0.2124,0.097089,19558.14,19558.14,1898.88,9.8812,2468.54,MODERATE
POL002880,0,0,0.25,0.579382,12364.57,12364.57,7163.81,9.4227,9312.96,HIGH
POL002881,0,0,0.3128,0.454854,8456.82,8456.82,3846.62,9.0428,5000.61,MODERATE
POL002882,0,0,0.9566,0.450043,33554.71,33554.71,15101.05,10.421,19631.36,VERY_HIGH
POL002883,0,0,1.0,0.28168,5266.6,5266.6,1483.5,8.5693,1928.54,LOW
POL002884,0,0,1.0,0.364341,8108.98,8108.98,2954.43,9.0009,3840.76,MODERATE
POL002885,0,0,0.2525,0.406113,11751.19,11751.19,4772.31,9.3718,6204.0,MODERATE
POL002886,0,0,0.1795,0.462737,30085.78,30085.78,13921.8,10.3118,18098.33,VERY_HIGH
POL002887,0,0,0.5618,0.404694,37646.41,37646.41,15235.27,10.536,19805.85,VERY_HIGH
POL002888,0,0,1.0,0.440304,3649.23,3649.23,1606.77,8.2025,2088.8,LOW
POL002889,0,0,0.1624,0.737129,51332.17,51332.17,37838.44,10.8461,49189.97,VERY_HIGH
POL002890,0,0,0.5,0.373022,74482.15,74482.15,27783.47,11.2183,36118.51,VERY_HIGH
POL002891,0,0,0.1662,0.423641,24113.3,24113.3,10215.37,10.0906,13279.99,HIGH
POL002892,1,4585,0.25,0.445335,5576.93,5576.93,2483.6,8.6266,3228.68,MODERATE
POL002893,0,0,0.2894,0.456994,12634.15,12634.15,5773.74,9.4442,7505.86,HIGH
POL002894,1,4022,0.4891,0.576982,5339.57,5339.57,3080.83,8.5831,4005.08,MODERATE
POL002895,0,0,0.1926,0.582605,20311.53,20311.53,11833.6,9.919,15383.68,HIGH
POL002896,0,0,0.5,0.303562,5497.52,5497.52,1668.84,8.6122,2169.49,LOW
POL002897,0,0,0.4257,0.146613,24808.33,24808.33,3637.22,10.119,4728.38,MODERATE
POL002898,0,0,0.25,0.44926,4903.26,4903.26,2202.84,8.4979,2863.69,MODERATE
POL002899,0,0,0.5,0.615263,4764.94,4764.94,2931.69,8.4692,3811.2,MODERATE
POL002900,0,0,0.5,0.647637,6651.72,6651.72,4307.9,8.8028,5600.27,MODERATE
POL002901,0,0,1.0,0.830393,4166.53,4166.53,3459.86,8.3351,4497.82,MODERATE
POL002902,0,0,0.2523,0.270744,18772.38,18772.38,5082.52,9.8402,6607.27,MODERATE
POL002903,0,0,0.2663,0.501459,7034.89,7034.89,3527.71,8.8588,4586.02,MODERATE
POL002904,0,0,0.5,0.435312,6523.89,6523.89,2839.93,8.7834,3691.91,MODERATE
POL002905,0,0,0.6861,0.674072,5758.58,5758.58,3881.7,8.6586,5046.2,MODERATE
POL002906,0,0,0.2068,0.529131,9704.96,9704.96,5135.19,9.1805,6675.75,MODERATE
POL002907,0,0,0.2736,0.662824,6406.0,6406.0,4246.05,8.7651,5519.86,MODERATE
POL002908,0,0,0.7434,0.393726,9771.66,9771.66,3847.36,9.1873,5001.57,MODERATE
POL002909,0,0,0.1524,0.527577,27921.23,27921.23,14730.59,10.2372,19149.77,VERY_HIGH
POL002910,0,0,0.25,0.561823,5932.81,5932.81,3333.19,8.6884,4333.15,MODERATE
POL002911,0,0,1.0,0.490471,7761.71,7761.71,3806.89,8.9571,4948.96,MODERATE
POL002912,0,0,0.5,0.425406,5018.9,5018.9,2135.07,8.5212,2775.59,MODERATE
POL002913,0,0,0.4671,0.856423,15960.03,15960.03,13668.54,9.6779,17769.11,VERY_HIGH
POL002914,1,7875,0.25,0.375654,8492.22,8492.22,3190.14,9.047,4147.18,MODERATE
POL002915,0,0,0.1799,0.290038,58272.69,58272.69,16901.29,10.9729,21971.68,VERY_HIGH
POL002916,0,0,0.7961,0.573946,7077.88,7077.88,4062.32,8.8649,5281.02,MODERATE
POL002917,0,0,0.176,0.503898,7890.51,7890.51,3976.01,8.9735,5168.82,MODERATE
POL002918,0,0,0.25,0.551979,19507.49,19507.49,10767.73,9.8786,13998.05,HIGH
POL002919,1,2169,1.0,0.316705,3183.87,3183.87,1008.35,8.0662,1310.85,LOW
POL002920,0,0,0.3,0.166229,42293.77,42293.77,7030.47,10.6524,9139.61,HIGH
POL002921,1,16643,0.25,0.752245,28034.56,28034.56,21088.85,10.2412,27415.5,VERY_HIGH
POL002922,0,0,0.3124,0.584407,14650.89,14650.89,8562.08,9.5923,11130.7,HIGH
POL002923,1,6034,1.0,0.359056,5397.93,5397.93,1938.16,8.594,2519.61,MODERATE
POL002924,1,2939,0.5039,0.891413,4237.02,4237.02,3776.93,8.3519,4910.01,MODERATE
POL002925,0,0,0.8436,0.257945,4850.08,4850.08,1251.05,8.487,1626.37,LOW
POL002926,0,0,1.0,0.235527,5459.21,5459.21,1285.79,8.6052,1671.52,LOW
POL002927,0,0,1.0,0.268444,8712.18,8712.18,2338.74,9.0726,3040.36,MODERATE
POL002928,0,0,0.4817,0.243043,21198.41,21198.41,5152.13,9.9617,6697.77,MODERATE
POL002929,0,0,0.094,0.311538,26690.94,26690.94,8315.25,10.1921,10809.83,HIGH
POL002930,0,0,0.6287,0.728233,11682.93,11682.93,8507.89,9.366,11060.26,HIGH
POL002931,0,0,1.0,0.333976,10199.26,10199.26,3406.3,9.2302,4428.19,MODERATE
POL002932,0,0,1.0,0.171608,5341.39,5341.39,916.62,8.5834,1191.61,LOW
POL002933,0,0,0.8137,0.296134,11932.44,11932.44,3533.6,9.3871,4593.68,MODERATE
POL002934,0,0,0.2623,0.213929,18317.49,18317.49,3918.63,9.8157,5094.22,MODERATE
POL002935,0,0,1.0,0.565815,9740.54,9740.54,5511.34,9.1842,7164.74,HIGH
POL002936,0,0,0.2709,0.532183,10357.22,10357.22,5511.94,9.2455,7165.52,HIGH
POL002937,0,0,1.0,0.418592,9492.81,9492.81,3973.62,9.1584,5165.7,MODERATE
POL002938,0,0,0.3528,0.463936,29320.22,29320.22,13602.71,10.2861,17683.52,VERY_HIGH
POL002939,0,0,1.0,0.228464,6921.89,6921.89,1581.4,8.8426,2055.82,LOW
POL002940,0,0,0.9262,0.329181,5645.86,5645.86,1858.51,8.6389,2416.06,MODERATE
POL002941,0,0,0.6747,0.215659,8683.08,8683.08,1872.58,9.0692,2434.36,MODERATE
POL002942,0,0,1.0,0.482412,12555.8,12555.8,6057.07,9.438,7874.19,HIGH
POL002943,0,0,1.0,0.306037,5162.63,5162.63,1579.95,8.5494,2053.94,LOW
POL002944,0,0,0.7712,0.266379,5655.08,5655.08,1506.39,8.6405,1958.31,LOW
POL002945,0,0,1.0,0.492036,3808.25,3808.25,1873.79,8.2452,2435.93,MODERATE
POL002946,0,0,0.9468,0.50292,8103.76,8103.76,4075.55,9.0002,5298.21,MODERATE
POL002947,0,0,1.0,0.169409,11847.09,11847.09,2007.01,9.3799,2609.11,MODERATE
POL002948,0,0,1.0,0.364613,8019.03,8019.03,2923.84,8.9897,3801.0,MODERATE
POL002949,1,2636,0.25,0.878978,4058.68,4058.68,3567.49,8.3089,4637.74,MODERATE
POL002950,0,0,0.5383,0.135487,20943.32,20943.32,2837.56,9.9496,3688.82,MODERATE
POL002951,0,0,1.0,0.606424,3321.04,3321.04,2013.96,8.1083,2618.14,MODERATE
POL002952,0,0,0.9846,0.45059,7787.33,7787.33,3508.89,8.9604,4561.56,MODERATE
POL002953,0,0,0.5,0.602492,17056.15,17056.15,10276.19,9.7443,13359.04,HIGH
POL002954,0,0,1.0,0.244438,3675.37,3675.37,898.4,8.2097,1167.92,LOW
POL002955,0,0,1.0,0.220064,6037.7,6037.7,1328.68,8.7059,1727.29,LOW
POL002956,0,0,1.0,0.416041,31144.22,31144.22,12957.27,10.3464,16844.45,VERY_HIGH
POL002957,1,4127,0.8005,0.712954,5391.26,5391.26,3843.72,8.5927,4996.84,MODERATE
POL002958,0,0,1.0,0.643317,10521.29,10521.29,6768.53,9.2613,8799.09,HIGH
POL002959,0,0,1.0,0.32289,5976.55,5976.55,1929.77,8.6958,2508.7,MODERATE
POL002960,0,0,1.0,0.780828,5491.12,5491.12,4287.62,8.6111,5573.9,MODERATE
POL002961,0,0,0.5,0.240979,5139.69,5139.69,1238.56,8.5449,1610.13,LOW
POL002962,0,0,0.3539,0.353351,9059.46,9059.46,3201.17,9.1117,4161.52,MODERATE
POL002963,0,0,0.25,0.498397,7347.82,7347.82,3662.13,8.9023,4760.77,MODERATE
POL002964,0,0,0.5118,0.337409,32233.94,32233.94,10876.03,10.3808,14138.84,HIGH
POL002965,0,0,1.0,0.595079,9254.18,9254.18,5506.96,9.1329,7159.05,HIGH
POL002966,0,0,1.0,0.285565,14260.47,14260.47,4072.3,9.5653,5293.99,MODERATE
POL002967,0,0,0.3997,0.537071,25202.45,25202.45,13535.51,10.1347,17596.17,VERY_HIGH
POL002968,0,0,0.5,0.250399,19794.79,19794.79,4956.6,9.8932,6443.59,MODERATE
POL002969,0,0,1.0,0.221822,7064.94,7064.94,1567.16,8.863,2037.31,LOW
POL002970,0,0,0.25,0.420975,7676.07,7676.07,3231.43,8.946,4200.86,MODERATE
POL002971,0,0,0.1711,0.277405,5511.56,5511.56,1528.93,8.6148,1987.61,LOW
POL002972,0,0,0.2059,0.810686,20651.99,20651.99,16742.29,9.9356,21764.98,VERY_HIGH
POL002973,0,0,1.0,0.254987,15660.81,15660.81,3993.3,9.659,5191.28,MODERATE
POL002974,0,0,1.0,0.442198,3842.61,3842.61,1699.2,8.2542,2208.96,LOW
POL002975,0,0,0.2927,0.589859,9138.49,9138.49,5390.42,9.1204,7007.55,MODERATE
POL002976,0,0,0.1605,0.331369,14073.27,14073.27,4663.44,9.5521,6062.47,MODERATE
POL002977,0,0,0.5898,0.409173,51195.87,51195.87,20947.96,10.8434,27232.35,VERY_HIGH
POL002978,0,0,1.0,0.239648,5025.92,5025.92,1204.45,8.5226,1565.79,LOW
POL002979,0,0,1.0,0.399996,33791.29,33791.29,13516.38,10.428,17571.29,VERY_HIGH
POL002980,0,0,0.284,0.302722,12039.44,12039.44,3644.61,9.396,4737.99,MODERATE
POL002981,0,0,0.3052,0.247576,8767.49,8767.49,2170.62,9.0789,2821.81,MODERATE
POL002982,0,0,0.25,0.415688,13158.87,13158.87,5469.98,9.4849,7110.97,MODERATE
POL002983,0,0,0.632,0.283584,13157.87,13157.87,3731.36,9.4849,4850.77,MODERATE
POL002984,0,0,1.0,0.863331,7256.25,7256.25,6264.54,8.8898,8143.91,HIGH
POL002985,0,0,0.4242,0.327565,9326.76,9326.76,3055.12,9.1408,3971.65,MODERATE
POL002986,1,15274,0.2345,0.591325,10981.8,10981.8,6493.82,9.3041,8441.96,HIGH
POL002987,0,0,1.0,0.827072,5181.54,5181.54,4285.51,8.5531,5571.16,MODERATE
POL002988,0,0,1.0,0.609842,7517.63,7517.63,4584.57,8.9251,5959.94,MODERATE
POL002989,0,0,1.0,0.44609,25268.96,25268.96,11272.24,10.1374,14653.92,HIGH
POL002990,1,8775,0.21,0.596104,9373.34,9373.34,5587.48,9.1457,7263.72,HIGH
POL002991,1,3583,0.7471,0.503294,5097.99,5097.99,2565.79,8.5368,3335.52,MODERATE
POL002992,0,0,0.9152,0.370597,17630.43,17630.43,6533.79,9.7774,8493.93,HIGH
POL002993,0,0,1.0,0.271502,8779.93,8779.93,2383.76,9.0803,3098.89,MODERATE
POL002994,0,0,0.5,0.39608,3158.23,3158.23,1250.91,8.0581,1626.19,LOW
POL002995,0,0,1.0,0.501496,4096.59,4096.59,2054.42,8.3182,2670.75,MODERATE
POL002996,1,3137,0.7834,0.926955,9136.36,9136.36,8469.0,9.1201,11009.7,HIGH
POL002997,0,0,0.1902,0.364047,25348.13,25348.13,9227.91,10.1405,11996.28,HIGH
POL002998,1,3173,0.2523,0.828034,8179.51,8179.51,6772.92,9.0095,8804.79,HIGH
POL002999,0,0,0.34,0.435579,47272.82,47272.82,20591.06,10.7637,26768.38,VERY_HIGH
POL003000,0,0,0.5,0.404332,5731.85,5731.85,2317.57,8.654,3012.84,MODERATE
POL003001,0,0,0.3336,0.61582,13519.32,13519.32,8325.46,9.5119,10823.1,HIGH
POL003002,0,0,1.0,0.611579,4105.09,4105.09,2510.59,8.3202,3263.76,MODERATE
POL003003,1,6863,1.0,0.724707,6258.23,6258.23,4535.39,8.7418,5896.0,MODERATE
POL003004,1,8903,1.0,0.424887,16366.93,16366.93,6954.09,9.7031,9040.32,HIGH
POL003005,0,0,0.4257,0.237479,8036.62,8036.62,1908.53,8.9919,2481.09,MODERATE
POL003006,0,0,0.7073,0.612639,8833.02,8833.02,5411.45,9.0864,7034.89,MODERATE
POL003007,1,5020,1.0,0.593926,6924.45,6924.45,4112.61,8.843,5346.39,MODERATE
POL003008,0,0,0.29,0.663542,9868.9,9868.9,6548.43,9.1972,8512.95,HIGH
POL003009,1,10416,0.9215,0.382477,9938.09,9938.09,3801.09,9.2042,4941.42,MODERATE
POL003010,0,0,0.3671,0.357766,29688.57,29688.57,10621.55,10.2986,13808.02,HIGH
POL003011,0,0,1.0,0.20595,25466.08,25466.08,5244.75,10.1451,6818.17,MODERATE
POL003012,0,0,0.5,0.257439,14113.49,14113.49,3633.36,9.555,4723.36,MODERATE
POL003013,0,0,0.3524,0.528158,5288.69,5288.69,2793.27,8.5735,3631.24,MODERATE
POL003014,0,0,0.25,0.405604,10695.3,10695.3,4338.06,9.2777,5639.48,MODERATE
POL003015,1,9117,0.9552,0.869479,4521.37,4521.37,3931.23,8.4168,5110.6,MODERATE
POL003016,0,0,1.0,0.39357,4935.3,4935.3,1942.39,8.5044,2525.1,MODERATE
POL003017,0,0,0.3534,0.185849,14989.84,14989.84,2785.84,9.6152,3621.59,MODERATE
POL003018,0,0,0.5542,0.316245,4633.67,4633.67,1465.38,8.4413,1904.99,LOW
POL003019,0,0,1.0,0.226395,9454.82,9454.82,2140.52,9.1544,2782.68,MODERATE
POL003020,0,0,0.25,0.743284,39297.55,39297.55,29209.25,10.5789,37972.02,VERY_HIGH
POL003021,0,0,0.3105,0.548478,11101.77,11101.77,6089.08,9.3149,7915.8,HIGH
POL003022,0,0,1.0,0.461855,4551.11,4551.11,2101.95,8.4233,2732.54,MODERATE
POL003023,0,0,0.4179,0.776382,3748.87,3748.87,2910.56,8.2295,3783.72,MODERATE
POL003024,0,0,1.0,0.252623,3165.97,3165.97,799.8,8.0605,1039.74,LOW
POL003025,0,0,0.25,0.264333,5418.6,5418.6,1432.31,8.5978,1862.01,LOW
POL003026,0,0,0.2112,0.439527,5150.51,5150.51,2263.79,8.547,2942.92,MODERATE
POL003027,0,0,0.6055,0.20817,13895.18,13895.18,2892.56,9.5394,3760.33,MODERATE
POL003028,0,0,0.0804,0.283925,32230.42,32230.42,9151.02,10.3807,11896.33,HIGH
POL003029,0,0,1.0,0.247588,17081.85,17081.85,4229.26,9.7458,5498.04,MODERATE
POL003030,0,0,0.25,0.402368,5256.63,5256.63,2115.1,8.5674,2749.63,MODERATE
POL003031,0,0,1.0,0.316147,6478.82,6478.82,2048.26,8.7764,2662.74,MODERATE
POL003032,0,0,0.6686,0.351353,4268.41,4268.41,1499.72,8.3592,1949.64,LOW
POL003033,0,0,1.0,0.297233,9193.83,9193.83,2732.71,9.1264,3552.52,MODERATE
POL003034,0,0,1.0,0.608079,23942.23,23942.23,14558.76,10.0834,18926.39,VERY_HIGH
POL003035,0,0,1.0,0.455643,5078.31,5078.31,2313.9,8.5329,3008.07,MODERATE
POL003036,0,0,0.1556,0.255913,11885.43,11885.43,3041.63,9.3832,3954.12,MODERATE
POL003037,0,0,0.9672,0.423862,17935.22,17935.22,7602.06,9.7946,9882.68,HIGH
POL003038,0,0,0.3168,0.336526,18689.69,18689.69,6289.58,9.8358,8176.45,HIGH
POL003039,0,0,0.25,0.266858,4864.28,4864.28,1298.07,8.4899,1687.49,LOW
POL003040,1,6305,0.658,0.431747,18063.02,18063.02,7798.66,9.8017,10138.26,HIGH
POL003041,0,0,0.2804,0.177021,33660.3,33660.3,5958.57,10.4241,7746.14,HIGH
POL003042,0,0,1.0,0.170821,7627.48,7627.48,1302.94,8.9396,1693.82,LOW
POL003043,0,0,0.371,0.789276,15657.46,15657.46,12358.06,9.6588,16065.47,VERY_HIGH
POL003044,0,0,0.3204,0.350447,10914.86,10914.86,3825.08,9.298,4972.6,MODERATE
POL003045,0,0,0.8164,0.249777,3708.06,3708.06,926.19,8.2185,1204.05,LOW
POL003046,0,0,0.5,0.707692,4082.96,4082.96,2889.48,8.3148,3756.32,MODERATE
POL003047,0,0,0.25,0.310313,5253.79,5253.79,1630.32,8.5669,2119.42,LOW
POL003048,0,0,1.0,0.324687,17947.0,17947.0,5827.16,9.7952,7575.31,HIGH
POL003049,0,0,0.5616,0.783128,8858.67,8858.67,6937.48,9.0893,9018.72,HIGH
POL003050,0,0,0.4388,0.574764,10697.16,10697.16,6148.34,9.2778,7992.85,HIGH
POL003051,0,0,0.8849,0.879778,20605.38,20605.38,18128.16,9.9334,23566.61,VERY_HIGH
POL003052,0,0,0.3506,0.293758,4438.08,4438.08,1303.72,8.3982,1694.84,LOW
POL003053,0,0,0.25,0.86608,4971.54,4971.54,4305.75,8.5117,5597.48,MODERATE
POL003054,0,0,0.1694,0.340792,12428.42,12428.42,4235.5,9.4278,5506.15,MODERATE
POL003055,0,0,1.0,0.241713,13698.82,13698.82,3311.19,9.5251,4304.55,MODERATE
POL003056,0,0,0.5,0.3103,3294.92,3294.92,1022.41,8.1004,1329.14,LOW
POL003057,0,0,0.5,0.461649,12374.6,12374.6,5712.72,9.4235,7426.53,HIGH
POL003058,0,0,0.4861,0.682205,4392.59,4392.59,2996.65,8.3879,3895.64,MODERATE
POL003059,0,0,1.0,0.352419,4386.5,4386.5,1545.89,8.3865,2009.65,LOW
POL003060,1,6705,1.0,0.425245,6846.2,6846.2,2911.31,8.8316,3784.71,MODERATE
POL003061,0,0,0.5,0.579366,22466.87,22466.87,13016.54,10.0198,16921.5,VERY_HIGH
POL003062,0,0,1.0,0.466877,5344.73,5344.73,2495.33,8.5841,3243.93,MODERATE
POL003063,0,0,1.0,0.612617,5901.66,5901.66,3615.46,8.6832,4700.1,MODERATE
POL003064,0,0,0.4984,0.654757,31083.69,31083.69,20352.27,10.3445,26457.96,VERY_HIGH
POL003065,1,10099,1.0,0.344328,5657.91,5657.91,1948.18,8.641,2532.63,MODERATE
POL003066,0,0,1.0,0.460155,5942.67,5942.67,2734.55,8.6901,3554.92,MODERATE
POL003067,0,0,0.4071,0.569256,16904.12,16904.12,9622.77,9.7354,12509.6,HIGH
POL003068,0,0,0.9775,0.167743,11886.08,11886.08,1993.81,9.3832,2591.95,MODERATE
POL003069,1,27735,0.4255,0.839023,13638.21,13638.21,11442.77,9.5207,14875.6,HIGH
POL003070,0,0,1.0,0.276431,7230.17,7230.17,1998.64,8.8862,2598.24,MODERATE
POL003071,0,0,0.3166,0.712461,35119.33,35119.33,25021.15,10.4665,32527.5,VERY_HIGH
POL003072,0,0,0.5,0.406862,12503.75,12503.75,5087.3,9.4339,6613.49,MODERATE
POL003073,0,0,1.0,0.174888,4557.94,4557.94,797.13,8.4248,1036.27,LOW
POL003074,0,0,0.2214,0.158023,15265.85,15265.85,2412.36,9.6334,3136.06,MODERATE
POL003075,0,0,0.25,0.831213,23656.4,23656.4,19663.5,10.0714,25562.55,VERY_HIGH
POL003076,0,0,0.1809,0.306982,12337.09,12337.09,3787.26,9.4204,4923.44,MODERATE
POL003077,0,0,1.0,0.290539,8356.3,8356.3,2427.83,9.0309,3156.18,MODERATE
POL003078,0,0,1.0,0.435724,5456.05,5456.05,2377.33,8.6047,3090.53,MODERATE
POL003079,0,0,0.2416,0.413361,9687.99,9687.99,4004.64,9.1787,5206.03,MODERATE
POL003080,0,0,0.6916,0.489939,8618.09,8618.09,4222.34,9.0617,5489.04,MODERATE
POL003081,0,0,0.25,0.506868,29565.35,29565.35,14985.73,10.2944,19481.45,VERY_HIGH
POL003082,0,0,0.6682,0.408117,27591.3,27591.3,11260.48,10.2253,14638.62,HIGH
POL003083,0,0,0.423,0.404563,15188.5,15188.5,6144.71,9.6284,7988.12,HIGH
POL003084,0,0,1.0,0.223462,6324.65,6324.65,1413.32,8.7524,1837.32,LOW
POL003085,0,0,1.0,0.587787,4805.7,4805.7,2824.72,8.4778,3672.14,MODERATE
POL003086,0,0,0.5,0.232819,4460.49,4460.49,1038.48,8.4032,1350.03,LOW
POL003087,0,0,0.25,0.128187,9267.33,9267.33,1187.95,9.1344,1544.34,LOW
POL003088,1,7205,1.0,0.798334,9930.03,9930.03,7927.48,9.2034,10305.72,HIGH
POL003089,0,0,0.9072,0.754229,12521.37,12521.37,9443.98,9.4353,12277.17,HIGH
POL003090,0,0,0.5,0.29275,8218.02,8218.02,2405.82,9.0142,3127.57,MODERATE
POL003091,0,0,0.4038,0.252742,9958.41,9958.41,2516.91,9.2063,3271.98,MODERATE
POL003092,0,0,1.0,0.399431,5743.51,5743.51,2294.14,8.656,2982.38,MODERATE
POL003093,0,0,1.0,0.402864,7943.89,7943.89,3200.31,8.9803,4160.4,MODERATE
POL003094,0,0,0.3085,0.393178,8136.4,8136.4,3199.05,9.0042,4158.77,MODERATE
POL003095,0,0,0.5,0.723118,8630.89,8630.89,6241.15,9.0632,8113.49,HIGH
POL003096,0,0,1.0,0.75641,4353.02,4353.02,3292.67,8.3789,4280.47,MODERATE
POL003097,0,0,1.0,0.200352,12543.81,12543.81,2513.17,9.4371,3267.12,MODERATE
POL003098,0,0,0.6396,0.361784,8846.68,8846.68,3200.58,9.0879,4160.76,MODERATE
POL003099,0,0,0.5309,0.314998,4977.65,4977.65,1567.95,8.5129,2038.33,LOW
POL003100,0,0,0.25,0.342561,16238.95,16238.95,5562.84,9.6952,7231.69,HIGH
POL003101,0,0,0.1991,0.190894,17746.39,17746.39,3387.69,9.784,4403.99,MODERATE
POL003102,0,0,0.25,0.578788,5654.07,5654.07,3272.51,8.6403,4254.26,MODERATE
POL003103,0,0,0.6315,0.238443,34345.37,34345.37,8189.43,10.4443,10646.26,HIGH
POL003104,1,7903,0.9166,0.537143,5624.85,5624.85,3021.34,8.6351,3927.75,MODERATE
POL003105,0,0,0.25,0.525973,6127.17,6127.17,3222.73,8.7207,4189.55,MODERATE
POL003106,1,7768,0.3859,0.249256,8780.7,8780.7,2188.65,9.0804,2845.24,MODERATE
POL003107,0,0,0.1327,0.359365,26829.79,26829.79,9641.69,10.1973,12534.2,HIGH
POL003108,0,0,0.4038,0.698954,10906.07,10906.07,7622.85,9.2972,9909.7,HIGH
POL003109,1,4757,0.3847,0.835754,6774.6,6774.6,5661.9,8.8211,7360.47,HIGH
POL003110,0,0,1.0,0.158537,4210.01,4210.01,667.44,8.3455,867.67,LOW
POL003111,0,0,1.0,0.125616,7019.5,7019.5,881.76,8.8566,1146.29,LOW
POL003112,0,0,1.0,0.277,4756.24,4756.24,1317.48,8.4674,1712.72,LOW
POL003113,0,0,0.292,0.70177,11385.35,11385.35,7989.9,9.3402,10386.87,HIGH
POL003114,0,0,0.2129,0.496723,10396.75,10396.75,5164.31,9.2493,6713.61,MODERATE
POL003115,0,0,0.2454,0.551719,11388.5,11388.5,6283.25,9.3404,8168.23,HIGH
POL003116,0,0,0.25,0.642908,7940.27,7940.27,5104.86,8.9798,6636.32,MODERATE
POL003117,0,0,0.6009,0.730067,3085.83,3085.83,2252.87,8.0349,2928.73,MODERATE
POL003118,0,0,0.564,0.427063,5664.96,5664.96,2419.3,8.6422,3145.09,MODERATE
POL003119,0,0,0.2965,0.702915,33991.86,33991.86,23893.39,10.4339,31061.41,VERY_HIGH
POL003120,0,0,0.8642,0.377018,4341.77,4341.77,1636.93,8.3763,2128.01,LOW
POL003121,1,20468,0.2423,0.563875,15751.16,15751.16,8881.69,9.6647,11546.2,HIGH
POL003122,1,3528,1.0,0.362881,6935.95,6935.95,2516.93,8.8446,3272.0,MODERATE
POL003123,0,0,1.0,0.431587,3494.04,3494.04,1507.98,8.1591,1960.38,LOW
POL003124,0,0,0.5514,0.379721,3483.78,3483.78,1322.87,8.1562,1719.73,LOW
POL003125,0,0,0.5,0.433881,6049.2,6049.2,2624.63,8.7078,3412.02,MODERATE
POL003126,0,0,0.5,0.518683,14963.2,14963.2,7761.16,9.6134,10089.5,HIGH
POL003127,0,0,0.3931,0.438285,7560.0,7560.0,3313.44,8.9308,4307.47,MODERATE
POL003128,0,0,0.5,0.216656,6541.17,6541.17,1417.18,8.786,1842.34,LOW
POL003129,0,0,0.9209,0.358847,4723.75,4723.75,1695.1,8.4606,2203.63,LOW
POL003130,0,0,0.8554,0.306275,17666.5,17666.5,5410.81,9.7795,7034.05,MODERATE
POL003131,0,0,0.6779,0.514544,19493.52,19493.52,10030.28,9.8779,13039.36,HIGH
POL003132,0,0,0.5,0.146295,5534.04,5534.04,809.6,8.6189,1052.48,LOW
POL003133,0,0,0.25,0.407242,6203.11,6203.11,2526.16,8.733,3284.01,MODERATE
POL003134,0,0,0.5,0.262304,5632.18,5632.18,1477.34,8.6364,1920.55,LOW
POL003135,0,0,0.3172,0.267816,18541.36,18541.36,4965.68,9.8278,6455.38,MODERATE
POL003136,0,0,0.6069,0.719738,8860.77,8860.77,6377.44,9.0895,8290.67,HIGH
POL003137,0,0,1.0,0.672721,6719.3,6719.3,4520.21,8.8129,5876.28,MODERATE
POL003138,0,0,0.25,0.53985,11221.14,11221.14,6057.73,9.3256,7875.05,HIGH
POL003139,0,0,0.5,0.64201,7465.58,7465.58,4792.97,8.9182,6230.87,MODERATE
POL003140,0,0,0.5,0.494737,10168.07,10168.07,5030.52,9.2271,6539.68,MODERATE
POL003141,0,0,0.5,0.391867,4095.54,4095.54,1604.91,8.3179,2086.38,LOW
POL003142,0,0,0.5951,0.249684,7023.94,7023.94,1753.77,8.8572,2279.9,LOW
POL003143,0,0,0.9022,0.264023,25084.31,25084.31,6622.83,10.13,8609.68,HIGH
POL003144,0,0,0.7368,0.154469,169367.46,169367.46,26161.98,12.0398,34010.58,VERY_HIGH
POL003145,0,0,0.5,0.167131,10158.02,10158.02,1697.72,9.2261,2207.04,LOW
POL003146,0,0,0.25,0.408881,4060.12,4060.12,1660.11,8.3092,2158.14,LOW
POL003147,0,0,1.0,0.771496,10718.88,10718.88,8269.57,9.2799,10750.44,HIGH
POL003148,0,0,0.5265,0.282625,18866.79,18866.79,5332.23,9.8452,6931.89,MODERATE
POL003149,0,0,0.25,0.602144,26814.12,26814.12,16145.98,10.1967,20989.77,VERY_HIGH
POL003150,0,0,1.0,0.475155,4496.37,4496.37,2136.47,8.4112,2777.41,MODERATE
POL003151,0,0,0.1705,0.63174,14903.0,14903.0,9414.83,9.6094,12239.28,HIGH
POL003152,0,0,0.3687,0.60733,4663.68,4663.68,2832.39,8.4478,3682.11,MODERATE
POL003153,0,0,1.0,0.47869,10571.09,10571.09,5060.28,9.266,6578.37,MODERATE
POL003154,0,0,0.5,0.501042,3752.36,3752.36,1880.09,8.2304,2444.12,MODERATE
POL003155,0,0,0.2961,0.299163,9477.76,9477.76,2835.4,9.1568,3686.02,MODERATE
POL003156,0,0,0.3978,0.512082,12158.15,12158.15,6225.97,9.4058,8093.77,HIGH
POL003157,0,0,1.0,0.397337,16361.51,16361.51,6501.03,9.7027,8451.34,HIGH
POL003158,0,0,1.0,0.255483,6078.78,6078.78,1553.03,8.7127,2018.94,LOW
POL003159,0,0,1.0,0.726108,7002.51,7002.51,5084.58,8.8542,6609.95,MODERATE
POL003160,0,0,1.0,0.367944,4294.46,4294.46,1580.12,8.3653,2054.16,LOW
POL003161,0,0,0.7059,0.445451,5821.4,5821.4,2593.15,8.6695,3371.09,MODERATE
POL003162,0,0,0.5326,0.398218,4088.54,4088.54,1628.13,8.3162,2116.57,LOW
POL003163,0,0,0.2337,0.359253,12573.39,12573.39,4517.03,9.4394,5872.14,MODERATE
POL003164,0,0,0.4051,0.49971,20867.79,20867.79,10427.85,9.946,13556.2,HIGH
POL003165,0,0,0.3279,0.513553,15091.31,15091.31,7750.18,9.6219,10075.23,HIGH
POL003166,0,0,0.5,0.389402,10012.71,10012.71,3898.97,9.2117,5068.66,MODERATE
POL003167,0,0,1.0,0.433822,16716.15,16716.15,7251.83,9.7242,9427.38,HIGH
POL003168,0,0,1.0,0.326082,7444.33,7444.33,2427.47,8.9153,3155.7,MODERATE
POL003169,0,0,0.5,0.346688,6260.97,6260.97,2170.61,8.7423,2821.79,MODERATE
POL003170,0,0,0.25,0.443984,9087.74,9087.74,4034.81,9.1148,5245.25,MODERATE
POL003171,0,0,0.2975,0.340175,12843.44,12843.44,4369.01,9.4607,5679.72,MODERATE
POL003172,0,0,1.0,0.315786,8702.31,8702.31,2748.07,9.0715,3572.49,MODERATE
POL003173,0,0,0.245,0.295311,5648.26,5648.26,1667.99,8.6393,2168.39,LOW
POL003174,0,0,0.491,0.320037,27941.55,27941.55,8942.32,10.2379,11625.02,HIGH
POL003175,0,0,0.25,0.540668,14958.26,14958.26,8087.45,9.6131,10513.69,HIGH
POL003176,0,0,0.7211,0.281665,4575.7,4575.7,1288.81,8.4287,1675.46,LOW
POL003177,0,0,0.25,0.428694,12657.2,12657.2,5426.07,9.4461,7053.89,MODERATE
POL003178,0,0,1.0,0.201908,11872.25,11872.25,2397.1,9.382,3116.23,MODERATE
POL003179,0,0,0.3289,0.346488,29275.8,29275.8,10143.73,10.2846,13186.84,HIGH
POL003180,0,0,1.0,0.353825,7011.8,7011.8,2480.95,8.8555,3225.24,MODERATE
POL003181,0,0,0.9719,0.328068,20443.48,20443.48,6706.86,9.9255,8718.92,HIGH
POL003182,0,0,1.0,0.492666,11510.23,11510.23,5670.7,9.3511,7371.91,HIGH
POL003183,0,0,1.0,0.283155,8884.43,8884.43,2515.67,9.0922,3270.37,MODERATE
POL003184,0,0,1.0,0.336347,4438.56,4438.56,1492.9,8.3983,1940.77,LOW
POL003185,0,0,1.0,0.573663,6724.58,6724.58,3857.64,8.8137,5014.94,MODERATE
POL003186,0,0,0.5,0.37204,11560.46,11560.46,4300.95,9.3554,5591.24,MODERATE
POL003187,0,0,0.2035,0.305244,9045.62,9045.62,2761.12,9.1101,3589.45,MODERATE
POL003188,0,0,0.25,0.708107,4476.19,4476.19,3169.62,8.4067,4120.5,MODERATE
POL003189,0,0,0.7802,0.334369,6972.82,6972.82,2331.5,8.8499,3030.95,MODERATE
POL003190,1,5295,0.5,0.68846,15098.62,15098.62,10394.79,9.6224,13513.23,HIGH
POL003191,1,8657,0.1376,0.404152,14366.05,14366.05,5806.06,9.5727,7547.88,HIGH
POL003192,0,0,1.0,0.286012,15764.75,15764.75,4508.91,9.6656,5861.58,MODERATE
POL003193,0,0,0.785,0.258229,3851.03,3851.03,994.45,8.2564,1292.78,LOW
POL003194,0,0,1.0,0.539333,5890.61,5890.61,3177.0,8.6813,4130.1,MODERATE
POL003195,0,0,0.5,0.507618,3118.93,3118.93,1583.22,8.0456,2058.19,LOW
POL003196,0,0,0.5,0.116414,7334.63,7334.63,853.85,8.9005,1110.01,LOW
POL003197,0,0,1.0,0.566494,10696.14,10696.14,6059.3,9.2777,7877.09,HIGH
POL003198,0,0,0.237,0.340346,74515.42,74515.42,25361.06,11.2188,32969.38,VERY_HIGH
POL003199,0,0,1.0,0.113795,5161.56,5161.56,587.36,8.5492,763.57,LOW
POL003200,1,7209,0.8129,0.436685,3976.13,3976.13,1736.32,8.2883,2257.21,LOW
POL003201,0,0,1.0,0.408224,20004.38,20004.38,8166.27,9.9038,10616.15,HIGH
POL003202,0,0,1.0,0.236213,21587.16,21587.16,5099.17,9.9799,6628.92,MODERATE
POL003203,0,0,0.9441,0.494982,15330.97,15330.97,7588.56,9.6377,9865.12,HIGH
POL003204,1,5302,1.0,0.456636,5110.92,5110.92,2333.83,8.5393,3033.98,MODERATE
POL003205,0,0,0.25,0.302874,11185.98,11185.98,3387.94,9.3225,4404.32,MODERATE
POL003206,0,0,0.3762,0.538108,18211.01,18211.01,9799.49,9.8098,12739.33,HIGH
POL003207,0,0,0.5,0.381406,15311.04,15311.04,5839.73,9.6364,7591.65,HIGH
POL003208,0,0,0.25,0.672387,16289.52,16289.52,10952.85,9.6983,14238.71,HIGH
POL003209,0,0,1.0,0.47846,2791.13,2791.13,1335.45,7.9346,1736.08,LOW
POL003210,0,0,0.2991,0.884473,15756.76,15756.76,13936.42,9.6651,18117.35,VERY_HIGH
POL003211,0,0,1.0,0.269817,4653.09,4653.09,1255.48,8.4455,1632.13,LOW
POL003212,0,0,1.0,0.264971,12509.46,12509.46,3314.65,9.4343,4309.04,MODERATE
POL003213,0,0,1.0,0.470501,7376.24,7376.24,3470.53,8.9062,4511.69,MODERATE
POL003214,0,0,0.5,0.673548,7003.27,7003.27,4717.04,8.8543,6132.15,MODERATE
POL003215,1,15161,1.0,0.339012,24760.95,24760.95,8394.26,10.1171,10912.54,HIGH
POL003216,0,0,0.5,0.499022,2121.76,2121.76,1058.8,7.6605,1376.45,LOW
POL003217,0,0,1.0,0.300076,14383.06,14383.06,4316.02,9.5739,5610.82,MODERATE
POL003218,0,0,1.0,0.46314,6469.06,6469.06,2996.08,8.7749,3894.91,MODERATE
POL003219,0,0,1.0,0.295992,3522.09,3522.09,1042.51,8.1671,1355.26,LOW
POL003220,0,0,0.5,0.29577,21370.56,21370.56,6320.78,9.9698,8217.01,HIGH
POL003221,0,0,0.8632,0.218143,35734.04,35734.04,7795.11,10.4839,10133.65,HIGH
POL003222,1,6178,0.8561,0.839543,5760.69,5760.69,4836.35,8.659,6287.25,MODERATE
POL003223,0,0,1.0,0.152677,4027.72,4027.72,614.94,8.3012,799.42,LOW
POL003224,0,0,1.0,0.632288,6503.37,6503.37,4112.0,8.7802,5345.6,MODERATE
POL003225,0,0,1.0,0.489859,5777.6,5777.6,2830.21,8.6619,3679.27,MODERATE
POL003226,0,0,0.8732,0.388654,19598.77,19598.77,7617.14,9.8833,9902.28,HIGH
POL003227,0,0,1.0,0.722,11739.05,11739.05,8475.6,9.3708,11018.28,HIGH
POL003228,0,0,0.25,0.275102,4018.8,4018.8,1105.58,8.299,1437.25,LOW
POL003229,0,0,0.5,0.363935,4358.32,4358.32,1586.15,8.3801,2061.99,LOW
POL003230,0,0,0.7568,0.450214,5577.77,5577.77,2511.19,8.6267,3264.55,MODERATE
POL003231,0,0,0.25,0.274278,40639.0,40639.0,11146.39,10.6125,14490.31,HIGH
POL003232,0,0,1.0,0.554221,12028.99,12028.99,6666.72,9.3952,8666.73,HIGH
POL003233,0,0,0.5612,0.465545,8992.3,8992.3,4186.32,9.1042,5442.22,MODERATE
POL003234,0,0,1.0,0.423236,18701.53,18701.53,7915.16,9.8364,10289.71,HIGH
POL003235,0,0,0.362,0.291325,6419.89,6419.89,1870.27,8.7673,2431.35,MODERATE
POL003236,1,6317,1.0,0.851624,5506.37,5506.37,4689.35,8.6138,6096.16,MODERATE
POL003237,0,0,0.25,0.237523,7832.3,7832.3,1860.35,8.9661,2418.46,MODERATE
POL003238,0,0,0.489,0.224984,19835.13,19835.13,4462.59,9.8953,5801.36,MODERATE
POL003239,0,0,1.0,0.571904,5211.45,5211.45,2980.45,8.5588,3874.59,MODERATE
POL003240,1,13138,0.218,0.702505,33397.47,33397.47,23461.89,10.4163,30500.46,VERY_HIGH
POL003241,0,0,0.5,0.558161,5904.95,5904.95,3295.91,8.6837,4284.69,MODERATE
POL003242,0,0,1.0,0.198359,4111.89,4111.89,815.63,8.3219,1060.32,LOW
POL003243,1,12992,0.25,0.527715,4969.72,4969.72,2622.59,8.5113,3409.37,MODERATE
POL003244,0,0,0.9101,0.56482,18415.78,18415.78,10401.59,9.821,13522.07,HIGH
POL003245,0,0,0.5529,0.386868,15193.21,15193.21,5877.76,9.6287,7641.09,HIGH
POL003246,0,0,0.3939,0.523365,19102.73,19102.73,9997.69,9.8576,12997.0,HIGH
POL003247,0,0,1.0,0.224697,8191.2,8191.2,1840.54,9.0109,2392.7,MODERATE
POL003248,0,0,1.0,0.696899,8366.4,8366.4,5830.54,9.0321,7579.7,HIGH
POL003249,0,0,0.9437,0.44134,22223.28,22223.28,9808.03,10.0089,12750.43,HIGH
POL003250,0,0,0.5,0.371073,5476.58,5476.58,2032.21,8.6084,2641.88,MODERATE
POL003251,0,0,0.4362,0.287359,16021.65,16021.65,4603.96,9.6818,5985.15,MODERATE
POL003252,0,0,1.0,0.104077,5272.61,5272.61,548.76,8.5705,713.38,LOW
POL003253,0,0,0.3965,0.3578,8661.73,8661.73,3099.16,9.0668,4028.91,MODERATE
POL003254,1,7859,1.0,0.496558,9297.72,9297.72,4616.86,9.1376,6001.92,MODERATE
POL003255,0,0,1.0,0.572626,9477.29,9477.29,5426.94,9.1568,7055.02,MODERATE
POL003256,0,0,1.0,0.652528,16358.67,16358.67,10674.49,9.7026,13876.84,HIGH
POL003257,0,0,1.0,0.521324,14533.56,14533.56,7576.69,9.5843,9849.7,HIGH
POL003258,0,0,1.0,0.171764,5660.31,5660.31,972.24,8.6414,1263.91,LOW
POL003259,0,0,1.0,0.232403,6698.63,6698.63,1556.78,8.8098,2023.81,LOW
POL003260,0,0,0.6907,0.377119,20487.41,20487.41,7726.19,9.9276,10044.05,HIGH
POL003261,0,0,0.4903,0.354961,12278.15,12278.15,4358.27,9.4157,5665.75,MODERATE
POL003262,0,0,0.9881,0.442943,4865.95,4865.95,2155.34,8.4902,2801.94,MODERATE
POL003263,0,0,0.25,0.656537,5118.91,5118.91,3360.76,8.5409,4368.98,MODERATE
POL003264,0,0,0.5,0.649268,5680.63,5680.63,3688.25,8.645,4794.72,MODERATE
POL003265,1,871594,0.0991,0.559994,74302.68,74302.68,41609.09,11.2159,54091.82,VERY_HIGH
POL003266,0,0,1.0,0.782963,4515.74,4515.74,3535.66,8.4155,4596.36,MODERATE
POL003267,0,0,0.85,0.231399,5775.51,5775.51,1336.45,8.6616,1737.39,LOW
POL003268,0,0,1.0,0.209891,4414.33,4414.33,926.53,8.3928,1204.49,LOW
POL003269,0,0,1.0,0.762714,19135.57,19135.57,14594.97,9.8594,18973.45,VERY_HIGH
POL003270,0,0,0.089,0.895214,28956.7,28956.7,25922.45,10.2736,33699.19,VERY_HIGH
POL003271,0,0,0.5491,0.343575,6511.55,6511.55,2237.2,8.7815,2908.36,MODERATE
POL003272,0,0,0.25,0.395897,8264.17,8264.17,3271.76,9.0198,4253.29,MODERATE
POL003273,0,0,1.0,0.439702,5629.61,5629.61,2475.35,8.636,3217.96,MODERATE
POL003274,0,0,0.176,0.155038,32266.29,32266.29,5002.51,10.3818,6503.27,MODERATE
POL003275,0,0,0.5,0.560029,6318.03,6318.03,3538.28,8.7513,4599.76,MODERATE
POL003276,0,0,1.0,0.165088,6442.62,6442.62,1063.6,8.7708,1382.68,LOW
POL003277,0,0,0.756,0.57819,10137.44,10137.44,5861.36,9.2241,7619.77,HIGH
POL003278,0,0,0.2363,0.587367,29816.99,29816.99,17513.52,10.3029,22767.57,VERY_HIGH
POL003279,0,0,0.4949,0.551125,3649.91,3649.91,2011.55,8.2027,2615.02,MODERATE
POL003280,0,0,1.0,0.809722,6303.38,6303.38,5103.99,8.749,6635.18,MODERATE
POL003281,0,0,1.0,0.378172,5375.99,5375.99,2033.05,8.5899,2642.96,MODERATE
POL003282,0,0,0.7527,0.370907,12348.85,12348.85,4580.27,9.4214,5954.35,MODERATE
POL003283,0,0,0.6534,0.741731,23081.91,23081.91,17120.57,10.0468,22256.74,VERY_HIGH
POL003284,0,0,1.0,0.179243,8746.51,8746.51,1567.75,9.0765,2038.07,LOW
POL003285,0,0,0.4948,0.593442,11592.0,11592.0,6879.18,9.3582,8942.94,HIGH
POL003286,0,0,0.25,0.357983,19616.7,19616.7,7022.44,9.8842,9129.17,HIGH
POL003287,0,0,1.0,0.781552,5213.83,5213.83,4074.88,8.5593,5297.35,MODERATE
POL003288,0,0,0.7347,0.592429,14650.81,14650.81,8679.57,9.5923,11283.44,HIGH
POL003289,0,0,0.25,0.293857,46148.91,46148.91,13561.18,10.7397,17629.53,VERY_HIGH
POL003290,0,0,1.0,0.248224,17125.91,17125.91,4251.06,9.7484,5526.37,MODERATE
POL003291,0,0,0.25,0.460049,9387.95,9387.95,4318.91,9.1473,5614.59,MODERATE
POL003292,0,0,0.854,0.144355,5347.9,5347.9,771.99,8.5846,1003.59,LOW
POL003293,0,0,1.0,0.469301,12585.27,12585.27,5906.28,9.4404,7678.17,HIGH
POL003294,0,0,0.2144,0.343834,17116.8,17116.8,5885.34,9.7479,7650.94,HIGH
POL003295,0,0,0.25,0.310196,8894.4,8894.4,2759.0,9.0933,3586.7,MODERATE
POL003296,0,0,0.7517,0.205492,5342.4,5342.4,1097.82,8.5836,1427.17,LOW
POL003297,0,0,0.25,0.646411,18899.6,18899.6,12216.91,9.8469,15881.98,VERY_HIGH
POL003298,0,0,1.0,0.411911,4025.11,4025.11,1657.98,8.3006,2155.38,LOW
POL003299,0,0,1.0,0.524633,5072.34,5072.34,2661.12,8.5318,3459.45,MODERATE
POL003300,0,0,0.5,0.547942,4361.29,4361.29,2389.73,8.3808,3106.65,MODERATE
POL003301,0,0,1.0,0.578029,2593.82,2593.82,1499.3,7.8613,1949.09,LOW
POL003302,0,0,1.0,0.222379,5589.57,5589.57,1243.0,8.6288,1615.9,LOW
POL003303,0,0,0.25,0.518909,6126.1,6126.1,3178.89,8.7205,4132.55,MODERATE
POL003304,0,0,1.0,0.34619,15293.02,15293.02,5294.28,9.6352,6882.57,MODERATE
POL003305,0,0,0.2163,0.15937,22158.39,22158.39,3531.38,10.006,4590.8,MODERATE
POL003306,0,0,0.7846,0.340678,3440.18,3440.18,1171.99,8.1436,1523.59,LOW
POL003307,0,0,0.7054,0.773079,6721.06,6721.06,5195.92,8.8132,6754.69,MODERATE
POL003308,0,0,0.5,0.847409,4494.13,4494.13,3808.37,8.4108,4950.88,MODERATE
POL003309,0,0,0.4178,0.76802,5891.0,5891.0,4524.41,8.6814,5881.73,MODERATE
POL003310,0,0,1.0,0.333297,4823.03,4823.03,1607.5,8.4814,2089.75,LOW
POL003311,0,0,1.0,0.449655,6350.91,6350.91,2855.72,8.7565,3712.44,MODERATE
POL003312,0,0,0.1409,0.312312,20201.64,20201.64,6309.22,9.9136,8201.98,HIGH
POL003313,1,3339,0.5252,0.383461,4176.83,4176.83,1601.65,8.3375,2082.15,LOW
POL003314,0,0,1.0,0.316975,6290.24,6290.24,1993.85,8.7469,2592.0,MODERATE
POL003315,0,0,0.25,0.27607,3649.58,3649.58,1007.54,8.2026,1309.8,LOW
POL003316,0,0,0.5,0.256985,11450.85,11450.85,2942.69,9.3459,3825.5,MODERATE
POL003317,0,0,0.5266,0.304124,15282.88,15282.88,4647.89,9.6346,6042.25,MODERATE
POL003318,0,0,0.9011,0.546152,9258.45,9258.45,5056.52,9.1334,6573.48,MODERATE
POL003319,0,0,0.5,0.875352,24453.8,24453.8,21405.68,10.1046,27827.39,VERY_HIGH
POL003320,0,0,0.7497,0.421219,4747.73,4747.73,1999.84,8.4656,2599.79,MODERATE
POL003321,0,0,1.0,0.552293,15812.46,15812.46,8733.12,9.6686,11353.05,HIGH
POL003322,0,0,1.0,0.262752,4834.04,4834.04,1270.15,8.4836,1651.2,LOW
POL003323,0,0,1.0,0.422352,8755.51,8755.51,3697.9,9.0776,4807.27,MODERATE
POL003324,0,0,0.3698,0.278538,11477.77,11477.77,3197.0,9.3483,4156.1,MODERATE
POL003325,0,0,1.0,0.207827,6694.8,6694.8,1391.36,8.8092,1808.77,LOW
POL003326,0,0,0.5,0.318281,4590.88,4590.88,1461.19,8.432,1899.55,LOW
POL003327,0,0,0.4913,0.486085,28599.5,28599.5,13901.8,10.2612,18072.34,VERY_HIGH
POL003328,0,0,0.4707,0.301377,14442.01,14442.01,4352.49,9.578,5658.24,MODERATE
POL003329,0,0,1.0,0.296308,13003.48,13003.48,3853.04,9.473,5008.95,MODERATE
POL003330,0,0,0.25,0.891341,6065.86,6065.86,5406.75,8.7106,7028.77,MODERATE
POL003331,0,0,0.8088,0.341306,3523.23,3523.23,1202.5,8.1674,1563.25,LOW
POL003332,0,0,0.3109,0.514351,17248.78,17248.78,8871.92,9.7556,11533.5,HIGH
POL003333,0,0,0.4185,0.277703,19757.72,19757.72,5486.77,9.8914,7132.81,MODERATE
POL003334,1,28269,1.0,0.894223,13591.95,13591.95,12154.23,9.5173,15800.5,VERY_HIGH
POL003335,0,0,0.5,0.237647,75152.07,75152.07,17859.64,11.2273,23217.53,VERY_HIGH
POL003336,1,3344119,0.25,0.557681,81665.89,81665.89,45543.48,11.3104,59206.52,VERY_HIGH
POL003337,0,0,0.7167,0.640554,9191.29,9191.29,5887.52,9.1261,7653.77,HIGH
POL003338,0,0,0.1778,0.380513,11376.46,11376.46,4328.89,9.3394,5627.56,MODERATE
POL003339,0,0,0.5,0.679606,13323.02,13323.02,9054.41,9.4973,11770.73,HIGH
POL003340,0,0,0.6193,0.344483,22999.08,22999.08,7922.79,10.0433,10299.62,HIGH
POL003341,0,0,0.25,0.473864,10452.5,10452.5,4953.06,9.2547,6438.98,MODERATE
POL003342,0,0,1.0,0.346322,6502.36,6502.36,2251.91,8.7801,2927.48,MODERATE
POL003343,0,0,0.3713,0.529449,8005.06,8005.06,4238.27,8.988,5509.76,MODERATE
POL003344,0,0,0.9364,0.391806,12027.02,12027.02,4712.26,9.395,6125.94,MODERATE
POL003345,0,0,0.2933,0.34589,25112.49,25112.49,8686.15,10.1312,11291.99,HIGH
POL003346,0,0,1.0,0.666097,6024.0,6024.0,4012.57,8.7037,5216.34,MODERATE
POL003347,0,0,0.8078,0.208371,4175.66,4175.66,870.09,8.3373,1131.11,LOW
POL003348,0,0,0.7133,0.42038,4216.35,4216.35,1772.47,8.347,2304.21,LOW
POL003349,0,0,1.0,0.450186,6251.58,6251.58,2814.37,8.7407,3658.69,MODERATE
POL003350,0,0,1.0,0.315169,12349.24,12349.24,3892.1,9.4214,5059.73,MODERATE
POL003351,0,0,0.25,0.745673,8472.4,8472.4,6317.64,9.0447,8212.93,HIGH
POL003352,0,0,1.0,0.176503,5567.58,5567.58,982.69,8.6249,1277.5,LOW
POL003353,1,2050,0.8789,0.815615,7543.61,7543.61,6152.69,8.9286,7998.49,HIGH
POL003354,0,0,0.5,0.422347,4143.56,4143.56,1750.02,8.3296,2275.03,LOW
POL003355,0,0,1.0,0.380976,4423.37,4423.37,1685.2,8.3949,2190.76,LOW
POL003356,0,0,0.8885,0.310636,13186.56,13186.56,4096.22,9.487,5325.08,MODERATE
POL003357,0,0,1.0,0.413658,6480.39,6480.39,2680.66,8.7767,3484.86,MODERATE
POL003358,0,0,0.9723,0.799759,5545.93,5545.93,4435.41,8.621,5766.03,MODERATE
POL003359,1,4889,0.3349,0.723987,12936.06,12936.06,9365.54,9.4679,12175.21,HIGH
POL003360,0,0,1.0,0.27628,12798.46,12798.46,3535.95,9.4572,4596.74,MODERATE
POL003361,0,0,0.3956,0.209052,65330.3,65330.3,13657.45,11.0872,17754.69,VERY_HIGH
POL003362,0,0,0.856,0.406504,5710.05,5710.05,2321.16,8.6502,3017.51,MODERATE
POL003363,0,0,0.5,0.260186,5513.96,5513.96,1434.66,8.6152,1865.05,LOW
POL003364,0,0,0.2309,0.57809,9314.61,9314.61,5384.68,9.1394,7000.09,MODERATE
POL003365,0,0,0.2529,0.118608,17313.07,17313.07,2053.46,9.7593,2669.5,MODERATE
POL003366,0,0,1.0,0.327482,10460.51,10460.51,3425.63,9.2555,4453.32,MODERATE
POL003367,0,0,0.6467,0.216946,5028.57,5028.57,1090.93,8.5231,1418.21,LOW
POL003368,0,0,0.5,0.335492,5853.78,5853.78,1963.9,8.675,2553.07,MODERATE
POL003369,0,0,0.25,0.331655,5287.45,5287.45,1753.61,8.5733,2279.69,LOW
POL003370,0,0,0.6682,0.270069,3675.2,3675.2,992.56,8.2096,1290.33,LOW
POL003371,1,14466,1.0,0.890974,3898.47,3898.47,3473.44,8.2686,4515.47,MODERATE
POL003372,0,0,0.5,0.361284,11205.58,11205.58,4048.39,9.3243,5262.91,MODERATE
POL003373,0,0,1.0,0.366827,12761.12,12761.12,4681.13,9.4542,6085.46,MODERATE
POL003374,0,0,0.3149,0.210259,19287.62,19287.62,4055.39,9.8673,5272.01,MODERATE
POL003375,0,0,1.0,0.447733,13848.05,13848.05,6200.23,9.536,8060.3,HIGH
POL003376,0,0,0.6671,0.355242,19953.14,19953.14,7088.21,9.9012,9214.67,HIGH
POL003377,0,0,0.5,0.711508,5726.78,5726.78,4074.65,8.6531,5297.05,MODERATE
POL003378,0,0,0.311,0.814487,31520.42,31520.42,25672.96,10.3584,33374.85,VERY_HIGH
POL003379,0,0,0.5,0.610174,4060.76,4060.76,2477.77,8.3094,3221.1,MODERATE
POL003380,0,0,0.5,0.491535,6712.25,6712.25,3299.31,8.8118,4289.1,MODERATE
POL003381,0,0,1.0,0.178989,15752.64,15752.64,2819.56,9.6648,3665.42,MODERATE
POL003382,0,0,0.3539,0.515717,3461.8,3461.8,1785.31,8.1498,2320.9,LOW
POL003383,0,0,0.25,0.239531,13839.62,13839.62,3315.02,9.5354,4309.52,MODERATE
POL003384,0,0,0.356,0.20444,10603.42,10603.42,2167.77,9.269,2818.1,MODERATE
POL003385,0,0,0.3884,0.296099,12653.43,12653.43,3746.67,9.4458,4870.67,MODERATE
POL003386,0,0,1.0,0.295363,20359.87,20359.87,6013.55,9.9214,7817.61,HIGH
POL003387,1,7601,1.0,0.326035,4527.19,4527.19,1476.02,8.4181,1918.83,LOW
POL003388,0,0,0.3893,0.351566,31646.17,31646.17,11125.73,10.3624,14463.45,HIGH
POL003389,0,0,1.0,0.519682,6136.34,6136.34,3188.95,8.7221,4145.63,MODERATE
POL003390,0,0,0.25,0.362989,5912.64,5912.64,2146.22,8.685,2790.09,MODERATE
POL003391,0,0,0.4207,0.285892,12161.32,12161.32,3476.83,9.4061,4519.88,MODERATE
POL003392,1,2976,0.8191,0.423796,5409.15,5409.15,2292.38,8.596,2980.09,MODERATE
POL003393,0,0,0.2891,0.359453,18350.77,18350.77,6596.25,9.8175,8575.12,HIGH
POL003394,0,0,0.4735,0.52515,25335.36,25335.36,13304.86,10.14,17296.32,VERY_HIGH
POL003395,0,0,0.394,0.229771,12842.72,12842.72,2950.88,9.4606,3836.14,MODERATE
POL003396,0,0,0.5,0.391998,3612.29,3612.29,1416.01,8.1924,1840.81,LOW
POL003397,0,0,0.5,0.213369,12964.8,12964.8,2766.29,9.4701,3596.17,MODERATE
POL003398,0,0,0.5115,0.524151,6183.59,6183.59,3241.13,8.7298,4213.47,MODERATE
POL003399,0,0,0.25,0.528113,10936.43,10936.43,5775.67,9.2999,7508.37,HIGH
POL003400,0,0,0.6437,0.442485,6023.4,6023.4,2665.27,8.7036,3464.85,MODERATE
POL003401,1,7915,1.0,0.907594,11543.76,11543.76,10477.04,9.354,13620.15,HIGH
POL003402,1,18770,1.0,0.577665,15450.48,15450.48,8925.2,9.6455,11602.76,HIGH
POL003403,0,0,1.0,0.159636,3828.81,3828.81,611.22,8.2506,794.58,LOW
POL003404,1,15200,0.2982,0.431457,12572.02,12572.02,5424.29,9.4393,7051.57,MODERATE
POL003405,0,0,1.0,0.474186,12170.65,12170.65,5771.15,9.4069,7502.49,HIGH
POL003406,0,0,1.0,0.383498,5877.15,5877.15,2253.88,8.679,2930.04,MODERATE
POL003407,0,0,0.2978,0.359797,41105.42,41105.42,14789.59,10.6239,19226.46,VERY_HIGH
POL003408,0,0,0.427,0.49459,13504.21,13504.21,6679.05,9.5108,8682.77,HIGH
POL003409,0,0,0.5,0.279638,6411.42,6411.42,1792.88,8.766,2330.74,LOW
POL003410,0,0,0.4725,0.261231,12013.95,12013.95,3138.42,9.3939,4079.94,MODERATE
POL003411,1,2782,0.5,0.416925,6044.31,6044.31,2520.02,8.707,3276.03,MODERATE
POL003412,0,0,1.0,0.239656,5663.66,5663.66,1357.33,8.642,1764.53,LOW
POL003413,1,6525,0.5174,0.218359,14219.48,14219.48,3104.96,9.5624,4036.45,MODERATE
POL003414,0,0,0.25,0.405695,5671.49,5671.49,2300.9,8.6434,2991.17,MODERATE
POL003415,0,0,1.0,0.653812,9083.05,9083.05,5938.6,9.1143,7720.18,HIGH
POL003416,0,0,0.3512,0.340159,9914.62,9914.62,3372.55,9.2019,4384.32,MODERATE
POL003417,1,8147,0.382,0.400032,10423.89,10423.89,4169.89,9.252,5420.86,MODERATE
POL003418,1,20300,0.4363,0.748251,19529.28,19529.28,14612.8,9.8797,18996.64,VERY_HIGH
POL003419,0,0,1.0,0.838382,5862.36,5862.36,4914.89,8.6765,6389.36,MODERATE
POL003420,0,0,1.0,0.496435,7888.85,7888.85,3916.3,8.9733,5091.19,MODERATE
POL003421,0,0,0.7695,0.866707,18347.52,18347.52,15901.92,9.8173,20672.5,VERY_HIGH
POL003422,0,0,1.0,0.408792,3742.39,3742.39,1529.86,8.2277,1988.82,LOW
POL003423,0,0,0.6183,0.334615,3820.61,3820.61,1278.43,8.2484,1661.96,LOW
POL003424,0,0,0.4885,0.399045,17097.13,17097.13,6822.52,9.7467,8869.28,HIGH
POL003425,0,0,0.3634,0.583294,20053.03,20053.03,11696.81,9.9062,15205.85,HIGH
POL003426,0,0,1.0,0.564693,19701.12,19701.12,11125.08,9.8885,14462.6,HIGH
POL003427,0,0,0.5,0.151551,3838.07,3838.07,581.66,8.253,756.16,LOW
POL003428,0,0,1.0,0.378492,7502.09,7502.09,2839.48,8.9231,3691.32,MODERATE
POL003429,0,0,1.0,0.286758,5586.43,5586.43,1601.95,8.6283,2082.54,LOW
POL003430,0,0,0.5,0.356912,5178.53,5178.53,1848.28,8.5525,2402.77,MODERATE
POL003431,0,0,1.0,0.341845,10175.86,10175.86,3478.57,9.2279,4522.14,MODERATE
POL003432,1,8727,1.0,0.705081,8951.35,8951.35,6311.43,9.0997,8204.86,HIGH
POL003433,0,0,0.3726,0.286785,10807.01,10807.01,3099.29,9.288,4029.08,MODERATE
POL003434,0,0,0.5,0.492069,3240.2,3240.2,1594.4,8.0837,2072.72,LOW
POL003435,1,1569,0.8818,0.682016,4129.39,4129.39,2816.31,8.3261,3661.21,MODERATE
POL003436,1,5728,0.5512,0.826303,8162.26,8162.26,6744.49,9.0074,8767.84,HIGH
POL003437,0,0,1.0,0.225826,4719.7,4719.7,1065.83,8.4597,1385.58,LOW
POL003438,0,0,0.8059,0.342168,5102.29,5102.29,1745.84,8.5376,2269.59,LOW
POL003439,1,16630,1.0,0.680028,6582.0,6582.0,4475.94,8.7922,5818.72,MODERATE
POL003440,0,0,0.2267,0.233963,16217.08,16217.08,3794.2,9.6939,4932.46,MODERATE
POL003441,0,0,0.6604,0.477204,18042.0,18042.0,8609.71,9.8005,11192.62,HIGH
POL003442,0,0,0.1166,0.228883,29584.17,29584.17,6771.33,10.295,8802.72,HIGH
POL003443,0,0,0.1561,0.603581,15849.42,15849.42,9566.41,9.671,12436.34,HIGH
POL003444,0,0,0.4335,0.444239,8473.52,8473.52,3764.27,9.0448,4893.55,MODERATE
POL003445,1,9717,0.4577,0.508834,9742.26,9742.26,4957.19,9.1843,6444.35,MODERATE
POL003446,0,0,1.0,0.697132,6867.16,6867.16,4787.32,8.8347,6223.52,MODERATE
POL003447,0,0,1.0,0.557537,16260.19,16260.19,9065.66,9.6965,11785.35,HIGH
POL003448,0,0,1.0,0.62933,35734.18,35734.18,22488.57,10.4839,29235.15,VERY_HIGH
POL003449,0,0,0.3323,0.245123,103559.82,103559.82,25384.88,11.5479,33000.35,VERY_HIGH
POL003450,0,0,0.25,0.451097,3727.75,3727.75,1681.58,8.2238,2186.05,LOW
POL003451,0,0,0.5,0.36105,3881.27,3881.27,1401.34,8.2642,1821.74,LOW
POL003452,0,0,0.5,0.306355,14019.23,14019.23,4294.86,9.5483,5583.31,MODERATE
POL003453,0,0,1.0,0.856789,14902.36,14902.36,12768.19,9.6093,16598.64,VERY_HIGH
POL003454,0,0,0.8553,0.286092,7017.01,7017.01,2007.51,8.8562,2609.76,MODERATE
POL003455,1,11574,0.3241,0.328878,17947.84,17947.84,5902.65,9.7953,7673.44,HIGH
POL003456,0,0,1.0,0.44654,4476.97,4476.97,1999.15,8.4069,2598.89,MODERATE
POL003457,0,0,0.2399,0.440465,12091.08,12091.08,5325.7,9.4003,6923.41,MODERATE
POL003458,0,0,0.1637,0.496262,16120.07,16120.07,7999.78,9.6879,10399.71,HIGH
POL003459,1,2620,0.5,0.736557,5862.43,5862.43,4318.01,8.6765,5613.41,MODERATE
POL003460,0,0,0.6952,0.551872,25709.33,25709.33,14188.26,10.1546,18444.74,VERY_HIGH
POL003461,0,0,0.4265,0.844458,32055.16,32055.16,27069.23,10.3752,35190.0,VERY_HIGH
POL003462,0,0,1.0,0.53124,7967.83,7967.83,4232.83,8.9833,5502.68,MODERATE
POL003463,0,0,0.25,0.357891,7001.85,7001.85,2505.9,8.8541,3257.67,MODERATE
POL003464,0,0,0.5,0.665606,7885.42,7885.42,5248.58,8.9729,6823.16,MODERATE
POL003465,0,0,0.5,0.321002,9629.52,9629.52,3091.09,9.1727,4018.42,MODERATE
POL003466,0,0,0.6755,0.621486,5917.02,5917.02,3677.34,8.6858,4780.55,MODERATE
POL003467,0,0,0.6009,0.455366,16081.19,16081.19,7322.83,9.6855,9519.69,HIGH
POL003468,0,0,1.0,0.384626,3013.85,3013.85,1159.21,8.0113,1506.97,LOW
POL003469,0,0,0.372,0.453021,23512.71,23512.71,10651.74,10.0653,13847.26,HIGH
POL003470,0,0,1.0,0.311362,4277.46,4277.46,1331.84,8.3613,1731.39,LOW
POL003471,0,0,0.5,0.273957,8190.52,8190.52,2243.85,9.0109,2917.0,MODERATE
POL003472,0,0,0.5243,0.550067,6406.09,6406.09,3523.78,8.7652,4580.91,MODERATE
POL003473,1,8040,0.9204,0.592627,14908.75,14908.75,8835.32,9.6098,11485.92,HIGH
POL003474,0,0,0.25,0.405991,4842.67,4842.67,1966.08,8.4854,2555.91,MODERATE
POL003475,0,0,1.0,0.24215,6513.24,6513.24,1577.18,8.7817,2050.34,LOW
POL003476,0,0,0.175,0.491611,8675.12,8675.12,4264.79,9.0683,5544.22,MODERATE
POL003477,0,0,0.5,0.164948,3341.98,3341.98,551.25,8.1146,716.63,LOW
POL003478,0,0,1.0,0.351274,7989.5,7989.5,2806.5,8.986,3648.46,MODERATE
POL003479,0,0,1.0,0.217101,4515.32,4515.32,980.28,8.4155,1274.37,LOW
POL003480,1,19492,0.1928,0.539954,10751.21,10751.21,5805.16,9.2829,7546.7,HIGH
POL003481,0,0,1.0,0.29637,5270.26,5270.26,1561.95,8.57,2030.53,LOW
POL003482,0,0,0.25,0.205018,8684.61,8684.61,1780.5,9.0694,2314.65,LOW
POL003483,0,0,1.0,0.405797,7571.5,7571.5,3072.49,8.9323,3994.24,MODERATE
POL003484,0,0,0.5,0.327698,28159.08,28159.08,9227.66,10.2457,11995.96,HIGH
POL003485,0,0,1.0,0.363967,8442.48,8442.48,3072.79,9.0411,3994.62,MODERATE
POL003486,0,0,0.25,0.539982,7286.15,7286.15,3934.39,8.8939,5114.7,MODERATE
POL003487,0,0,1.0,0.449368,7667.45,7667.45,3445.51,8.9449,4479.16,MODERATE
POL003488,0,0,0.9254,0.407845,3971.2,3971.2,1619.64,8.2871,2105.53,LOW
POL003489,0,0,0.1784,0.303327,20656.24,20656.24,6265.6,9.9358,8145.28,HIGH
POL003490,0,0,0.5,0.361094,11390.81,11390.81,4113.16,9.3407,5347.11,MODERATE
POL003491,0,0,0.4877,0.638771,22190.09,22190.09,14174.39,10.0074,18426.71,VERY_HIGH
POL003492,0,0,0.2326,0.367512,29411.96,29411.96,10809.26,10.2892,14052.04,HIGH
POL003493,0,0,1.0,0.215038,78768.55,78768.55,16938.23,11.2743,22019.69,VERY_HIGH
POL003494,0,0,0.951,0.480473,8159.43,8159.43,3920.39,9.0071,5096.5,MODERATE
POL003495,0,0,0.8934,0.361333,10396.67,10396.67,3756.66,9.2493,4883.66,MODERATE
POL003496,0,0,1.0,0.373848,7338.17,7338.17,2743.36,8.901,3566.37,MODERATE
POL003497,0,0,1.0,0.574073,25058.15,25058.15,14385.22,10.129,18700.78,VERY_HIGH
POL003498,1,5715,0.25,0.434292,8109.27,8109.27,3521.79,9.0009,4578.33,MODERATE
POL003499,0,0,0.584,0.319271,29899.53,29899.53,9546.06,10.3056,12409.88,HIGH
POL003500,0,0,1.0,0.438925,5065.38,5065.38,2223.32,8.5304,2890.32,MODERATE
POL003501,0,0,0.3575,0.53282,13247.79,13247.79,7058.69,9.4917,9176.3,HIGH
POL003502,1,22289,0.5,0.417246,10940.38,10940.38,4564.83,9.3003,5934.28,MODERATE
POL003503,0,0,0.3918,0.247223,12451.49,12451.49,3078.29,9.4297,4001.78,MODERATE
POL003504,1,8741,0.4599,0.474756,11975.67,11975.67,5685.52,9.3907,7391.17,HIGH
POL003505,0,0,1.0,0.257287,7192.53,7192.53,1850.54,8.8809,2405.71,MODERATE
POL003506,0,0,1.0,0.463681,4733.52,4733.52,2194.84,8.4626,2853.29,MODERATE
POL003507,0,0,1.0,0.790989,16664.63,16664.63,13181.54,9.7211,17136.01,VERY_HIGH
POL003508,0,0,0.5506,0.165406,9275.2,9275.2,1534.17,9.1352,1994.42,LOW
POL003509,0,0,1.0,0.491141,8827.24,8827.24,4335.42,9.0857,5636.05,MODERATE
POL003510,0,0,1.0,0.122846,6106.53,6106.53,750.16,8.7173,975.21,LOW
POL003511,1,4515,1.0,0.381402,4031.18,4031.18,1537.5,8.3021,1998.75,LOW
POL003512,1,22871,1.0,0.713773,8212.25,8212.25,5861.68,9.0135,7620.18,HIGH
POL003513,0,0,0.7733,0.578031,5941.71,5941.71,3434.49,8.6899,4464.84,MODERATE
POL003514,0,0,0.25,0.478788,4651.09,4651.09,2226.88,8.4451,2894.95,MODERATE
POL003515,1,12707,1.0,0.386995,9413.18,9413.18,3642.85,9.15,4735.71,MODERATE
POL003516,0,0,0.6245,0.210131,8131.09,8131.09,1708.59,9.0036,2221.17,LOW
POL003517,0,0,0.25,0.446175,7743.48,7743.48,3454.95,8.9547,4491.43,MODERATE
POL003518,0,0,1.0,0.625047,4514.65,4514.65,2821.87,8.4153,3668.43,MODERATE
POL003519,0,0,1.0,0.503283,3056.11,3056.11,1538.09,8.0252,1999.51,LOW
POL003520,0,0,0.5,0.329906,23583.43,23583.43,7780.31,10.0683,10114.4,HIGH
POL003521,1,543349,1.0,0.626999,17203.08,17203.08,10786.31,9.7529,14022.21,HIGH
POL003522,0,0,0.6818,0.288948,8552.31,8552.31,2471.17,9.0541,3212.52,MODERATE
POL003523,0,0,0.653,0.616418,9844.22,9844.22,6068.15,9.1947,7888.6,HIGH
POL003524,0,0,1.0,0.856135,5440.71,5440.71,4657.98,8.6018,6055.38,MODERATE
POL003525,0,0,1.0,0.385641,6357.72,6357.72,2451.8,8.7576,3187.34,MODERATE
POL003526,0,0,0.7189,0.576042,4356.21,4356.21,2509.36,8.3796,3262.17,MODERATE
POL003527,0,0,1.0,0.205264,8037.04,8037.04,1649.72,8.9919,2144.63,LOW
POL003528,0,0,1.0,0.233825,5723.3,5723.3,1338.25,8.6525,1739.72,LOW
POL003529,0,0,0.25,0.334659,5028.93,5028.93,1682.98,8.5232,2187.87,LOW
POL003530,0,0,1.0,0.177062,4002.97,4002.97,708.78,8.295,921.41,LOW
POL003531,0,0,0.25,0.55984,6704.78,6704.78,3753.6,8.8107,4879.68,MODERATE
POL003532,0,0,0.5785,0.309178,46321.9,46321.9,14321.73,10.7434,18618.24,VERY_HIGH
POL003533,0,0,0.5,0.28104,4003.27,4003.27,1125.08,8.2951,1462.6,LOW
POL003534,0,0,1.0,0.534005,17043.56,17043.56,9101.34,9.7436,11831.74,HIGH
POL003535,0,0,1.0,0.217994,6745.6,6745.6,1470.5,8.8168,1911.65,LOW
POL003536,0,0,0.5,0.395894,4368.16,4368.16,1729.33,8.3823,2248.13,LOW
POL003537,0,0,1.0,0.414004,4613.16,4613.16,1909.87,8.4369,2482.83,MODERATE
POL003538,0,0,0.3813,0.682992,11282.38,11282.38,7705.77,9.3311,10017.51,HIGH
POL003539,0,0,0.5964,0.413158,12064.72,12064.72,4984.64,9.3981,6480.03,MODERATE
POL003540,0,0,0.7289,0.615594,3032.53,3032.53,1866.81,8.0175,2426.85,MODERATE
POL003541,0,0,1.0,0.349351,10605.29,10605.29,3704.97,9.2692,4816.46,MODERATE
POL003542,0,0,0.2067,0.6549,12510.13,12510.13,8192.89,9.4344,10650.75,HIGH
POL003543,0,0,0.25,0.319085,5125.6,5125.6,1635.5,8.5422,2126.15,LOW
POL003544,0,0,1.0,0.828642,9569.71,9569.71,7929.86,9.1665,10308.82,HIGH
POL003545,0,0,0.7115,0.647929,21482.63,21482.63,13919.23,9.975,18095.0,VERY_HIGH
POL003546,0,0,1.0,0.167323,13600.46,13600.46,2275.67,9.5179,2958.38,MODERATE
POL003547,0,0,0.9669,0.82072,8099.4,8099.4,6647.34,8.9997,8641.54,HIGH
POL003548,0,0,0.8819,0.375007,12554.65,12554.65,4708.09,9.4379,6120.51,MODERATE
POL003549,0,0,1.0,0.75133,14764.97,14764.97,11093.36,9.6001,14421.37,HIGH
POL003550,0,0,0.9977,0.221973,13545.61,13545.61,3006.75,9.5139,3908.78,MODERATE
POL003551,0,0,0.6222,0.300545,15931.93,15931.93,4788.27,9.6761,6224.75,MODERATE
POL003552,0,0,0.5,0.521069,9015.98,9015.98,4697.95,9.1069,6107.33,MODERATE
POL003553,0,0,0.4899,0.318351,5690.05,5690.05,1811.43,8.6466,2354.86,MODERATE
POL003554,0,0,1.0,0.382087,5912.58,5912.58,2259.12,8.685,2936.86,MODERATE
POL003555,0,0,1.0,0.204772,7398.2,7398.2,1514.94,8.9091,1969.43,LOW
POL003556,0,0,0.5566,0.460328,22720.97,22720.97,10459.1,10.0311,13596.82,HIGH
POL003557,0,0,0.5,0.129219,3748.29,3748.29,484.35,8.2293,629.66,LOW
POL003558,0,0,0.5,0.262758,5943.36,5943.36,1561.66,8.6902,2030.16,LOW
POL003559,0,0,0.9561,0.242684,4958.52,4958.52,1203.35,8.5091,1564.36,LOW
POL003560,0,0,0.25,0.516113,3038.76,3038.76,1568.34,8.0195,2038.84,LOW
POL003561,0,0,0.2683,0.253501,7888.71,7888.71,1999.79,8.9733,2599.73,MODERATE
POL003562,0,0,0.5,0.685211,11389.22,11389.22,7804.02,9.3405,10145.22,HIGH
POL003563,0,0,1.0,0.498122,7351.97,7351.97,3662.18,8.9029,4760.84,MODERATE
POL003564,0,0,0.6057,0.318586,10002.56,10002.56,3186.67,9.2107,4142.67,MODERATE
POL003565,0,0,0.4451,0.249961,4261.04,4261.04,1065.09,8.3575,1384.62,LOW
POL003566,0,0,0.2013,0.457737,47474.43,47474.43,21730.81,10.768,28250.06,VERY_HIGH
POL003567,0,0,0.5,0.408856,37248.5,37248.5,15229.27,10.5254,19798.05,VERY_HIGH
POL003568,0,0,0.6705,0.14291,4351.72,4351.72,621.9,8.3786,808.47,LOW
POL003569,1,13855,0.4454,0.817773,13988.61,13988.61,11439.51,9.5461,14871.37,HIGH
POL003570,1,4875,0.2812,0.861752,12868.75,12868.75,11089.67,9.4626,14416.57,HIGH
POL003571,0,0,1.0,0.371118,5233.93,5233.93,1942.41,8.5631,2525.13,MODERATE
POL003572,0,0,0.25,0.328025,4964.38,4964.38,1628.44,8.5102,2116.97,LOW
POL003573,0,0,0.727,0.791526,17828.78,17828.78,14111.95,9.7886,18345.53,VERY_HIGH
POL003574,0,0,1.0,0.276918,5326.31,5326.31,1474.95,8.5806,1917.44,LOW
POL003575,0,0,0.9789,0.515342,16045.34,16045.34,8268.84,9.6832,10749.49,HIGH
POL003576,0,0,0.598,0.238726,9039.88,9039.88,2158.05,9.1095,2805.47,MODERATE
POL003577,0,0,1.0,0.468835,4584.41,4584.41,2149.34,8.4306,2794.14,MODERATE
POL003578,0,0,0.2713,0.234485,12923.02,12923.02,3030.25,9.4668,3939.33,MODERATE
POL003579,0,0,0.4623,0.539959,5429.67,5429.67,2931.8,8.5998,3811.34,MODERATE
POL003580,0,0,0.6096,0.464463,5040.77,5040.77,2341.25,8.5255,3043.63,MODERATE
POL003581,0,0,1.0,0.512785,4349.01,4349.01,2230.11,8.3779,2899.14,MODERATE
POL003582,0,0,0.3704,0.335464,32402.9,32402.9,10870.0,10.386,14131.0,HIGH
POL003583,0,0,0.4428,0.541755,19416.16,19416.16,10518.8,9.8739,13674.43,HIGH
POL003584,0,0,1.0,0.435226,20128.59,20128.59,8760.48,9.9099,11388.62,HIGH
POL003585,0,0,1.0,0.303996,31872.8,31872.8,9689.19,10.3695,12595.95,HIGH
POL003586,0,0,0.5,0.356338,8986.37,8986.37,3202.18,9.1036,4162.84,MODERATE
POL003587,0,0,0.5,0.750328,8226.15,8226.15,6172.31,9.0152,8024.0,HIGH
POL003588,1,3975,0.4413,0.52058,8130.7,8130.7,4232.68,9.0035,5502.48,MODERATE
POL003589,0,0,0.2459,0.511656,6641.42,6641.42,3398.12,8.8012,4417.56,MODERATE
POL003590,1,1624,0.5,0.402515,4579.2,4579.2,1843.19,8.4295,2396.15,MODERATE
POL003591,0,0,1.0,0.166329,11025.78,11025.78,1833.91,9.3081,2384.08,MODERATE
POL003592,0,0,0.4164,0.26545,22385.24,22385.24,5942.16,10.0162,7724.81,HIGH
POL003593,1,2124,0.5,0.892814,6398.69,6398.69,5712.84,8.764,7426.7,HIGH
POL003594,1,2747,1.0,0.754717,7287.17,7287.17,5499.76,8.894,7149.68,MODERATE
POL003595,0,0,0.5,0.183624,13473.64,13473.64,2474.09,9.5086,3216.31,MODERATE
POL003596,0,0,1.0,0.620284,10018.55,10018.55,6214.35,9.2123,8078.65,HIGH
POL003597,0,0,0.3636,0.383882,11127.62,11127.62,4271.7,9.3173,5553.21,MODERATE
POL003598,0,0,0.25,0.470781,5086.24,5086.24,2394.5,8.5345,3112.86,MODERATE
POL003599,0,0,1.0,0.405495,2381.56,2381.56,965.71,7.7759,1255.42,LOW
POL003600,0,0,1.0,0.767065,6177.47,6177.47,4738.52,8.7288,6160.08,MODERATE
POL003601,0,0,0.9381,0.710178,7972.97,7972.97,5662.23,8.9839,7360.9,HIGH
POL003602,0,0,1.0,0.299879,4868.11,4868.11,1459.84,8.4907,1897.8,LOW
POL003603,0,0,0.6665,0.297684,5079.05,5079.05,1511.95,8.5331,1965.53,LOW
POL003604,0,0,0.5,0.330905,7082.65,7082.65,2343.68,8.8655,3046.79,MODERATE
POL003605,0,0,0.5,0.523048,4551.91,4551.91,2380.86,8.4235,3095.12,MODERATE
POL003606,1,9942,1.0,0.62419,10174.68,10174.68,6350.93,9.2278,8256.21,HIGH
POL003607,0,0,0.3004,0.437518,14796.68,14796.68,6473.82,9.6022,8415.96,HIGH
POL003608,0,0,0.5,0.515537,9084.8,9084.8,4683.55,9.1145,6088.62,MODERATE
POL003609,0,0,0.5,0.318324,59152.42,59152.42,18829.64,10.9879,24478.53,VERY_HIGH
POL003610,1,9551,0.7692,0.421844,13278.24,13278.24,5601.35,9.494,7281.76,HIGH
POL003611,0,0,0.25,0.342499,6154.18,6154.18,2107.8,8.725,2740.14,MODERATE
POL003612,0,0,1.0,0.640044,6774.44,6774.44,4335.94,8.8211,5636.72,MODERATE
POL003613,0,0,1.0,0.310858,5880.95,5880.95,1828.14,8.6796,2376.58,MODERATE
POL003614,0,0,1.0,0.20694,5433.01,5433.01,1124.31,8.6004,1461.6,LOW
POL003615,0,0,1.0,0.267369,13668.34,13668.34,3654.48,9.5229,4750.83,MODERATE
POL003616,0,0,0.1766,0.477326,14455.35,14455.35,6899.92,9.5789,8969.9,HIGH
POL003617,0,0,0.5,0.462431,7348.9,7348.9,3398.36,8.9024,4417.86,MODERATE
POL003618,0,0,0.4628,0.378458,22555.15,22555.15,8536.18,10.0238,11097.03,HIGH
POL003619,0,0,1.0,0.603063,10208.02,10208.02,6156.08,9.231,8002.9,HIGH
POL003620,0,0,0.3336,0.554376,9474.95,9474.95,5252.69,9.1565,6828.49,MODERATE
POL003621,0,0,1.0,0.273123,33944.62,33944.62,9271.05,10.4325,12052.37,HIGH
POL003622,0,0,0.6728,0.34516,14612.45,14612.45,5043.64,9.5897,6556.73,MODERATE
POL003623,1,4056,0.5,0.460584,5516.48,5516.48,2540.8,8.6157,3303.04,MODERATE
POL003624,1,2628,0.5,0.67525,8138.27,8138.27,5495.37,9.0045,7143.98,MODERATE
POL003625,0,0,0.5,0.353576,7268.93,7268.93,2570.12,8.8915,3341.16,MODERATE
POL003626,0,0,0.2507,0.548992,11603.64,11603.64,6370.31,9.3592,8281.4,HIGH
POL003627,0,0,0.6118,0.435373,11375.82,11375.82,4952.72,9.3393,6438.54,MODERATE
POL003628,1,13914,0.5428,0.45439,11630.33,11630.33,5284.71,9.3615,6870.12,MODERATE
POL003629,0,0,0.5,0.6006,15026.7,15026.7,9025.03,9.6177,11732.54,HIGH
POL003630,1,24567,0.5,0.759063,18326.71,18326.71,13911.14,9.8162,18084.48,VERY_HIGH
POL003631,0,0,0.5,0.442131,6558.12,6558.12,2899.55,8.7886,3769.41,MODERATE
POL003632,0,0,1.0,0.258779,4442.32,4442.32,1149.58,8.3992,1494.45,LOW
POL003633,0,0,1.0,0.429888,12795.32,12795.32,5500.55,9.4569,7150.72,HIGH
POL003634,0,0,0.5,0.583924,4937.76,4937.76,2883.28,8.5049,3748.26,MODERATE
POL003635,0,0,1.0,0.528148,9322.26,9322.26,4923.53,9.1403,6400.58,MODERATE
POL003636,0,0,1.0,0.487883,7611.26,7611.26,3713.4,8.9375,4827.42,MODERATE
POL003637,0,0,1.0,0.345011,10851.3,10851.3,3743.81,9.2921,4866.96,MODERATE
POL003638,0,0,1.0,0.171201,14387.45,14387.45,2463.15,9.5742,3202.1,MODERATE
POL003639,1,3765,0.25,0.244408,6700.51,6700.51,1637.66,8.8101,2128.95,LOW
POL003640,0,0,0.881,0.295784,4347.44,4347.44,1285.9,8.3776,1671.67,LOW
POL003641,1,1508,0.5,0.377755,4132.46,4132.46,1561.06,8.3269,2029.38,LOW
POL003642,0,0,0.25,0.527117,7042.26,7042.26,3712.09,8.8598,4825.72,MODERATE
POL003643,0,0,1.0,0.236507,5243.19,5243.19,1240.05,8.5649,1612.07,LOW
POL003644,1,23688,0.5,0.35448,12113.13,12113.13,4293.87,9.4021,5582.03,MODERATE
POL003645,0,0,0.368,0.665664,10757.5,10757.5,7160.88,9.2835,9309.15,HIGH
POL003646,0,0,0.4762,0.298452,41437.61,41437.61,12367.15,10.632,16077.29,VERY_HIGH
POL003647,0,0,0.311,0.491883,8122.55,8122.55,3995.34,9.0025,5193.95,MODERATE
POL003648,0,0,0.8628,0.446104,2206.23,2206.23,984.21,7.6995,1279.47,LOW
POL003649,0,0,0.5,0.582563,9056.43,9056.43,5275.94,9.1113,6858.72,MODERATE
POL003650,0,0,1.0,0.26615,5135.27,5135.27,1366.75,8.5441,1776.77,LOW
POL003651,0,0,1.0,0.347572,6808.39,6808.39,2366.41,8.8261,3076.33,MODERATE
POL003652,1,4906,0.7747,0.558269,3099.35,3099.35,1730.27,8.0393,2249.35,LOW
POL003653,0,0,0.9972,0.477537,5424.65,5424.65,2590.47,8.5989,3367.61,MODERATE
POL003654,0,0,1.0,0.456144,8099.66,8099.66,3694.61,8.9997,4802.99,MODERATE
POL003655,0,0,0.8919,0.483524,13214.54,13214.54,6389.55,9.4891,8306.41,HIGH
POL003656,1,4169,0.285,0.761862,10817.48,10817.48,8241.42,9.289,10713.85,HIGH
POL003657,0,0,1.0,0.375664,4862.46,4862.46,1826.65,8.4895,2374.65,MODERATE
POL003658,0,0,1.0,0.268758,7123.44,7123.44,1914.48,8.8713,2488.83,MODERATE
POL003659,0,0,0.2578,0.649472,18222.05,18222.05,11834.72,9.8104,15385.13,HIGH
POL003660,0,0,0.596,0.145978,15681.51,15681.51,2289.15,9.6603,2975.89,MODERATE
POL003661,0,0,0.5,0.1693,7945.66,7945.66,1345.2,8.9805,1748.75,LOW
POL003662,0,0,1.0,0.399388,3062.68,3062.68,1223.2,8.0274,1590.15,LOW
POL003663,0,0,0.1708,0.34978,10060.26,10060.26,3518.88,9.2164,4574.55,MODERATE
POL003664,0,0,0.5138,0.465172,12817.29,12817.29,5962.25,9.4586,7750.92,HIGH
POL003665,0,0,0.8182,0.11419,8270.74,8270.74,944.43,9.0206,1227.76,LOW
POL003666,0,0,1.0,0.792604,12982.55,12982.55,10290.02,9.4714,13377.03,HIGH
POL003667,1,1604,0.25,0.3834,6996.59,6996.59,2682.5,8.8533,3487.24,MODERATE
POL003668,0,0,1.0,0.378084,6366.75,6366.75,2407.17,8.759,3129.31,MODERATE
POL003669,1,4464,1.0,0.707585,7975.26,7975.26,5643.17,8.9842,7336.12,HIGH
POL003670,0,0,0.2075,0.628075,28831.11,28831.11,18108.09,10.2692,23540.51,VERY_HIGH
POL003671,0,0,1.0,0.408414,4465.31,4465.31,1823.7,8.4043,2370.8,MODERATE
POL003672,0,0,0.3515,0.24377,10237.91,10237.91,2495.69,9.234,3244.4,MODERATE
POL003673,0,0,0.2959,0.271215,24814.77,24814.77,6730.13,10.1192,8749.17,HIGH
POL003674,0,0,0.3993,0.347469,7190.15,7190.15,2498.36,8.8806,3247.86,MODERATE
POL003675,1,6903,1.0,0.841294,6306.3,6306.3,5305.45,8.7495,6897.08,MODERATE
POL003676,0,0,0.7392,0.321665,5342.26,5342.26,1718.42,8.5836,2233.94,LOW
POL003677,0,0,0.5877,0.485684,4191.73,4191.73,2035.85,8.3411,2646.61,MODERATE
POL003678,1,12903,0.9152,0.868951,4305.63,4305.63,3741.38,8.3679,4863.79,MODERATE
POL003679,0,0,0.7215,0.577093,12301.79,12301.79,7099.28,9.4176,9229.06,HIGH
POL003680,0,0,1.0,0.390422,3605.64,3605.64,1407.72,8.1905,1830.04,LOW
POL003681,0,0,0.25,0.754239,12075.16,12075.16,9107.55,9.399,11839.81,HIGH
POL003682,0,0,0.5782,0.651557,6663.42,6663.42,4341.6,8.8045,5644.08,MODERATE
POL003683,0,0,0.5363,0.646816,11388.09,11388.09,7366.01,9.3404,9575.81,HIGH
POL003684,0,0,0.7167,0.213245,3802.52,3802.52,810.87,8.2437,1054.13,LOW
POL003685,0,0,1.0,0.158304,6555.0,6555.0,1037.69,8.7881,1348.99,LOW
POL003686,0,0,0.5,0.311408,5189.83,5189.83,1616.15,8.5546,2101.0,LOW
POL003687,0,0,0.5,0.266632,7185.14,7185.14,1915.79,8.8799,2490.52,MODERATE
POL003688,1,10818,0.6426,0.940931,15295.27,15295.27,14391.79,9.6354,18709.32,VERY_HIGH
POL003689,0,0,0.7472,0.326618,5291.06,5291.06,1728.16,8.574,2246.6,LOW
POL003690,1,18062,0.4522,0.429484,12895.54,12895.54,5538.43,9.4647,7199.96,HIGH
POL003691,0,0,1.0,0.293079,14933.39,14933.39,4376.67,9.6114,5689.67,MODERATE
POL003692,0,0,0.7935,0.40435,4678.17,4678.17,1891.62,8.4509,2459.11,MODERATE
POL003693,1,6228,1.0,0.675484,8738.37,8738.37,5902.63,9.0756,7673.42,HIGH
POL003694,0,0,0.4255,0.392768,12233.28,12233.28,4804.84,9.412,6246.3,MODERATE
POL003695,0,0,0.2343,0.175493,19309.13,19309.13,3388.62,9.8684,4405.2,MODERATE
POL003696,0,0,0.8399,0.46035,3211.69,3211.69,1478.5,8.0749,1922.05,LOW
POL003697,0,0,0.5357,0.46423,18847.99,18847.99,8749.8,9.8442,11374.73,HIGH
POL003698,0,0,0.3353,0.708641,16579.6,16579.6,11748.98,9.716,15273.68,HIGH
POL003699,0,0,0.25,0.414312,18195.46,18195.46,7538.6,9.809,9800.18,HIGH
POL003700,0,0,1.0,0.378099,4385.88,4385.88,1658.29,8.3864,2155.78,LOW
POL003701,0,0,0.25,0.71961,17992.92,17992.92,12947.89,9.7978,16832.25,VERY_HIGH
POL003702,0,0,0.25,0.295025,10783.13,10783.13,3181.29,9.2858,4135.68,MODERATE
POL003703,0,0,1.0,0.636216,11488.68,11488.68,7309.29,9.3492,9502.07,HIGH
POL003704,0,0,0.5,0.159828,9436.71,9436.71,1508.25,9.1525,1960.72,LOW
POL003705,0,0,0.5,0.429182,20045.03,20045.03,8602.97,9.9058,11183.86,HIGH
POL003706,0,0,0.5,0.597738,15859.57,15859.57,9479.87,9.6716,12323.83,HIGH
POL003707,1,7684,1.0,0.600386,7468.48,7468.48,4483.97,8.9186,5829.17,MODERATE
POL003708,0,0,0.5,0.161947,9666.01,9666.01,1565.38,9.1765,2034.99,LOW
POL003709,0,0,1.0,0.737768,5957.46,5957.46,4395.22,8.6926,5713.79,MODERATE
POL003710,0,0,0.5,0.229715,28159.13,28159.13,6468.58,10.2457,8409.15,HIGH
POL003711,0,0,0.25,0.347425,4537.88,4537.88,1576.57,8.4204,2049.54,LOW
POL003712,0,0,0.7822,0.313624,13585.68,13585.68,4260.8,9.5168,5539.04,MODERATE
POL003713,0,0,1.0,0.555942,18128.48,18128.48,10078.39,9.8053,13101.91,HIGH
POL003714,0,0,0.6648,0.227934,4876.01,4876.01,1111.41,8.4923,1444.83,LOW
POL003715,0,0,0.4344,0.294231,26605.89,26605.89,7828.28,10.1889,10176.77,HIGH
POL003716,0,0,0.3323,0.237575,11720.72,11720.72,2784.55,9.3692,3619.92,MODERATE
POL003717,0,0,0.5109,0.38693,36552.62,36552.62,14143.31,10.5065,18386.3,VERY_HIGH
POL003718,0,0,1.0,0.351595,4899.54,4899.54,1722.65,8.4971,2239.45,LOW
POL003719,0,0,1.0,0.125069,5559.49,5559.49,695.32,8.6234,903.92,LOW
POL003720,0,0,0.8154,0.463982,4213.48,4213.48,1954.98,8.3463,2541.47,MODERATE
POL003721,0,0,0.5573,0.369464,3680.15,3680.15,1359.68,8.211,1767.59,LOW
POL003722,1,13664,0.762,0.322309,7461.56,7461.56,2404.93,8.9177,3126.41,MODERATE
POL003723,0,0,0.25,0.222088,14650.25,14650.25,3253.65,9.5923,4229.75,MODERATE
POL003724,0,0,0.5671,0.593397,11055.15,11055.15,6560.09,9.3107,8528.12,HIGH
POL003725,0,0,0.5,0.493042,2688.46,2688.46,1325.52,7.8971,1723.18,LOW
POL003726,1,8470,0.8129,0.503866,11920.47,11920.47,6006.32,9.3861,7808.21,HIGH
POL003727,0,0,0.7905,0.701712,7695.26,7695.26,5399.86,8.9485,7019.81,MODERATE
POL003728,0,0,0.25,0.244757,3504.75,3504.75,857.81,8.1622,1115.15,LOW
POL003729,0,0,1.0,0.309525,4433.58,4433.58,1372.3,8.3972,1783.99,LOW
POL003730,0,0,1.0,0.684737,4489.22,4489.22,3073.94,8.4097,3996.12,MODERATE
POL003731,0,0,0.647,0.417838,12753.58,12753.58,5328.94,9.4536,6927.62,MODERATE
POL003732,1,5578,1.0,0.304022,7294.66,7294.66,2217.74,8.895,2883.06,MODERATE
POL003733,1,3738,1.0,0.441853,6768.68,6768.68,2990.76,8.8202,3887.99,MODERATE
POL003734,0,0,0.4926,0.308015,14710.05,14710.05,4530.92,9.5964,5890.2,MODERATE
POL003735,0,0,0.2494,0.490581,11687.09,11687.09,5733.46,9.3663,7453.5,HIGH
POL003736,1,6893,0.397,0.278553,19881.98,19881.98,5538.19,9.8976,7199.65,HIGH
POL003737,0,0,0.5271,0.389866,9521.14,9521.14,3711.97,9.1614,4825.56,MODERATE
POL003738,0,0,0.8611,0.321048,13798.68,13798.68,4430.04,9.5324,5759.05,MODERATE
POL003739,0,0,0.5927,0.393409,11915.74,11915.74,4687.76,9.3857,6094.09,MODERATE
POL003740,0,0,0.2174,0.796458,23386.15,23386.15,18626.08,10.0599,24213.91,VERY_HIGH
POL003741,0,0,0.2534,0.24459,17089.41,17089.41,4179.9,9.7463,5433.87,MODERATE
POL003742,0,0,0.8637,0.415195,2790.15,2790.15,1158.46,7.9342,1505.99,LOW
POL003743,0,0,1.0,0.392429,3031.79,3031.79,1189.76,8.0172,1546.69,LOW
POL003744,0,0,0.5896,0.334635,8441.95,8441.95,2824.97,9.0411,3672.47,MODERATE
POL003745,0,0,0.8218,0.400951,4240.37,4240.37,1700.18,8.3526,2210.23,LOW
POL003746,0,0,0.5,0.249345,3878.05,3878.05,966.97,8.2633,1257.06,LOW
POL003747,1,9175,0.7525,0.853144,5715.23,5715.23,4875.92,8.6511,6338.69,MODERATE
POL003748,0,0,0.5,0.323248,28354.15,28354.15,9165.43,10.2526,11915.06,HIGH
POL003749,0,0,0.6567,0.336104,27109.27,27109.27,9111.52,10.2077,11844.98,HIGH
POL003750,1,9992,1.0,0.566525,23574.49,23574.49,13355.53,10.068,17362.19,VERY_HIGH
POL003751,0,0,0.25,0.173287,55833.51,55833.51,9675.22,10.9301,12577.78,HIGH
POL003752,0,0,1.0,0.573167,7942.45,7942.45,4552.35,8.9801,5918.06,MODERATE
POL003753,0,0,1.0,0.668291,16607.97,16607.97,11098.95,9.7177,14428.64,HIGH
POL003754,0,0,0.7685,0.281353,3750.22,3750.22,1055.14,8.2298,1371.68,LOW
POL003755,1,1519,1.0,0.37536,4102.48,4102.48,1539.91,8.3196,2001.88,LOW
POL003756,0,0,1.0,0.300573,9168.38,9168.38,2755.77,9.1236,3582.5,MODERATE
POL003757,0,0,0.5924,0.239807,5144.53,5144.53,1233.7,8.5459,1603.8,LOW
POL003758,0,0,1.0,0.252485,4579.23,4579.23,1156.19,8.4295,1503.04,LOW
POL003759,0,0,1.0,0.560964,5737.52,5737.52,3218.54,8.655,4184.11,MODERATE
POL003760,0,0,1.0,0.338581,5219.97,5219.97,1767.38,8.5604,2297.6,LOW
POL003761,0,0,0.5,0.451238,4821.73,4821.73,2175.75,8.4811,2828.47,MODERATE
POL003762,1,15323,1.0,0.573955,7394.43,7394.43,4244.07,8.9086,5517.29,MODERATE
POL003763,0,0,0.4657,0.618545,18193.36,18193.36,11253.42,9.8089,14629.44,HIGH
POL003764,0,0,1.0,0.604435,4952.0,4952.0,2993.16,8.5077,3891.11,MODERATE
POL003765,0,0,0.5,0.503514,5511.77,5511.77,2775.26,8.6148,3607.83,MODERATE
POL003766,0,0,0.2289,0.518768,10117.25,10117.25,5248.51,9.2221,6823.06,MODERATE
POL003767,1,2307,0.5,0.293446,13892.53,13892.53,4076.72,9.5392,5299.73,MODERATE
POL003768,0,0,1.0,0.272529,5347.61,5347.61,1457.38,8.5846,1894.59,LOW
POL003769,0,0,0.6191,0.217838,12437.54,12437.54,2709.36,9.4286,3522.17,MODERATE
POL003770,0,0,0.449,0.307863,3754.34,3754.34,1155.82,8.2309,1502.57,LOW
POL003771,0,0,0.8127,0.442239,4424.9,4424.9,1956.86,8.3952,2543.92,MODERATE
POL003772,0,0,0.4773,0.15363,21451.48,21451.48,3295.6,9.9736,4284.27,MODERATE
POL003773,0,0,0.5,0.372757,4291.21,4291.21,1599.58,8.3646,2079.45,LOW
POL003774,0,0,1.0,0.289024,4395.96,4395.96,1270.54,8.3887,1651.7,LOW
POL003775,0,0,0.2443,0.794366,25892.66,25892.66,20568.24,10.1618,26738.72,VERY_HIGH
POL003776,0,0,0.3827,0.584917,10173.18,10173.18,5950.47,9.2276,7735.61,HIGH
POL003777,0,0,0.1916,0.456953,16448.19,16448.19,7516.05,9.708,9770.86,HIGH
POL003778,0,0,1.0,0.185566,6214.15,6214.15,1153.13,8.7347,1499.07,LOW
POL003779,0,0,0.5,0.661759,18071.16,18071.16,11958.75,9.8021,15546.38,HIGH
POL003780,1,5000000,0.3977,0.673604,261118.22,261118.22,175890.21,12.4727,228657.27,VERY_HIGH
POL003781,0,0,0.3278,0.632937,8256.46,8256.46,5225.81,9.0189,6793.56,MODERATE
POL003782,0,0,0.25,0.293155,2881.32,2881.32,844.67,7.9663,1098.07,LOW
POL003783,0,0,0.311,0.490804,14200.46,14200.46,6969.65,9.5611,9060.55,HIGH
POL003784,0,0,0.3594,0.334982,13888.57,13888.57,4652.42,9.5389,6048.14,MODERATE
POL003785,0,0,0.5,0.354329,5223.42,5223.42,1850.81,8.5611,2406.05,MODERATE
POL003786,0,0,0.25,0.481183,21337.42,21337.42,10267.19,9.9683,13347.35,HIGH
POL003787,0,0,0.5548,0.203033,32659.34,32659.34,6630.93,10.3939,8620.22,HIGH
POL003788,0,0,1.0,0.438699,4472.03,4472.03,1961.88,8.4058,2550.44,MODERATE
POL003789,0,0,1.0,0.265403,5139.91,5139.91,1364.15,8.545,1773.4,LOW
POL003790,0,0,0.7668,0.296717,3189.76,3189.76,946.46,8.068,1230.39,LOW
POL003791,0,0,0.514,0.503562,5468.7,5468.7,2753.83,8.607,3579.98,MODERATE
POL003792,0,0,0.5,0.371722,2135.43,2135.43,793.79,7.6669,1031.92,LOW
POL003793,0,0,1.0,0.274031,18569.17,18569.17,5088.53,9.8293,6615.09,MODERATE
POL003794,0,0,0.544,0.425715,10888.58,10888.58,4635.43,9.2956,6026.06,MODERATE
POL003795,0,0,1.0,0.726895,7048.86,7048.86,5123.78,8.8608,6660.91,MODERATE
POL003796,1,6379,0.3451,0.905539,13720.09,13720.09,12424.07,9.5267,16151.29,VERY_HIGH
POL003797,0,0,0.25,0.769226,8914.19,8914.19,6857.03,9.0955,8914.14,HIGH
POL003798,0,0,1.0,0.456267,5983.83,5983.83,2730.23,8.697,3549.3,MODERATE
POL003799,1,1980,0.25,0.705429,6675.91,6675.91,4709.38,8.8064,6122.2,MODERATE
POL003800,0,0,1.0,0.358201,30172.7,30172.7,10807.89,10.3147,14050.25,HIGH
POL003801,0,0,1.0,0.889912,5736.27,5736.27,5104.77,8.6547,6636.21,MODERATE
POL003802,0,0,0.5,0.108053,12167.21,12167.21,1314.7,9.4066,1709.11,LOW
POL003803,0,0,1.0,0.798137,7756.18,7756.18,6190.5,8.9564,8047.65,HIGH
POL003804,0,0,0.9013,0.251461,5271.74,5271.74,1325.64,8.5703,1723.33,LOW
POL003805,0,0,0.7296,0.58545,8686.81,8686.81,5085.69,9.0697,6611.4,MODERATE
POL003806,1,3871,0.5,0.370585,7849.33,7849.33,2908.84,8.9683,3781.49,MODERATE
POL003807,0,0,1.0,0.560454,3273.22,3273.22,1834.49,8.0938,2384.83,MODERATE
POL003808,0,0,0.5,0.603219,5089.81,5089.81,3070.27,8.5352,3991.35,MODERATE
POL003809,0,0,1.0,0.69571,4769.61,4769.61,3318.27,8.4702,4313.75,MODERATE
POL003810,0,0,1.0,0.219336,6406.18,6406.18,1405.11,8.7652,1826.64,LOW
POL003811,0,0,0.5,0.438332,6494.86,6494.86,2846.9,8.7789,3700.97,MODERATE
POL003812,0,0,0.5536,0.533773,4458.26,4458.26,2379.7,8.4027,3093.61,MODERATE
POL003813,0,0,1.0,0.501852,10458.96,10458.96,5248.85,9.2553,6823.51,MODERATE
POL003814,0,0,0.4678,0.297245,11421.19,11421.19,3394.89,9.3433,4413.36,MODERATE
POL003815,0,0,0.7344,0.166795,5681.25,5681.25,947.6,8.6451,1231.89,LOW
POL003816,0,0,0.2955,0.291932,18278.81,18278.81,5336.17,9.8136,6937.02,MODERATE
POL003817,0,0,0.883,0.570061,3534.43,3534.43,2014.84,8.1706,2619.3,MODERATE
POL003818,0,0,1.0,0.265934,6982.79,6982.79,1856.96,8.8513,2414.05,MODERATE
POL003819,0,0,0.1784,0.404989,22599.87,22599.87,9152.71,10.0257,11898.52,HIGH
POL003820,0,0,0.1961,0.266654,45566.64,45566.64,12150.53,10.727,15795.69,VERY_HIGH
POL003821,0,0,1.0,0.197487,8963.52,8963.52,1770.18,9.101,2301.23,LOW
POL003822,0,0,0.5,0.552362,8799.36,8799.36,4860.43,9.0825,6318.56,MODERATE
POL003823,1,23213,0.25,0.897281,10916.06,10916.06,9794.78,9.2981,12733.21,HIGH
POL003824,0,0,0.2157,0.130426,14829.77,14829.77,1934.18,9.6045,2514.44,MODERATE
POL003825,0,0,1.0,0.406934,6613.46,6613.46,2691.24,8.797,3498.62,MODERATE
POL003826,0,0,0.9524,0.348573,11702.49,11702.49,4079.17,9.3676,5302.92,MODERATE
POL003827,0,0,0.1859,0.546218,36776.98,36776.98,20088.26,10.5127,26114.74,VERY_HIGH
POL003828,0,0,0.4071,0.289846,11345.3,11345.3,3288.39,9.3366,4274.9,MODERATE
POL003829,0,0,0.3794,0.232466,141603.78,141603.78,32918.11,11.8608,42793.55,VERY_HIGH
POL003830,0,0,0.677,0.556089,9327.22,9327.22,5186.76,9.1408,6742.79,MODERATE
POL003831,0,0,0.25,0.142275,13011.19,13011.19,1851.17,9.4736,2406.52,MODERATE
POL003832,0,0,0.5,0.322717,4397.77,4397.77,1419.24,8.3891,1845.01,LOW
POL003833,1,3944,0.25,0.545525,8051.44,8051.44,4392.26,8.9937,5709.94,MODERATE
POL003834,0,0,0.7387,0.677875,4885.57,4885.57,3311.8,8.4942,4305.35,MODERATE
POL003835,0,0,0.5,0.401071,11257.97,11257.97,4515.25,9.3289,5869.82,MODERATE
POL003836,0,0,0.25,0.370656,8114.92,8114.92,3007.84,9.0016,3910.19,MODERATE
POL003837,0,0,1.0,0.379751,7645.99,7645.99,2903.57,8.9421,3774.64,MODERATE
POL003838,1,1890080,0.1699,0.362281,32240.05,32240.05,11679.95,10.381,15183.94,HIGH
POL003839,0,0,0.3617,0.212105,18354.72,18354.72,3893.13,9.8177,5061.06,MODERATE
POL003840,1,585810,1.0,0.629892,18064.21,18064.21,11378.5,9.8017,14792.05,HIGH
POL003841,0,0,0.5,0.276035,20876.28,20876.28,5762.58,9.9464,7491.36,HIGH
POL003842,0,0,0.5458,0.350543,5737.92,5737.92,2011.39,8.655,2614.8,MODERATE
POL003843,0,0,0.2638,0.477261,39015.03,39015.03,18620.37,10.5717,24206.48,VERY_HIGH
POL003844,0,0,0.3178,0.265289,14246.89,14246.89,3779.54,9.5644,4913.41,MODERATE
POL003845,0,0,0.8412,0.218368,5862.73,5862.73,1280.23,8.6765,1664.3,LOW
POL003846,0,0,0.9934,0.593598,2571.2,2571.2,1526.26,7.8525,1984.14,LOW
POL003847,0,0,0.8966,0.363004,2966.81,2966.81,1076.97,7.9956,1400.06,LOW
POL003848,0,0,0.25,0.29137,10979.03,10979.03,3198.96,9.3038,4158.64,MODERATE
POL003849,0,0,0.4462,0.231629,12282.06,12282.06,2844.88,9.416,3698.35,MODERATE
POL003850,0,0,0.8781,0.383879,4359.79,4359.79,1673.63,8.3804,2175.72,LOW
POL003851,0,0,1.0,0.374698,6339.75,6339.75,2375.49,8.7548,3088.14,MODERATE
POL003852,0,0,1.0,0.403902,5104.63,5104.63,2061.77,8.5381,2680.31,MODERATE
POL003853,0,0,1.0,0.865371,8871.21,8871.21,7676.89,9.0907,9979.96,HIGH
POL003854,0,0,0.6643,0.251196,7832.19,7832.19,1967.41,8.9661,2557.64,MODERATE
POL003855,0,0,1.0,0.363563,3831.55,3831.55,1393.01,8.2513,1810.91,LOW
POL003856,0,0,0.9152,0.673455,16797.81,16797.81,11312.57,9.7291,14706.34,HIGH
POL003857,0,0,0.4364,0.158749,39985.91,39985.91,6347.73,10.5963,8252.06,HIGH
POL003858,1,6876,0.3722,0.755359,15312.56,15312.56,11566.48,9.6365,15036.42,HIGH
POL003859,0,0,0.8869,0.559649,4764.4,4764.4,2666.39,8.4691,3466.31,MODERATE
POL003860,1,18263,0.5,0.228727,16136.61,16136.61,3690.87,9.6889,4798.13,MODERATE
POL003861,0,0,1.0,0.231349,6417.76,6417.76,1484.74,8.767,1930.16,LOW
POL003862,0,0,0.25,0.458276,21041.58,21041.58,9642.86,9.9543,12535.72,HIGH
POL003863,0,0,1.0,0.300623,3648.34,3648.34,1096.78,8.2023,1425.81,LOW
POL003864,0,0,1.0,0.734012,5672.0,5672.0,4163.32,8.6435,5412.31,MODERATE
POL003865,0,0,0.5,0.486907,15055.77,15055.77,7330.77,9.6196,9530.0,HIGH
POL003866,0,0,1.0,0.211574,4998.49,4998.49,1057.55,8.5171,1374.81,LOW
POL003867,0,0,0.5,0.229553,4059.3,4059.3,931.82,8.309,1211.37,LOW
POL003868,0,0,0.3789,0.564738,3268.99,3268.99,1846.12,8.0925,2399.96,MODERATE
POL003869,0,0,1.0,0.563506,6185.22,6185.22,3485.41,8.7301,4531.03,MODERATE
POL003870,0,0,1.0,0.259429,18678.26,18678.26,4845.69,9.8352,6299.39,MODERATE
POL003871,0,0,0.8184,0.198693,4031.09,4031.09,800.95,8.302,1041.23,LOW
POL003872,0,0,1.0,0.319426,13715.56,13715.56,4381.11,9.5264,5695.44,MODERATE
POL003873,0,0,0.2816,0.320948,10500.55,10500.55,3370.13,9.2593,4381.17,MODERATE
POL003874,0,0,0.6498,0.479698,15721.23,15721.23,7541.44,9.6628,9803.88,HIGH
POL003875,0,0,0.3735,0.185045,22673.12,22673.12,4195.55,10.029,5454.22,MODERATE
POL003876,0,0,1.0,0.279763,8885.67,8885.67,2485.88,9.0923,3231.65,MODERATE
POL003877,0,0,1.0,0.393535,3349.51,3349.51,1318.15,8.1169,1713.59,LOW
POL003878,0,0,0.132,0.344982,9658.59,9658.59,3332.04,9.1757,4331.65,MODERATE
POL003879,0,0,0.3339,0.497179,9157.15,9157.15,4552.74,9.1224,5918.56,MODERATE
POL003880,1,4255,0.435,0.729356,4980.64,4980.64,3632.66,8.5135,4722.46,MODERATE
POL003881,0,0,0.5,0.323929,4776.99,4776.99,1547.41,8.4718,2011.63,LOW
POL003882,0,0,0.6101,0.428449,15304.06,15304.06,6557.01,9.6359,8524.11,HIGH
POL003883,0,0,0.25,0.195084,5294.36,5294.36,1032.85,8.5746,1342.7,LOW
POL003884,0,0,0.7959,0.484636,13089.81,13089.81,6343.79,9.4797,8246.92,HIGH
POL003885,0,0,1.0,0.385022,8964.25,8964.25,3451.43,9.1011,4486.86,MODERATE
POL003886,1,1695,0.2946,0.858361,19502.14,19502.14,16739.87,9.8783,21761.83,VERY_HIGH
POL003887,0,0,1.0,0.204914,8883.09,8883.09,1820.27,9.092,2366.35,MODERATE
POL003888,0,0,0.9841,0.53509,5439.55,5439.55,2910.65,8.6016,3783.85,MODERATE
POL003889,0,0,0.4064,0.224516,23307.19,23307.19,5232.84,10.0566,6802.69,MODERATE
POL003890,1,1789,0.7933,0.507755,3746.47,3746.47,1902.29,8.2288,2472.97,MODERATE
POL003891,0,0,0.6861,0.288761,8109.17,8109.17,2341.61,9.0009,3044.09,MODERATE
POL003892,0,0,1.0,0.518621,16971.92,16971.92,8801.99,9.7394,11442.59,HIGH
POL003893,0,0,0.3726,0.583174,31441.59,31441.59,18335.91,10.3559,23836.69,VERY_HIGH
POL003894,1,14743,0.5,0.762924,5233.77,5233.77,3992.97,8.5631,5190.86,MODERATE
POL003895,0,0,1.0,0.28351,3956.41,3956.41,1121.68,8.2833,1458.19,LOW
POL003896,0,0,1.0,0.294751,4703.17,4703.17,1386.27,8.4562,1802.15,LOW
POL003897,0,0,1.0,0.284361,42140.84,42140.84,11983.21,10.6488,15578.18,HIGH
POL003898,0,0,0.7761,0.470575,14437.61,14437.61,6793.98,9.5777,8832.17,HIGH
POL003899,0,0,1.0,0.914042,5625.25,5625.25,5141.72,8.6352,6684.23,MODERATE
POL003900,0,0,0.4946,0.397641,17083.53,17083.53,6793.11,9.7459,8831.05,HIGH
POL003901,1,34514,0.2686,0.292731,13263.33,13263.33,3882.59,9.4928,5047.37,MODERATE
POL003902,1,15973,0.2277,0.512536,18306.16,18306.16,9382.56,9.815,12197.33,HIGH
POL003903,0,0,0.5,0.2099,9669.66,9669.66,2029.66,9.1769,2638.56,MODERATE
POL003904,0,0,0.5,0.286813,11081.27,11081.27,3178.25,9.3131,4131.72,MODERATE
POL003905,0,0,0.5,0.188425,11712.17,11712.17,2206.86,9.3685,2868.92,MODERATE
POL003906,1,9716,1.0,0.515841,5696.86,5696.86,2938.68,8.6478,3820.28,MODERATE
POL003907,1,4156,0.5,0.90084,7511.98,7511.98,6767.09,8.9244,8797.22,HIGH
POL003908,0,0,0.6727,0.242074,11642.44,11642.44,2818.34,9.3625,3663.84,MODERATE
POL003909,0,0,0.25,0.647717,12662.29,12662.29,8201.58,9.4465,10662.05,HIGH
POL003910,0,0,0.2122,0.325123,10202.31,10202.31,3317.0,9.2305,4312.1,MODERATE
POL003911,0,0,0.3444,0.602124,10306.85,10306.85,6206.0,9.2407,8067.8,HIGH
POL003912,0,0,0.218,0.164189,11035.44,11035.44,1811.9,9.309,2355.47,MODERATE
POL003913,0,0,1.0,0.365773,4470.37,4470.37,1635.14,8.4055,2125.68,LOW
POL003914,1,4910,0.5,0.840907,7462.97,7462.97,6275.66,8.9178,8158.36,HIGH
POL003915,0,0,0.749,0.185287,3482.95,3482.95,645.34,8.1559,838.95,LOW
POL003916,0,0,1.0,0.358129,3922.21,3922.21,1404.66,8.2747,1826.05,LOW
POL003917,0,0,1.0,0.465468,14427.02,14427.02,6715.32,9.5769,8729.92,HIGH
POL003918,0,0,0.6649,0.563678,3631.51,3631.51,2047.0,8.1977,2661.1,MODERATE
POL003919,0,0,1.0,0.720924,6716.63,6716.63,4842.18,8.8125,6294.84,MODERATE
POL003920,0,0,0.5478,0.535531,14658.61,14658.61,7850.14,9.5929,10205.19,HIGH
POL003921,0,0,0.1378,0.272883,30684.44,30684.44,8373.28,10.3315,10885.26,HIGH
POL003922,0,0,1.0,0.225036,4958.92,4958.92,1115.93,8.5091,1450.71,LOW
POL003923,0,0,1.0,0.395224,5910.94,5910.94,2336.15,8.6847,3036.99,MODERATE
POL003924,0,0,0.8243,0.381267,14788.26,14788.26,5638.28,9.6017,7329.76,HIGH
POL003925,0,0,0.5,0.301891,17329.72,17329.72,5231.69,9.7602,6801.19,MODERATE
POL003926,0,0,0.504,0.593269,2377.83,2377.83,1410.69,7.7744,1833.9,LOW
POL003927,0,0,1.0,0.385416,7657.56,7657.56,2951.34,8.9436,3836.75,MODERATE
POL003928,0,0,0.8318,0.222995,4442.44,4442.44,990.64,8.3992,1287.84,LOW
POL003929,0,0,1.0,0.436655,4957.73,4957.73,2164.82,8.5089,2814.26,MODERATE
POL003930,0,0,0.2596,0.28957,17742.68,17742.68,5137.74,9.7838,6679.06,MODERATE
POL003931,0,0,0.5468,0.19553,6001.73,6001.73,1173.52,8.7,1525.57,LOW
POL003932,0,0,0.5,0.527455,5294.43,5294.43,2792.57,8.5746,3630.34,MODERATE
POL003933,0,0,1.0,0.565014,5987.07,5987.07,3382.78,8.6975,4397.62,MODERATE
POL003934,0,0,0.415,0.697157,13330.36,13330.36,9293.35,9.4979,12081.35,HIGH
POL003935,0,0,0.7686,0.342269,4300.56,4300.56,1471.95,8.3667,1913.53,LOW
POL003936,0,0,0.8425,0.497237,5642.34,5642.34,2805.58,8.6382,3647.25,MODERATE
POL003937,0,0,1.0,0.537235,6144.01,6144.01,3300.78,8.7234,4291.01,MODERATE
POL003938,0,0,0.5799,0.504384,38608.98,38608.98,19473.76,10.5613,25315.89,VERY_HIGH
POL003939,0,0,0.8016,0.293657,3812.77,3812.77,1119.65,8.2464,1455.54,LOW
POL003940,0,0,0.817,0.475599,5694.52,5694.52,2708.31,8.6474,3520.8,MODERATE
POL003941,0,0,0.4662,0.482931,9825.92,9825.92,4745.24,9.1929,6168.82,MODERATE
POL003942,0,0,0.9232,0.444206,52453.92,52453.92,23300.35,10.8677,30290.45,VERY_HIGH
POL003943,0,0,0.4958,0.19858,7845.87,7845.87,1558.03,8.9679,2025.45,LOW
POL003944,0,0,0.5,0.387823,4051.5,4051.5,1571.26,8.3071,2042.64,LOW
POL003945,0,0,0.25,0.576368,4597.05,4597.05,2649.59,8.4334,3444.47,MODERATE
POL003946,0,0,0.666,0.829122,12384.54,12384.54,10268.3,9.4243,13348.78,HIGH
POL003947,0,0,0.25,0.266923,19040.73,19040.73,5082.4,9.8544,6607.12,MODERATE
POL003948,0,0,0.7451,0.514178,24363.03,24363.03,12526.95,10.1009,16285.03,VERY_HIGH
POL003949,0,0,0.1935,0.281732,14565.15,14565.15,4103.47,9.5865,5334.5,MODERATE
POL003950,0,0,0.462,0.789912,13905.29,13905.29,10983.96,9.5401,14279.14,HIGH
POL003951,0,0,0.25,0.76725,15923.45,15923.45,12217.27,9.6756,15882.46,VERY_HIGH
POL003952,0,0,0.25,0.617716,19616.46,19616.46,12117.41,9.8842,15752.63,VERY_HIGH
POL003953,0,0,1.0,0.628454,8172.51,8172.51,5136.05,9.0087,6676.86,MODERATE
POL003954,0,0,1.0,0.4199,4593.76,4593.76,1928.92,8.4327,2507.6,MODERATE
POL003955,1,3983,0.9683,0.754814,13051.37,13051.37,9851.35,9.4767,12806.76,HIGH
POL003956,0,0,0.7377,0.485172,23475.18,23475.18,11389.51,10.0637,14806.36,HIGH
POL003957,0,0,1.0,0.228958,10692.63,10692.63,2448.16,9.2774,3182.61,MODERATE
POL003958,0,0,1.0,0.317076,4668.28,4668.28,1480.2,8.4488,1924.26,LOW
POL003959,0,0,0.4474,0.297539,14997.64,14997.64,4462.38,9.6157,5801.1,MODERATE
POL003960,0,0,0.9141,0.352723,5524.72,5524.72,1948.7,8.6172,2533.3,MODERATE
POL003961,0,0,0.5,0.435695,5029.73,5029.73,2191.43,8.5233,2848.85,MODERATE
POL003962,0,0,1.0,0.442535,3315.55,3315.55,1467.25,8.1067,1907.42,LOW
POL003963,1,5040,0.8169,0.678944,4038.38,4038.38,2741.83,8.3038,3564.38,MODERATE
POL003964,0,0,1.0,0.363201,4280.6,4280.6,1554.72,8.3621,2021.13,LOW
POL003965,1,8802,0.4819,0.398302,7031.03,7031.03,2800.47,8.8582,3640.61,MODERATE
POL003966,0,0,0.5,0.433481,8188.43,8188.43,3549.53,9.0106,4614.39,MODERATE
POL003967,0,0,1.0,0.736218,8673.7,8673.7,6385.73,9.0682,8301.45,HIGH
POL003968,0,0,1.0,0.870511,6395.62,6395.62,5567.46,8.7635,7237.7,HIGH
POL003969,0,0,0.2218,0.353536,16719.52,16719.52,5910.95,9.7244,7684.23,HIGH
POL003970,0,0,1.0,0.617323,5200.8,5200.8,3210.58,8.5568,4173.75,MODERATE
POL003971,0,0,0.9192,0.316938,17543.01,17543.01,5560.05,9.7725,7228.07,HIGH
POL003972,0,0,1.0,0.496867,4509.28,4509.28,2240.51,8.4141,2912.67,MODERATE
POL003973,0,0,0.5919,0.271956,5583.57,5583.57,1518.48,8.6278,1974.03,LOW
POL003974,0,0,0.9555,0.90856,18451.6,18451.6,16764.39,9.823,21793.71,VERY_HIGH
POL003975,0,0,0.5,0.32313,3684.81,3684.81,1190.67,8.2122,1547.87,LOW
POL003976,0,0,0.2626,0.128077,14961.58,14961.58,1916.24,9.6133,2491.11,MODERATE
POL003977,0,0,1.0,0.278559,5581.87,5581.87,1554.88,8.6275,2021.35,LOW
POL003978,0,0,0.25,0.209703,18088.03,18088.03,3793.11,9.8031,4931.04,MODERATE
POL003979,0,0,0.5,0.219069,7515.32,7515.32,1646.37,8.9248,2140.29,LOW
POL003980,0,0,0.4907,0.450249,19090.7,19090.7,8595.58,9.857,11174.25,HIGH
POL003981,0,0,0.324,0.441549,6533.73,6533.73,2884.96,8.7849,3750.45,MODERATE
POL003982,0,0,0.5,0.379531,4170.29,4170.29,1582.75,8.336,2057.58,LOW
POL003983,0,0,0.9252,0.246068,15885.15,15885.15,3908.82,9.6732,5081.47,MODERATE
POL003984,0,0,0.3354,0.440662,10545.85,10545.85,4647.15,9.2636,6041.3,MODERATE
POL003985,0,0,0.25,0.597317,13495.01,13495.01,8060.8,9.5101,10479.04,HIGH
POL003986,1,5962,1.0,0.261952,9109.72,9109.72,2386.31,9.1172,3102.2,MODERATE
POL003987,0,0,1.0,0.2846,5356.26,5356.26,1524.39,8.5862,1981.71,LOW
POL003988,0,0,0.25,0.489668,8088.66,8088.66,3960.76,8.9983,5148.98,MODERATE
POL003989,0,0,0.9338,0.309806,3103.28,3103.28,961.42,8.0405,1249.84,LOW
POL003990,0,0,0.25,0.283241,7734.27,7734.27,2190.66,8.9535,2847.86,MODERATE
POL003991,0,0,1.0,0.254648,5137.75,5137.75,1308.32,8.5446,1700.81,LOW
POL003992,0,0,1.0,0.399437,5276.89,5276.89,2107.78,8.5713,2740.12,MODERATE
POL003993,0,0,0.5288,0.232605,4705.48,4705.48,1094.52,8.4567,1422.88,LOW
POL003994,0,0,0.5,0.218991,12628.71,12628.71,2765.57,9.4438,3595.24,MODERATE
POL003995,0,0,0.755,0.79663,8256.6,8256.6,6577.46,9.0189,8550.7,HIGH
POL003996,0,0,0.333,0.324812,10706.65,10706.65,3477.65,9.2787,4520.94,MODERATE
POL003997,0,0,0.3643,0.851513,18390.45,18390.45,15659.72,9.8196,20357.63,VERY_HIGH
POL003998,1,6883,0.25,0.394354,4617.47,4617.47,1820.92,8.4378,2367.19,MODERATE
POL003999,0,0,0.614,0.375521,4130.87,4130.87,1551.23,8.3265,2016.6,LOW
POL004000,1,7941,0.4205,0.472932,4184.61,4184.61,1979.04,8.3394,2572.75,MODERATE
POL004001,0,0,0.602,0.330308,11391.9,11391.9,3762.84,9.3407,4891.69,MODERATE
POL004002,0,0,0.9755,0.289228,3642.39,3642.39,1053.48,8.2007,1369.52,LOW
POL004003,0,0,1.0,0.252899,4856.38,4856.38,1228.18,8.4883,1596.63,LOW
POL004004,0,0,1.0,0.270458,15665.45,15665.45,4236.84,9.6593,5507.89,MODERATE
POL004005,0,0,0.4162,0.506531,7688.04,7688.04,3894.23,8.9476,5062.5,MODERATE
POL004006,0,0,1.0,0.581615,9898.13,9898.13,5756.9,9.2002,7483.98,HIGH
POL004007,0,0,0.25,0.470462,24950.07,24950.07,11738.07,10.1247,15259.49,HIGH
POL004008,0,0,0.6313,0.312396,2791.65,2791.65,872.1,7.9347,1133.73,LOW
POL004009,0,0,1.0,0.291693,5111.24,5111.24,1490.91,8.5394,1938.18,LOW
POL004010,0,0,0.25,0.809764,5084.36,5084.36,4117.13,8.5341,5352.27,MODERATE
POL004011,0,0,0.25,0.364191,16641.43,16641.43,6060.65,9.7197,7878.85,HIGH
POL004012,0,0,0.2147,0.747382,15789.13,15789.13,11800.5,9.6671,15340.65,HIGH
POL004013,0,0,1.0,0.251906,5091.17,5091.17,1282.5,8.5355,1667.25,LOW
POL004014,0,0,0.25,0.202892,7728.88,7728.88,1568.13,8.9528,2038.56,LOW
POL004015,0,0,0.25,0.343439,26360.7,26360.7,9053.3,10.1797,11769.29,HIGH
POL004016,0,0,1.0,0.183394,3212.7,3212.7,589.19,8.0752,765.95,LOW
POL004017,0,0,1.0,0.855395,11373.33,11373.33,9728.69,9.3391,12647.3,HIGH
POL004018,0,0,0.3454,0.514314,14635.64,14635.64,7527.32,9.5913,9785.51,HIGH
POL004019,0,0,1.0,0.61874,6725.97,6725.97,4161.62,8.8139,5410.11,MODERATE
POL004020,0,0,1.0,0.30518,6765.11,6765.11,2064.58,8.8197,2683.95,MODERATE
POL004021,0,0,1.0,0.328778,2646.45,2646.45,870.09,7.8814,1131.12,LOW
POL004022,0,0,0.25,0.23307,4166.42,4166.42,971.07,8.3351,1262.39,LOW
POL004023,0,0,0.9939,0.590843,15670.52,15670.52,9258.82,9.6596,12036.46,HIGH
POL004024,0,0,0.5,0.500409,29076.2,29076.2,14549.99,10.2777,18914.98,VERY_HIGH
POL004025,1,7172,0.6153,0.725515,9480.98,9480.98,6878.59,9.1571,8942.16,HIGH
POL004026,0,0,0.6632,0.280818,5621.47,5621.47,1578.61,8.6345,2052.19,LOW
POL004027,0,0,0.5,0.323417,10905.81,10905.81,3527.12,9.2971,4585.26,MODERATE
POL004028,0,0,0.5,0.658457,3559.32,3559.32,2343.66,8.1776,3046.76,MODERATE
POL004029,0,0,1.0,0.564545,3600.99,3600.99,2032.92,8.1892,2642.8,MODERATE
POL004030,0,0,0.5804,0.519335,7190.69,7190.69,3734.37,8.8807,4854.69,MODERATE
POL004031,0,0,1.0,0.527669,12178.86,12178.86,6426.4,9.4075,8354.32,HIGH
POL004032,0,0,0.5,0.327973,3360.75,3360.75,1102.24,8.1202,1432.91,LOW
POL004033,0,0,1.0,0.596296,7918.78,7918.78,4721.94,8.9771,6138.52,MODERATE
POL004034,0,0,1.0,0.384047,12674.29,12674.29,4867.52,9.4474,6327.78,MODERATE
POL004035,0,0,1.0,0.17455,5333.15,5333.15,930.9,8.5819,1210.17,LOW
POL004036,0,0,0.2108,0.373896,13590.31,13590.31,5081.36,9.5172,6605.77,MODERATE
POL004037,0,0,1.0,0.578022,4967.98,4967.98,2871.6,8.511,3733.09,MODERATE
POL004038,0,0,0.387,0.333041,3626.18,3626.18,1207.67,8.1962,1569.97,LOW
POL004039,0,0,1.0,0.629105,5215.07,5215.07,3280.83,8.5595,4265.07,MODERATE
POL004040,0,0,0.5,0.38335,14882.69,14882.69,5705.27,9.608,7416.85,HIGH
POL004041,0,0,0.3153,0.323979,5067.68,5067.68,1641.82,8.5308,2134.37,LOW
POL004042,0,0,0.25,0.303111,4677.94,4677.94,1417.94,8.4508,1843.32,LOW
POL004043,0,0,0.31,0.682956,19423.02,19423.02,13265.07,9.8743,17244.6,VERY_HIGH
POL004044,0,0,0.25,0.171141,11563.4,11563.4,1978.97,9.3557,2572.66,MODERATE
POL004045,0,0,1.0,0.384475,3923.28,3923.28,1508.4,8.2749,1960.92,LOW
POL004046,0,0,0.5,0.312815,5570.2,5570.2,1742.44,8.6254,2265.17,LOW
POL004047,0,0,0.9941,0.269602,7028.98,7028.98,1895.03,8.8579,2463.53,MODERATE
POL004048,0,0,0.4864,0.189662,16990.68,16990.68,3222.48,9.7405,4189.23,MODERATE
POL004049,0,0,0.6958,0.614799,14514.58,14514.58,8923.54,9.583,11600.61,HIGH
POL004050,0,0,1.0,0.472695,5883.09,5883.09,2780.91,8.68,3615.18,MODERATE
POL004051,0,0,1.0,0.085542,4510.08,4510.08,385.8,8.4143,501.54,LOW
POL004052,0,0,0.9679,0.624763,4497.53,4497.53,2809.89,8.4115,3652.86,MODERATE
POL004053,0,0,0.6857,0.342105,3471.07,3471.07,1187.47,8.1525,1543.71,LOW
POL004054,1,24547,0.5,0.662325,5945.55,5945.55,3937.88,8.6906,5119.25,MODERATE
POL004055,0,0,1.0,0.227284,5496.05,5496.05,1249.17,8.612,1623.92,LOW
POL004056,1,7393,0.9667,0.526526,27168.69,27168.69,14305.03,10.2099,18596.54,VERY_HIGH
POL004057,0,0,1.0,0.404407,6189.4,6189.4,2503.04,8.7308,3253.95,MODERATE
POL004058,0,0,0.5205,0.228679,6283.69,6283.69,1436.95,8.7459,1868.03,LOW
POL004059,0,0,0.25,0.34864,23293.23,23293.23,8120.95,10.056,10557.23,HIGH
POL004060,0,0,0.5,0.710878,9200.1,9200.1,6540.15,9.1271,8502.2,HIGH
POL004061,0,0,0.5,0.497997,23976.38,23976.38,11940.17,10.0849,15522.22,HIGH
POL004062,0,0,0.25,0.674057,32283.38,32283.38,21760.82,10.3823,28289.07,VERY_HIGH
POL004063,0,0,0.1904,0.171032,16630.46,16630.46,2844.34,9.7191,3697.64,MODERATE
POL004064,0,0,0.25,0.369967,9439.65,9439.65,3492.36,9.1528,4540.06,MODERATE
POL004065,0,0,1.0,0.377474,8331.64,8331.64,3144.97,9.0279,4088.47,MODERATE
POL004066,0,0,0.3548,0.737749,15140.72,15140.72,11170.05,9.6252,14521.06,HIGH
POL004067,0,0,0.5,0.677837,7097.75,7097.75,4811.11,8.8677,6254.45,MODERATE
POL004068,0,0,1.0,0.367742,3686.46,3686.46,1355.67,8.2127,1762.37,LOW
POL004069,0,0,0.6914,0.562598,13500.59,13500.59,7595.41,9.5106,9874.04,HIGH
POL004070,0,0,0.6524,0.447282,6086.64,6086.64,2722.45,8.714,3539.18,MODERATE
POL004071,0,0,0.5,0.485656,17716.91,17716.91,8604.32,9.7823,11185.61,HIGH
POL004072,0,0,0.5,0.442342,5509.23,5509.23,2436.96,8.6144,3168.05,MODERATE
POL004073,1,9589,0.5497,0.253141,6129.96,6129.96,1551.74,8.7211,2017.27,LOW
POL004074,0,0,1.0,0.632604,6121.99,6121.99,3872.8,8.7198,5034.63,MODERATE
POL004075,0,0,0.6047,0.567582,19147.13,19147.13,10867.56,9.86,14127.83,HIGH
POL004076,0,0,0.25,0.526218,5290.09,5290.09,2783.74,8.5738,3618.86,MODERATE
POL004077,0,0,0.25,0.377974,7431.28,7431.28,2808.83,8.9136,3651.48,MODERATE
POL004078,0,0,0.5,0.536718,4834.6,4834.6,2594.82,8.4838,3373.26,MODERATE
POL004079,0,0,0.5761,0.538533,9085.54,9085.54,4892.86,9.1145,6360.72,MODERATE
POL004080,0,0,0.5,0.208528,4933.78,4933.78,1028.83,8.5041,1337.48,LOW
POL004081,0,0,0.3812,0.315193,10357.08,10357.08,3264.48,9.2455,4243.82,MODERATE
POL004082,0,0,0.9081,0.538058,9407.55,9407.55,5061.81,9.1494,6580.35,MODERATE
POL004083,1,2861,1.0,0.733427,3828.14,3828.14,2807.66,8.2504,3649.96,MODERATE
POL004084,0,0,0.25,0.101962,7460.65,7460.65,760.7,8.9175,988.91,LOW
POL004085,0,0,0.5445,0.295133,11154.79,11154.79,3292.15,9.3197,4279.79,MODERATE
POL004086,0,0,0.25,0.281678,2795.32,2795.32,787.38,7.9361,1023.59,LOW
POL004087,0,0,0.7592,0.387895,3793.66,3793.66,1471.54,8.2413,1913.0,LOW
POL004088,0,0,0.3887,0.445717,19421.4,19421.4,8656.45,9.8742,11253.38,HIGH
POL004089,0,0,0.5,0.608833,4734.6,4734.6,2882.58,8.4629,3747.35,MODERATE
POL004090,0,0,0.3552,0.431718,20664.3,20664.3,8921.15,9.9362,11597.49,HIGH
POL004091,0,0,0.25,0.551507,8220.16,8220.16,4533.47,9.0145,5893.52,MODERATE
POL004092,0,0,0.25,0.169951,4838.49,4838.49,822.3,8.4846,1069.0,LOW
POL004093,0,0,0.6834,0.295937,6085.29,6085.29,1800.86,8.7138,2341.12,MODERATE
POL004094,1,1705,0.5,0.8759,8131.15,8131.15,7122.08,9.0036,9258.7,HIGH
POL004095,0,0,0.2083,0.294919,17410.97,17410.97,5134.83,9.7649,6675.28,MODERATE
POL004096,0,0,0.4615,0.387819,12947.39,12947.39,5021.24,9.4687,6527.62,MODERATE
POL004097,0,0,1.0,0.249825,5372.14,5372.14,1342.1,8.5892,1744.72,LOW
POL004098,0,0,0.5,0.63141,18600.15,18600.15,11744.33,9.831,15267.62,HIGH
POL004099,0,0,1.0,0.467785,3401.47,3401.47,1591.16,8.1323,2068.51,LOW
POL004100,0,0,1.0,0.398068,4160.72,4160.72,1656.25,8.3337,2153.12,LOW
POL004101,0,0,0.5,0.555172,28362.45,28362.45,15746.03,10.2529,20469.84,VERY_HIGH
POL004102,0,0,0.5,0.381992,24384.13,24384.13,9314.54,10.1017,12108.9,HIGH
POL004103,0,0,0.5,0.525861,5921.93,5921.93,3114.11,8.6866,4048.35,MODERATE
POL004104,0,0,1.0,0.321658,3661.84,3661.84,1177.86,8.206,1531.22,LOW
POL004105,1,2864,0.4233,0.332686,8201.31,8201.31,2728.46,9.0122,3547.0,MODERATE
POL004106,0,0,0.3413,0.681792,13015.47,13015.47,8873.85,9.474,11536.0,HIGH
POL004107,0,0,0.3944,0.078121,15499.8,15499.8,1210.86,9.6486,1574.11,LOW
POL004108,0,0,1.0,0.514009,15722.24,15722.24,8081.38,9.6629,10505.79,HIGH
POL004109,0,0,1.0,0.270625,10222.5,10222.5,2766.47,9.2324,3596.41,MODERATE
POL004110,0,0,0.25,0.515068,11651.82,11651.82,6001.48,9.3633,7801.92,HIGH
POL004111,0,0,0.5335,0.508173,69176.31,69176.31,35153.53,11.1444,45699.59,VERY_HIGH
POL004112,0,0,0.5,0.332277,4474.52,4474.52,1486.78,8.4064,1932.82,LOW
POL004113,0,0,0.25,0.418257,11473.29,11473.29,4798.79,9.3479,6238.42,MODERATE
POL004114,0,0,0.5864,0.810956,14832.5,14832.5,12028.5,9.6046,15637.06,VERY_HIGH
POL004115,0,0,0.9833,0.233691,6360.07,6360.07,1486.29,8.758,1932.18,LOW
POL004116,0,0,0.7931,0.190094,3310.92,3310.92,629.39,8.1053,818.2,LOW
POL004117,0,0,0.5,0.243286,6258.31,6258.31,1522.56,8.7418,1979.32,LOW
POL004118,0,0,0.9959,0.527614,12392.06,12392.06,6538.23,9.4249,8499.7,HIGH
POL004119,0,0,0.3084,0.763705,10883.63,10883.63,8311.88,9.2951,10805.44,HIGH
POL004120,0,0,0.5,0.315706,5463.98,5463.98,1725.01,8.6061,2242.51,LOW
POL004121,0,0,0.6141,0.3535,9839.79,9839.79,3478.37,9.1943,4521.88,MODERATE
POL004122,0,0,1.0,0.585486,4672.81,4672.81,2735.86,8.4497,3556.62,MODERATE
POL004123,1,10199,1.0,0.383162,15038.35,15038.35,5762.12,9.6184,7490.76,HIGH
POL004124,0,0,1.0,0.151592,20194.67,20194.67,3061.35,9.9132,3979.76,MODERATE
POL004125,0,0,1.0,0.509163,4161.06,4161.06,2118.66,8.3338,2754.26,MODERATE
POL004126,1,2414,1.0,0.322733,5418.78,5418.78,1748.82,8.5978,2273.47,LOW
POL004127,0,0,0.7806,0.618087,8749.43,8749.43,5407.91,9.0769,7030.28,MODERATE
POL004128,0,0,1.0,0.302443,5230.81,5230.81,1582.02,8.5625,2056.63,LOW
POL004129,0,0,0.5,0.415145,16644.84,16644.84,6910.03,9.7199,8983.03,HIGH
POL004130,0,0,0.8828,0.316009,40876.53,40876.53,12917.37,10.6183,16792.58,VERY_HIGH
POL004131,0,0,1.0,0.270476,12433.34,12433.34,3362.92,9.4282,4371.79,MODERATE
POL004132,0,0,0.5,0.349312,18554.31,18554.31,6481.24,9.8285,8425.61,HIGH
POL004133,0,0,0.5,0.741707,5891.92,5891.92,4370.08,8.6815,5681.1,MODERATE
POL004134,0,0,0.3504,0.433607,44308.07,44308.07,19212.29,10.6989,24975.97,VERY_HIGH
POL004135,0,0,0.9559,0.298156,15627.43,15627.43,4659.41,9.6568,6057.24,MODERATE
POL004136,0,0,1.0,0.523386,8343.52,8343.52,4366.88,9.0294,5676.94,MODERATE
POL004137,0,0,0.5,0.541173,6227.97,6227.97,3370.41,8.737,4381.53,MODERATE
POL004138,0,0,0.5,0.30213,7016.0,7016.0,2119.74,8.8561,2755.67,MODERATE
POL004139,1,28572,0.1191,0.418384,12018.38,12018.38,5028.29,9.3943,6536.78,MODERATE
POL004140,0,0,1.0,0.29495,7909.98,7909.98,2333.05,8.976,3032.96,MODERATE
POL004141,0,0,0.25,0.452737,6860.5,6860.5,3106.0,8.8337,4037.8,MODERATE
POL004142,0,0,0.3217,0.29909,13299.7,13299.7,3977.8,9.4956,5171.14,MODERATE
POL004143,0,0,0.9258,0.424988,12510.04,12510.04,5316.62,9.4344,6911.6,MODERATE
POL004144,0,0,0.5,0.621037,4837.19,4837.19,3004.07,8.4843,3905.29,MODERATE
POL004145,0,0,1.0,0.373892,11680.27,11680.27,4367.16,9.3657,5677.31,MODERATE
POL004146,0,0,0.9552,0.394382,6364.77,6364.77,2510.15,8.7587,3263.19,MODERATE
POL004147,0,0,0.3043,0.397327,15255.64,15255.64,6061.48,9.6328,7879.92,HIGH
POL004148,0,0,1.0,0.554535,2871.89,2871.89,1592.57,7.9631,2070.34,LOW
POL004149,0,0,0.5,0.564276,5195.17,5195.17,2931.51,8.5557,3810.96,MODERATE
POL004150,0,0,0.5,0.138415,5930.01,5930.01,820.8,8.6879,1067.04,LOW
POL004151,0,0,0.5125,0.530668,25719.35,25719.35,13648.45,10.155,17742.98,VERY_HIGH
POL004152,0,0,1.0,0.842025,4404.23,4404.23,3708.47,8.3905,4821.02,MODERATE
POL004153,0,0,0.8146,0.484933,4638.35,4638.35,2249.29,8.4423,2924.07,MODERATE
POL004154,1,4193,0.8951,0.387804,9221.64,9221.64,3576.19,9.1294,4649.04,MODERATE
POL004155,0,0,0.5,0.110807,20807.78,20807.78,2305.65,9.9431,2997.34,MODERATE
POL004156,0,0,0.5,0.23579,7676.89,7676.89,1810.14,8.9461,2353.18,MODERATE
POL004157,0,0,0.4741,0.705093,9132.51,9132.51,6439.26,9.1197,8371.04,HIGH
POL004158,0,0,0.25,0.25893,6809.31,6809.31,1763.13,8.8262,2292.07,LOW
POL004159,0,0,0.25,0.578051,11129.57,11129.57,6433.45,9.3175,8363.49,HIGH
POL004160,0,0,0.5,0.323633,6142.04,6142.04,1987.77,8.7231,2584.1,MODERATE
POL004161,0,0,0.2821,0.335735,9049.29,9049.29,3038.16,9.1106,3949.61,MODERATE
POL004162,1,26480,1.0,0.327946,10274.4,10274.4,3369.44,9.2375,4380.28,MODERATE
POL004163,0,0,0.1152,0.313284,31318.18,31318.18,9811.48,10.352,12754.92,HIGH
POL004164,0,0,1.0,0.17725,4882.9,4882.9,865.5,8.4937,1125.14,LOW
POL004165,0,0,0.5,0.640455,5643.11,5643.11,3614.16,8.6384,4698.41,MODERATE
POL004166,0,0,0.5,0.451505,2817.38,2817.38,1272.06,7.9439,1653.68,LOW
POL004167,0,0,0.25,0.452288,14356.69,14356.69,6493.35,9.572,8441.36,HIGH
POL004168,1,6994,0.1714,0.831099,13325.84,13325.84,11075.1,9.4975,14397.62,HIGH
POL004169,0,0,0.3606,0.161147,7959.33,7959.33,1282.62,8.9822,1667.4,LOW
POL004170,0,0,0.3967,0.409383,3599.49,3599.49,1473.57,8.1888,1915.64,LOW
POL004171,0,0,0.635,0.265999,17659.72,17659.72,4697.47,9.7791,6106.71,MODERATE
POL004172,0,0,0.8379,0.560456,17238.74,17238.74,9661.55,9.755,12560.01,HIGH
POL004173,1,3408,1.0,0.443804,4590.82,4590.82,2037.42,8.432,2648.65,MODERATE
POL004174,1,50454,1.0,0.158404,25014.97,25014.97,3962.47,10.1273,5151.21,MODERATE
POL004175,1,19858,1.0,0.863168,35014.31,35014.31,30223.22,10.4635,39290.19,VERY_HIGH
POL004176,0,0,0.25,0.642174,20613.78,20613.78,13237.64,9.9338,17208.93,VERY_HIGH
POL004177,0,0,0.5,0.351279,11935.64,11935.64,4192.73,9.3874,5450.56,MODERATE
POL004178,0,0,0.5548,0.579908,8448.69,8448.69,4899.46,9.0419,6369.3,MODERATE
POL004179,0,0,0.5,0.449523,10690.79,10690.79,4805.76,9.2772,6247.48,MODERATE
POL004180,0,0,0.5,0.21564,12322.71,12322.71,2657.26,9.4193,3454.44,MODERATE
POL004181,0,0,0.5207,0.474068,13561.48,13561.48,6429.06,9.5151,8357.78,HIGH
POL004182,0,0,0.8857,0.41672,15167.69,15167.69,6320.68,9.627,8216.88,HIGH
POL004183,1,2677323,0.8547,0.917592,14812.77,14812.77,13592.08,9.6033,17669.7,VERY_HIGH
POL004184,0,0,1.0,0.243009,4067.17,4067.17,988.36,8.3109,1284.86,LOW
POL004185,0,0,0.5,0.113268,11721.72,11721.72,1327.7,9.3693,1726.01,LOW
POL004186,0,0,0.4854,0.319664,13796.43,13796.43,4410.23,9.5322,5733.29,MODERATE
POL004187,0,0,1.0,0.438217,5857.73,5857.73,2566.96,8.6757,3337.04,MODERATE
POL004188,0,0,0.8154,0.507342,23072.37,23072.37,11705.57,10.0464,15217.24,HIGH
POL004189,0,0,0.3736,0.350691,32282.18,32282.18,11321.09,10.3823,14717.41,HIGH
POL004190,0,0,0.9005,0.424142,8447.94,8447.94,3583.13,9.0418,4658.06,MODERATE
POL004191,0,0,0.5,0.519365,5302.06,5302.06,2753.7,8.576,3579.81,MODERATE
POL004192,0,0,0.909,0.363672,12745.07,12745.07,4635.02,9.453,6025.53,MODERATE
POL004193,0,0,0.25,0.429153,4427.48,4427.48,1900.06,8.3958,2470.08,MODERATE
POL004194,0,0,0.25,0.505136,7496.9,7496.9,3786.96,8.9224,4923.05,MODERATE
POL004195,0,0,0.3045,0.298149,25166.12,25166.12,7503.25,10.1333,9754.23,HIGH
POL004196,0,0,0.6368,0.331522,11320.13,11320.13,3752.87,9.3344,4878.73,MODERATE
POL004197,0,0,0.2668,0.419591,39725.56,39725.56,16668.5,10.5898,21669.05,VERY_HIGH
POL004198,0,0,0.6389,0.494892,12705.94,12705.94,6288.07,9.4499,8174.49,HIGH
POL004199,0,0,0.816,0.463759,3694.23,3694.23,1713.23,8.2148,2227.2,LOW
POL004200,0,0,1.0,0.355166,9701.37,9701.37,3445.59,9.1801,4479.27,MODERATE
POL004201,0,0,0.0931,0.439949,15638.17,15638.17,6880.0,9.6575,8944.0,HIGH
POL004202,0,0,1.0,0.760643,7247.95,7247.95,5513.11,8.8886,7167.04,HIGH
POL004203,0,0,0.2546,0.306461,14499.46,14499.46,4443.52,9.5819,5776.57,MODERATE
POL004204,0,0,0.5,0.203919,10097.71,10097.71,2059.11,9.2202,2676.85,MODERATE
POL004205,1,19490,1.0,0.693197,17431.13,17431.13,12083.21,9.7661,15708.17,VERY_HIGH
POL004206,0,0,0.8056,0.363747,10253.83,10253.83,3729.8,9.2355,4848.74,MODERATE
POL004207,0,0,0.5,0.327917,6046.25,6046.25,1982.66,8.7074,2577.46,MODERATE
POL004208,0,0,1.0,0.591479,6313.95,6313.95,3734.57,8.7507,4854.94,MODERATE
POL004209,0,0,1.0,0.700313,9157.65,9157.65,6413.22,9.1225,8337.18,HIGH
POL004210,0,0,0.25,0.453548,27794.25,27794.25,12606.02,10.2326,16387.82,VERY_HIGH
POL004211,0,0,1.0,0.663597,9927.83,9927.83,6588.07,9.2032,8564.49,HIGH
POL004212,1,1871,0.6277,0.7025,8012.18,8012.18,5628.55,8.9888,7317.12,HIGH
POL004213,0,0,0.2659,0.247501,12276.8,12276.8,3038.53,9.4155,3950.08,MODERATE
POL004214,0,0,1.0,0.350591,6667.98,6667.98,2337.74,8.8052,3039.06,MODERATE
POL004215,0,0,0.4378,0.702809,14880.49,14880.49,10458.14,9.6079,13595.58,HIGH
POL004216,0,0,0.25,0.477381,6200.18,6200.18,2959.85,8.7325,3847.8,MODERATE
POL004217,0,0,1.0,0.349217,9179.6,9179.6,3205.67,9.1248,4167.37,MODERATE
POL004218,0,0,0.5513,0.56955,4824.72,4824.72,2747.92,8.4817,3572.29,MODERATE
POL004219,1,2499,0.5,0.624713,10555.86,10555.86,6594.38,9.2645,8572.7,HIGH
POL004220,0,0,0.563,0.328809,14597.8,14597.8,4799.89,9.5887,6239.86,MODERATE
POL004221,0,0,0.2636,0.5491,9270.79,9270.79,5090.6,9.1347,6617.78,MODERATE
POL004222,0,0,0.859,0.656088,22101.11,22101.11,14500.27,10.0034,18850.35,VERY_HIGH
POL004223,0,0,1.0,0.418474,14474.33,14474.33,6057.14,9.5802,7874.28,HIGH
POL004224,0,0,0.2961,0.398339,20146.2,20146.2,8025.01,9.9108,10432.52,HIGH
POL004225,0,0,0.9142,0.38336,17645.03,17645.03,6764.4,9.7783,8793.72,HIGH
POL004226,0,0,0.5,0.166659,4892.11,4892.11,815.31,8.4956,1059.91,LOW
POL004227,1,13265,0.3473,0.459726,10382.74,10382.74,4773.22,9.248,6205.18,MODERATE
POL004228,1,6661,0.2996,0.585877,10955.42,10955.42,6418.53,9.3017,8344.09,HIGH
POL004229,0,0,0.5,0.272671,7865.18,7865.18,2144.61,8.9703,2787.99,MODERATE
POL004230,0,0,0.5,0.363729,4684.71,4684.71,1703.97,8.4523,2215.16,LOW
POL004231,0,0,0.4637,0.746788,3322.28,3322.28,2481.03,8.1087,3225.34,MODERATE
POL004232,0,0,0.25,0.413204,5616.67,5616.67,2320.83,8.6337,3017.08,MODERATE
POL004233,0,0,0.25,0.205325,2157.39,2157.39,442.97,7.6771,575.86,LOW
POL004234,0,0,0.5,0.681749,10964.38,10964.38,7474.95,9.3025,9717.44,HIGH
POL004235,0,0,1.0,0.806468,5531.41,5531.41,4460.9,8.6184,5799.17,MODERATE
POL004236,0,0,0.25,0.865464,12586.17,12586.17,10892.87,9.4404,14160.73,HIGH
POL004237,0,0,0.5502,0.805105,11902.23,11902.23,9582.54,9.3846,12457.31,HIGH
POL004238,0,0,0.4792,0.61521,5349.28,5349.28,3290.93,8.5849,4278.21,MODERATE
POL004239,0,0,0.25,0.515993,13271.23,13271.23,6847.87,9.4934,8902.23,HIGH
POL004240,0,0,0.8815,0.691584,4712.24,4712.24,3258.91,8.4581,4236.59,MODERATE
POL004241,0,0,0.815,0.346945,18158.52,18158.52,6300.0,9.807,8190.0,HIGH
POL004242,0,0,0.9923,0.683918,4230.32,4230.32,2893.19,8.3503,3761.15,MODERATE
POL004243,0,0,1.0,0.805128,7672.59,7672.59,6177.42,8.9455,8030.64,HIGH
POL004244,0,0,0.25,0.162207,3718.89,3718.89,603.23,8.2214,784.2,LOW
POL004245,0,0,1.0,0.435822,9276.77,9276.77,4043.02,9.1354,5255.93,MODERATE
POL004246,0,0,0.4575,0.481127,19241.94,19241.94,9257.82,9.8649,12035.17,HIGH
POL004247,0,0,0.5,0.542941,8188.16,8188.16,4445.69,9.0106,5779.4,MODERATE
POL004248,0,0,0.9061,0.245238,9635.6,9635.6,2363.02,9.1733,3071.92,MODERATE
POL004249,0,0,1.0,0.193584,3815.63,3815.63,738.64,8.2471,960.24,LOW
POL004250,0,0,0.3721,0.651405,19868.3,19868.3,12942.31,9.8969,16825.01,VERY_HIGH
POL004251,0,0,1.0,0.243464,5787.46,5787.46,1409.04,8.6636,1831.75,LOW
POL004252,0,0,1.0,0.582295,9933.58,9933.58,5784.27,9.2038,7519.55,HIGH
POL004253,1,11575,1.0,0.253328,3973.21,3973.21,1006.52,8.2876,1308.48,LOW
POL004254,0,0,1.0,0.334711,27818.6,27818.6,9311.2,10.2335,12104.56,HIGH
POL004255,0,0,0.5,0.295124,31572.31,31572.31,9317.75,10.3601,12113.08,HIGH
POL004256,1,15425,1.0,0.712411,7983.39,7983.39,5687.46,8.9852,7393.69,HIGH
POL004257,0,0,0.2619,0.484341,26478.02,26478.02,12824.39,10.1841,16671.71,VERY_HIGH
POL004258,1,3830,0.7896,0.786274,5141.99,5141.99,4043.02,8.5454,5255.92,MODERATE
POL004259,0,0,0.4769,0.591882,12779.77,12779.77,7564.11,9.4557,9833.35,HIGH
POL004260,0,0,1.0,0.610758,8858.44,8858.44,5410.36,9.0892,7033.47,MODERATE
POL004261,0,0,1.0,0.320473,21116.54,21116.54,6767.28,9.9579,8797.46,HIGH
POL004262,0,0,0.5,0.560489,5020.99,5020.99,2814.21,8.5216,3658.47,MODERATE
POL004263,0,0,0.4564,0.292477,3195.27,3195.27,934.54,8.0697,1214.9,LOW
POL004264,0,0,0.25,0.250633,7052.33,7052.33,1767.54,8.8613,2297.81,LOW
POL004265,0,0,0.4595,0.325533,7062.56,7062.56,2299.1,8.8627,2988.83,MODERATE
POL004266,0,0,1.0,0.251383,36200.05,36200.05,9100.08,10.4968,11830.1,HIGH
POL004267,1,7074,0.3054,0.649713,12619.41,12619.41,8199.0,9.4431,10658.69,HIGH
POL004268,0,0,0.5,0.345568,2739.52,2739.52,946.69,7.9159,1230.69,LOW
POL004269,1,12675,1.0,0.686277,6594.08,6594.08,4525.36,8.7941,5882.97,MODERATE
POL004270,0,0,0.5,0.34812,6141.27,6141.27,2137.9,8.7229,2779.27,MODERATE
POL004271,0,0,0.29,0.569482,16039.94,16039.94,9134.46,9.6829,11874.8,HIGH
POL004272,0,0,1.0,0.270701,4086.88,4086.88,1106.32,8.3158,1438.22,LOW
POL004273,0,0,0.9547,0.457332,11528.47,11528.47,5272.35,9.3527,6854.05,MODERATE
POL004274,0,0,1.0,0.335214,5354.61,5354.61,1794.94,8.5859,2333.43,LOW
POL004275,0,0,0.25,0.628433,6456.21,6456.21,4057.3,8.773,5274.48,MODERATE
POL004276,0,0,0.2203,0.255281,14772.37,14772.37,3771.1,9.6006,4902.44,MODERATE
POL004277,0,0,0.25,0.444688,9545.4,9545.4,4244.72,9.1639,5518.14,MODERATE
POL004278,0,0,0.5,0.391422,5743.72,5743.72,2248.22,8.656,2922.68,MODERATE
POL004279,0,0,0.25,0.731069,5169.62,5169.62,3779.35,8.5507,4913.16,MODERATE
POL004280,1,10374,0.7287,0.465801,4811.01,4811.01,2240.97,8.4789,2913.26,MODERATE
POL004281,0,0,1.0,0.836744,4736.41,4736.41,3963.17,8.4632,5152.12,MODERATE
POL004282,0,0,1.0,0.333169,7779.69,7779.69,2591.96,8.9594,3369.54,MODERATE
POL004283,0,0,0.5,0.257646,6953.09,6953.09,1791.44,8.8471,2328.87,LOW
POL004284,0,0,0.25,0.403387,3511.94,3511.94,1416.67,8.1642,1841.67,LOW
POL004285,1,6443,0.6593,0.604578,10079.92,10079.92,6094.1,9.2184,7922.33,HIGH
POL004286,0,0,0.4596,0.355124,7546.39,7546.39,2679.9,8.929,3483.88,MODERATE
POL004287,0,0,1.0,0.376344,13337.29,13337.29,5019.41,9.4984,6525.24,MODERATE
POL004288,0,0,0.25,0.815245,23692.72,23692.72,19315.36,10.073,25109.96,VERY_HIGH
POL004289,0,0,1.0,0.615039,4381.26,4381.26,2694.64,8.3853,3503.04,MODERATE
POL004290,1,4272,0.8605,0.372808,3969.37,3969.37,1479.81,8.2866,1923.75,LOW
POL004291,0,0,0.246,0.584335,10281.47,10281.47,6007.82,9.2382,7810.17,HIGH
POL004292,0,0,0.9772,0.678361,5577.91,5577.91,3783.84,8.6267,4918.99,MODERATE
POL004293,0,0,0.5806,0.755186,19472.91,19472.91,14705.68,9.8768,19117.38,VERY_HIGH
POL004294,0,0,0.5,0.279609,14403.33,14403.33,4027.3,9.5753,5235.49,MODERATE
POL004295,0,0,0.7969,0.254189,3124.92,3124.92,794.32,8.0475,1032.62,LOW
POL004296,0,0,0.2184,0.339605,14044.69,14044.69,4769.64,9.5501,6200.53,MODERATE
POL004297,0,0,1.0,0.478813,5649.36,5649.36,2704.99,8.6395,3516.49,MODERATE
POL004298,0,0,0.4725,0.611479,9375.84,9375.84,5733.13,9.146,7453.07,HIGH
POL004299,0,0,0.1619,0.527091,8882.82,8882.82,4682.05,9.092,6086.66,MODERATE
POL004300,0,0,0.2806,0.467015,25931.22,25931.22,12110.26,10.1632,15743.33,VERY_HIGH
POL004301,1,10650,0.2988,0.54185,7751.04,7751.04,4199.9,8.9557,5459.87,MODERATE
POL004302,0,0,0.3503,0.669031,34016.72,34016.72,22758.24,10.4346,29585.71,VERY_HIGH
POL004303,0,0,0.4117,0.319081,24608.89,24608.89,7852.24,10.1109,10207.91,HIGH
POL004304,0,0,0.5,0.231688,7662.33,7662.33,1775.27,8.9442,2307.85,LOW
POL004305,0,0,0.5777,0.125184,17257.83,17257.83,2160.41,9.7561,2808.53,MODERATE
POL004306,0,0,0.25,0.30054,4363.06,4363.06,1311.27,8.3812,1704.65,LOW
POL004307,0,0,1.0,0.260047,7566.69,7566.69,1967.7,8.9316,2558.0,MODERATE
POL004308,0,0,1.0,0.490765,6409.16,6409.16,3145.39,8.7656,4089.01,MODERATE
POL004309,1,3498,0.4198,0.189428,14861.73,14861.73,2815.22,9.6066,3659.79,MODERATE
POL004310,0,0,0.6547,0.296611,5199.78,5199.78,1542.31,8.5566,2005.0,LOW
POL004311,0,0,0.2521,0.375841,27294.36,27294.36,10258.35,10.2145,13335.85,HIGH
POL004312,0,0,0.6866,0.146596,19578.46,19578.46,2870.12,9.8822,3731.16,MODERATE
POL004313,1,4186,0.7346,0.698294,4945.95,4945.95,3453.73,8.5065,4489.85,MODERATE
POL004314,0,0,1.0,0.34219,6433.86,6433.86,2201.6,8.7695,2862.08,MODERATE
POL004315,1,4983,1.0,0.450468,4326.47,4326.47,1948.94,8.3727,2533.62,MODERATE
POL004316,0,0,0.5565,0.404965,5120.31,5120.31,2073.55,8.5412,2695.61,MODERATE
POL004317,0,0,0.9004,0.484553,8555.43,8555.43,4145.56,9.0544,5389.22,MODERATE
POL004318,0,0,0.25,0.167338,13519.81,13519.81,2262.38,9.512,2941.09,MODERATE
POL004319,0,0,1.0,0.537448,6524.48,6524.48,3506.57,8.7835,4558.54,MODERATE
POL004320,0,0,0.25,0.275623,12975.03,12975.03,3576.22,9.4709,4649.08,MODERATE
POL004321,0,0,0.9473,0.32724,11281.88,11281.88,3691.88,9.331,4799.44,MODERATE
POL004322,0,0,1.0,0.252247,22251.45,22251.45,5612.87,10.0102,7296.73,HIGH
POL004323,0,0,1.0,0.548228,8873.95,8873.95,4864.95,9.091,6324.43,MODERATE
POL004324,0,0,1.0,0.16873,6524.99,6524.99,1100.96,8.7835,1431.25,LOW
POL004325,0,0,0.1746,0.845938,312067.11,312067.11,263989.43,12.651,343186.26,VERY_HIGH
POL004326,1,10364,0.4865,0.735546,25633.32,25633.32,18854.48,10.1517,24510.83,VERY_HIGH
POL004327,1,27249,0.3438,0.337207,36514.7,36514.7,12313.02,10.5055,16006.93,VERY_HIGH
POL004328,0,0,1.0,0.378365,3338.81,3338.81,1263.29,8.1137,1642.27,LOW
POL004329,0,0,0.3432,0.252529,14520.02,14520.02,3666.72,9.5834,4766.73,MODERATE
POL004330,0,0,1.0,0.333888,5083.47,5083.47,1697.31,8.5339,2206.5,LOW
POL004331,0,0,1.0,0.571576,4677.73,4677.73,2673.68,8.4508,3475.78,MODERATE
POL004332,0,0,1.0,0.569315,6191.48,6191.48,3524.9,8.7311,4582.37,MODERATE
POL004333,0,0,0.8049,0.240844,12410.96,12410.96,2989.1,9.4264,3885.83,MODERATE
POL004334,0,0,0.9733,0.23772,15758.91,15758.91,3746.21,9.6652,4870.07,MODERATE
POL004335,0,0,0.25,0.336931,4048.08,4048.08,1363.92,8.3062,1773.1,LOW
POL004336,0,0,0.3519,0.678891,9211.36,9211.36,6253.52,9.1283,8129.57,HIGH
POL004337,0,0,1.0,0.625756,6188.82,6188.82,3872.69,8.7307,5034.49,MODERATE
POL004338,1,24472,0.8487,0.504925,20097.16,20097.16,10147.55,9.9084,13191.82,HIGH
POL004339,0,0,0.25,0.646772,5097.72,5097.72,3297.06,8.5367,4286.18,MODERATE
POL004340,0,0,0.9558,0.46307,16627.42,16627.42,7699.66,9.7189,10009.56,HIGH
POL004341,0,0,0.5,0.191966,16125.87,16125.87,3095.61,9.6882,4024.3,MODERATE
POL004342,0,0,1.0,0.236503,3298.61,3298.61,780.13,8.1016,1014.17,LOW
POL004343,1,7625,0.225,0.363074,18331.89,18331.89,6655.83,9.8165,8652.58,HIGH
POL004344,0,0,1.0,0.704418,18807.14,18807.14,13248.09,9.842,17222.51,VERY_HIGH
POL004345,1,15572,0.4518,0.725287,17461.86,17461.86,12664.86,9.7678,16464.32,VERY_HIGH
POL004346,0,0,0.5248,0.261883,2848.09,2848.09,745.87,7.9548,969.63,LOW
POL004347,0,0,0.3529,0.227529,20120.34,20120.34,4577.96,9.9095,5951.35,MODERATE
POL004348,0,0,0.25,0.321847,5144.2,5144.2,1655.64,8.5458,2152.34,LOW
POL004349,1,3894,0.3413,0.451369,9048.23,9048.23,4084.09,9.1104,5309.32,MODERATE
POL004350,0,0,1.0,0.418339,3663.33,3663.33,1532.51,8.2064,1992.27,LOW
POL004351,0,0,1.0,0.202102,5807.75,5807.75,1173.76,8.6671,1525.89,LOW
POL004352,0,0,1.0,0.486797,9269.91,9269.91,4512.56,9.1346,5866.33,MODERATE
POL004353,0,0,0.25,0.367762,6251.92,6251.92,2299.21,8.7408,2988.98,MODERATE
POL004354,0,0,0.25,0.173591,2962.69,2962.69,514.3,7.9942,668.58,LOW
POL004355,0,0,1.0,0.227929,4717.93,4717.93,1075.36,8.4593,1397.96,LOW
POL004356,0,0,0.7568,0.199737,13664.7,13664.7,2729.34,9.5226,3548.15,MODERATE
POL004357,0,0,0.25,0.675471,15747.62,15747.62,10637.07,9.6645,13828.19,HIGH
POL004358,0,0,1.0,0.501093,4460.69,4460.69,2235.22,8.4033,2905.79,MODERATE
POL004359,1,6616,0.4731,0.671881,4291.72,4291.72,2883.53,8.3647,3748.58,MODERATE
POL004360,0,0,0.8625,0.549665,7425.21,7425.21,4081.37,8.9128,5305.78,MODERATE
POL004361,0,0,0.3894,0.6931,15926.96,15926.96,11038.98,9.6758,14350.68,HIGH
POL004362,1,6309,0.3671,0.631828,19821.84,19821.84,12523.99,9.8946,16281.19,VERY_HIGH
POL004363,0,0,0.2266,0.223806,9908.28,9908.28,2217.54,9.2012,2882.8,MODERATE
POL004364,0,0,1.0,0.688552,7287.38,7287.38,5017.74,8.894,6523.06,MODERATE
POL004365,0,0,1.0,0.485337,26028.91,26028.91,12632.79,10.167,16422.63,VERY_HIGH
POL004366,0,0,0.5296,0.444065,7163.96,7163.96,3181.26,8.877,4135.64,MODERATE
POL004367,0,0,0.5,0.618692,4130.35,4130.35,2555.42,8.3264,3322.04,MODERATE
POL004368,0,0,0.2531,0.452711,8726.54,8726.54,3950.6,9.0742,5135.78,MODERATE
POL004369,0,0,1.0,0.905267,8431.9,8431.9,7633.12,9.0399,9923.05,HIGH
POL004370,0,0,1.0,0.43939,29388.61,29388.61,12913.06,10.2884,16786.97,VERY_HIGH
POL004371,0,0,0.675,0.599568,15037.34,15037.34,9015.91,9.6184,11720.68,HIGH
POL004372,0,0,1.0,0.323976,5677.54,5677.54,1839.39,8.6444,2391.2,MODERATE
POL004373,0,0,0.25,0.490322,3335.61,3335.61,1635.52,8.1127,2126.18,LOW
POL004374,0,0,0.6631,0.148918,42570.5,42570.5,6339.5,10.6589,8241.35,HIGH
POL004375,0,0,0.2936,0.800175,12988.04,12988.04,10392.71,9.4719,13510.52,HIGH
POL004376,0,0,0.2901,0.404644,13422.23,13422.23,5431.22,9.5047,7060.59,MODERATE
POL004377,0,0,0.5,0.571421,12835.72,12835.72,7334.61,9.4601,9534.99,HIGH
POL004378,0,0,0.25,0.339804,10136.97,10136.97,3444.58,9.224,4477.95,MODERATE
POL004379,1,10474,1.0,0.395607,7133.21,7133.21,2821.94,8.8727,3668.53,MODERATE
POL004380,0,0,0.4381,0.408443,10843.21,10843.21,4428.83,9.2914,5757.48,MODERATE
POL004381,1,2304,0.5,0.903959,4416.38,4416.38,3992.22,8.3933,5189.89,MODERATE
POL004382,0,0,0.744,0.703385,18109.08,18109.08,12737.65,9.8042,16558.94,VERY_HIGH
POL004383,0,0,0.5659,0.586432,4473.91,4473.91,2623.64,8.4062,3410.73,MODERATE
POL004384,0,0,1.0,0.375297,19115.0,19115.0,7173.79,9.8583,9325.93,HIGH
POL004385,0,0,0.233,0.570379,22956.7,22956.7,13094.01,10.0414,17022.22,VERY_HIGH
POL004386,0,0,0.2082,0.261929,26183.75,26183.75,6858.29,10.1729,8915.78,HIGH
POL004387,0,0,1.0,0.36564,7276.86,7276.86,2660.71,8.8926,3458.92,MODERATE
POL004388,0,0,0.4112,0.523959,9345.2,9345.2,4896.51,9.1427,6365.46,MODERATE
POL004389,0,0,0.5,0.338082,6845.03,6845.03,2314.18,8.8314,3008.44,MODERATE
POL004390,0,0,0.2788,0.212686,18703.64,18703.64,3978.0,9.8365,5171.4,MODERATE
POL004391,1,11527,0.6082,0.582497,9531.88,9531.88,5552.3,9.1625,7217.98,HIGH
POL004392,0,0,0.2785,0.27926,19449.14,19449.14,5431.36,9.8756,7060.77,MODERATE
POL004393,0,0,0.5,0.34152,23411.89,23411.89,7995.64,10.061,10394.33,HIGH
POL004394,0,0,1.0,0.36556,5705.15,5705.15,2085.57,8.6493,2711.25,MODERATE
POL004395,0,0,1.0,0.222176,8114.88,8114.88,1802.93,9.0016,2343.81,MODERATE
POL004396,0,0,1.0,0.338582,8148.07,8148.07,2758.79,9.0057,3586.43,MODERATE
POL004397,0,0,0.25,0.829906,6178.15,6178.15,5127.28,8.7289,6665.47,MODERATE
POL004398,0,0,1.0,0.366304,10910.44,10910.44,3996.53,9.2976,5195.49,MODERATE
POL004399,0,0,0.7186,0.314755,4438.63,4438.63,1397.08,8.3983,1816.21,LOW
POL004400,0,0,0.4982,0.372169,16980.79,16980.79,6319.73,9.7399,8215.65,HIGH
POL004401,0,0,0.25,0.383559,8846.48,8846.48,3393.15,9.0879,4411.09,MODERATE
POL004402,0,0,1.0,0.250613,4442.56,4442.56,1113.36,8.3992,1447.37,LOW
POL004403,0,0,0.4647,0.391117,3457.07,3457.07,1352.12,8.1485,1757.76,LOW
POL004404,0,0,0.2791,0.348116,12544.46,12544.46,4366.92,9.4371,5677.0,MODERATE
POL004405,0,0,0.5,0.160617,20368.09,20368.09,3271.46,9.9218,4252.89,MODERATE
POL004406,0,0,0.5,0.343796,23939.78,23939.78,8230.39,10.0833,10699.51,HIGH
POL004407,0,0,0.3259,0.363498,22680.46,22680.46,8244.3,10.0293,10717.6,HIGH
POL004408,0,0,0.3696,0.475885,10538.23,10538.23,5014.98,9.2629,6519.48,MODERATE
POL004409,0,0,1.0,0.256442,12527.72,12527.72,3212.63,9.4358,4176.42,MODERATE
POL004410,0,0,1.0,0.325664,6686.96,6686.96,2177.7,8.8081,2831.01,MODERATE
POL004411,0,0,0.383,0.463798,9338.05,9338.05,4330.97,9.142,5630.26,MODERATE
POL004412,0,0,0.5,0.467387,3809.83,3809.83,1780.66,8.2456,2314.86,LOW
POL004413,1,21516,0.25,0.350545,17220.0,17220.0,6036.38,9.7539,7847.3,HIGH
POL004414,0,0,0.5769,0.529305,2619.92,2619.92,1386.74,7.8713,1802.76,LOW
POL004415,0,0,0.2321,0.315649,11491.95,11491.95,3627.42,9.3495,4715.64,MODERATE
POL004416,0,0,0.5,0.282653,8745.18,8745.18,2471.85,9.0764,3213.4,MODERATE
POL004417,0,0,0.7542,0.37762,6003.69,6003.69,2267.11,8.7003,2947.24,MODERATE
POL004418,0,0,1.0,0.428044,8688.28,8688.28,3718.97,9.0698,4834.66,MODERATE
POL004419,0,0,1.0,0.83633,6488.23,6488.23,5426.3,8.7779,7054.2,MODERATE
POL004420,0,0,0.5,0.261668,5188.2,5188.2,1357.59,8.5543,1764.86,LOW
POL004421,1,28867,0.6352,0.772405,12373.22,12373.22,9557.13,9.4234,12424.27,HIGH
POL004422,0,0,0.3034,0.416338,11420.9,11420.9,4754.95,9.3433,6181.44,MODERATE
POL004423,1,4169,0.7162,0.658043,15930.95,15930.95,10483.25,9.6761,13628.23,HIGH
POL004424,0,0,0.6819,0.608978,16033.44,16033.44,9764.01,9.6825,12693.21,HIGH
POL004425,0,0,0.8278,0.379103,13143.24,13143.24,4982.64,9.4837,6477.43,MODERATE
POL004426,0,0,1.0,0.522534,2458.79,2458.79,1284.8,7.8078,1670.24,LOW
POL004427,0,0,1.0,0.393954,7768.92,7768.92,3060.6,8.958,3978.78,MODERATE
POL004428,0,0,0.25,0.223049,13190.94,13190.94,2942.22,9.4874,3824.89,MODERATE
POL004429,0,0,0.1997,0.627484,19802.39,19802.39,12425.68,9.8936,16153.38,VERY_HIGH
POL004430,0,0,1.0,0.591585,4694.44,4694.44,2777.16,8.4543,3610.31,MODERATE
POL004431,1,11110,0.5,0.703099,8182.21,8182.21,5752.91,9.0098,7478.78,HIGH
POL004432,0,0,1.0,0.597379,6519.94,6519.94,3894.88,8.7828,5063.34,MODERATE
POL004433,0,0,1.0,0.337084,11205.54,11205.54,3777.2,9.3243,4910.36,MODERATE
POL004434,0,0,0.25,0.524997,7112.11,7112.11,3733.84,8.8697,4853.99,MODERATE
POL004435,1,815,1.0,0.894597,3879.22,3879.22,3470.34,8.2636,4511.44,MODERATE
POL004436,0,0,0.5,0.192181,5667.85,5667.85,1089.25,8.6427,1416.03,LOW
POL004437,0,0,1.0,0.437153,20739.04,20739.04,9066.14,9.9398,11785.98,HIGH
POL004438,0,0,1.0,0.432324,4769.31,4769.31,2061.89,8.4702,2680.46,MODERATE
POL004439,1,12897,1.0,0.238089,6597.49,6597.49,1570.79,8.7946,2042.03,LOW
POL004440,0,0,0.25,0.291893,14601.98,14601.98,4262.22,9.589,5540.89,MODERATE
POL004441,0,0,0.5,0.275999,10214.41,10214.41,2819.16,9.2317,3664.91,MODERATE
POL004442,0,0,0.3009,0.237862,4583.36,4583.36,1090.21,8.4304,1417.27,LOW
POL004443,0,0,0.5921,0.509084,5266.05,5266.05,2680.86,8.5692,3485.12,MODERATE
POL004444,1,5917,1.0,0.443491,5185.19,5185.19,2299.58,8.5538,2989.46,MODERATE
POL004445,0,0,1.0,0.515816,2631.87,2631.87,1357.56,7.8758,1764.83,LOW
POL004446,0,0,0.137,0.102877,60336.95,60336.95,6207.29,11.0077,8069.48,HIGH
POL004447,0,0,0.309,0.72379,6491.91,6491.91,4698.78,8.7785,6108.41,MODERATE
POL004448,0,0,1.0,0.555795,5350.0,5350.0,2973.51,8.585,3865.56,MODERATE
POL004449,0,0,0.5,0.470993,5125.31,5125.31,2413.98,8.5421,3138.18,MODERATE
POL004450,0,0,0.5673,0.573916,5692.22,5692.22,3266.86,8.647,4246.91,MODERATE
POL004451,0,0,0.4375,0.709634,29684.63,29684.63,21065.22,10.2984,27384.79,VERY_HIGH
POL004452,0,0,0.25,0.326301,7221.77,7221.77,2356.47,8.885,3063.41,MODERATE
POL004453,0,0,0.25,0.265172,4562.65,4562.65,1209.89,8.4259,1572.85,LOW
POL004454,0,0,0.7305,0.851496,5886.13,5886.13,5012.02,8.6805,6515.63,MODERATE
POL004455,0,0,1.0,0.612156,8664.02,8664.02,5303.73,9.067,6894.85,MODERATE
POL004456,0,0,1.0,0.361306,5888.93,5888.93,2127.71,8.681,2766.02,MODERATE
POL004457,0,0,1.0,0.497809,18195.98,18195.98,9058.12,9.809,11775.56,HIGH
POL004458,0,0,0.7688,0.20682,3644.24,3644.24,753.7,8.2012,979.81,LOW
POL004459,0,0,1.0,0.315557,6840.78,6840.78,2158.66,8.8308,2806.25,MODERATE
POL004460,0,0,0.7784,0.29626,17272.18,17272.18,5117.06,9.7569,6652.18,MODERATE
POL004461,0,0,0.2194,0.606183,11458.43,11458.43,6945.9,9.3466,9029.68,HIGH
POL004462,0,0,0.5201,0.58049,3656.83,3656.83,2122.75,8.2046,2759.58,MODERATE
POL004463,0,0,0.25,0.377763,6645.45,6645.45,2510.41,8.8018,3263.53,MODERATE
POL004464,0,0,0.4706,0.461945,5940.55,5940.55,2744.21,8.6897,3567.47,MODERATE
POL004465,0,0,1.0,0.520649,5281.61,5281.61,2749.86,8.5722,3574.82,MODERATE
POL004466,0,0,0.197,0.606866,16599.42,16599.42,10073.63,9.7172,13095.71,HIGH
POL004467,0,0,0.5044,0.355314,6312.77,6312.77,2243.01,8.7505,2915.92,MODERATE
POL004468,0,0,0.8874,0.737673,5632.38,5632.38,4154.86,8.6365,5401.31,MODERATE
POL004469,0,0,1.0,0.31563,12278.04,12278.04,3875.31,9.4156,5037.91,MODERATE
POL004470,0,0,0.2015,0.412254,15761.56,15761.56,6497.76,9.6654,8447.09,HIGH
POL004471,1,18553,1.0,0.75262,10397.85,10397.85,7825.63,9.2495,10173.32,HIGH
POL004472,0,0,0.3735,0.720027,18561.7,18561.7,13364.92,9.8289,17374.4,VERY_HIGH
POL004473,0,0,0.25,0.328394,14845.2,14845.2,4875.07,9.6055,6337.6,MODERATE
POL004474,0,0,0.5,0.761462,6761.5,6761.5,5148.63,8.8191,6693.22,MODERATE
POL004475,0,0,0.5,0.273632,19400.48,19400.48,5308.59,9.8731,6901.17,MODERATE
POL004476,0,0,1.0,0.386503,13638.75,13638.75,5271.41,9.5207,6852.83,MODERATE
POL004477,1,11423,0.25,0.532884,23462.02,23462.02,12502.55,10.0632,16253.31,VERY_HIGH
POL004478,0,0,0.4449,0.851529,23147.92,23147.92,19711.14,10.0497,25624.48,VERY_HIGH
POL004479,0,0,0.2681,0.230142,15786.26,15786.26,3633.09,9.667,4723.01,MODERATE
POL004480,0,0,0.25,0.31362,3119.21,3119.21,978.25,8.0457,1271.72,LOW
POL004481,0,0,0.3496,0.442318,6470.68,6470.68,2862.1,8.7752,3720.72,MODERATE
POL004482,1,3312,1.0,0.459364,4111.27,4111.27,1888.57,8.3217,2455.14,MODERATE
POL004483,0,0,1.0,0.402057,3471.7,3471.7,1395.82,8.1527,1814.57,LOW
POL004484,0,0,1.0,0.489772,3853.13,3853.13,1887.15,8.2569,2453.3,MODERATE
POL004485,0,0,1.0,0.243877,16833.2,16833.2,4105.23,9.7312,5336.8,MODERATE
POL004486,0,0,0.22,0.432614,12849.72,12849.72,5558.96,9.4612,7226.65,HIGH
POL004487,0,0,0.9471,0.212339,5248.62,5248.62,1114.48,8.5659,1448.83,LOW
POL004488,0,0,0.202,0.444573,7522.91,7522.91,3344.48,8.9258,4347.83,MODERATE
POL004489,0,0,0.5,0.380645,5471.21,5471.21,2082.59,8.6074,2707.36,MODERATE
POL004490,1,2601,0.4191,0.531441,8481.49,8481.49,4507.41,9.0458,5859.63,MODERATE
POL004491,0,0,1.0,0.773703,12349.78,12349.78,9555.06,9.4215,12421.58,HIGH
POL004492,1,10475,1.0,0.25892,3856.66,3856.66,998.57,8.2578,1298.14,LOW
POL004493,0,0,0.5,0.268388,4853.69,4853.69,1302.67,8.4877,1693.47,LOW
POL004494,0,0,0.3233,0.60865,5078.9,5078.9,3091.27,8.533,4018.66,MODERATE
POL004495,0,0,1.0,0.436941,7440.79,7440.79,3251.19,8.9149,4226.54,MODERATE
POL004496,0,0,0.4714,0.382542,19077.57,19077.57,7297.98,9.8563,9487.37,HIGH
POL004497,0,0,0.3827,0.420717,6454.36,6454.36,2715.46,8.7727,3530.1,MODERATE
POL004498,1,6075,0.4319,0.762706,14169.45,14169.45,10807.13,9.5589,14049.26,HIGH
POL004499,0,0,0.9691,0.466211,9229.75,9229.75,4303.01,9.1303,5593.92,MODERATE
POL004500,1,5453,0.6715,0.359781,6096.41,6096.41,2193.38,8.7156,2851.39,MODERATE
POL004501,0,0,1.0,0.245907,5749.53,5749.53,1413.85,8.657,1838.0,LOW
POL004502,0,0,1.0,0.802745,22910.71,22910.71,18391.45,10.0394,23908.88,VERY_HIGH
POL004503,1,5595,0.3102,0.506396,12247.69,12247.69,6202.18,9.4132,8062.83,HIGH
POL004504,0,0,0.5,0.189214,14276.22,14276.22,2701.26,9.5664,3511.63,MODERATE
POL004505,1,13951,0.9095,0.413071,10315.37,10315.37,4260.99,9.2415,5539.28,MODERATE
POL004506,0,0,1.0,0.525944,7064.3,7064.3,3715.42,8.863,4830.05,MODERATE
POL004507,0,0,1.0,0.589517,9290.16,9290.16,5476.71,9.1368,7119.72,MODERATE
POL004508,0,0,0.9703,0.442649,14926.2,14926.2,6607.07,9.6109,8589.19,HIGH
POL004509,0,0,0.5657,0.620907,18595.01,18595.01,11545.78,9.8307,15009.52,HIGH
POL004510,0,0,0.5,0.301315,36780.38,36780.38,11082.47,10.5127,14407.21,HIGH
POL004511,0,0,1.0,0.740052,4061.12,4061.12,3005.44,8.3095,3907.07,MODERATE
POL004512,0,0,0.1724,0.460522,31152.55,31152.55,14346.44,10.3467,18650.38,VERY_HIGH
POL004513,0,0,1.0,0.211032,5661.13,5661.13,1194.68,8.6416,1553.08,LOW
POL004514,0,0,1.0,0.149815,6319.84,6319.84,946.81,8.7516,1230.85,LOW
POL004515,0,0,0.6405,0.333987,3122.4,3122.4,1042.84,8.0467,1355.7,LOW
POL004516,0,0,1.0,0.291175,2421.15,2421.15,704.98,7.7924,916.47,LOW
POL004517,0,0,0.3613,0.596738,5569.85,5569.85,3323.74,8.6253,4320.87,MODERATE
POL004518,0,0,0.5,0.685394,29344.23,29344.23,20112.36,10.2869,26146.07,VERY_HIGH
POL004519,0,0,0.469,0.793482,31115.06,31115.06,24689.23,10.3455,32096.0,VERY_HIGH
POL004520,1,11503,0.7272,0.577924,13022.34,13022.34,7525.92,9.4745,9783.69,HIGH
POL004521,0,0,0.6694,0.686526,25108.73,25108.73,17237.79,10.131,22409.12,VERY_HIGH
POL004522,0,0,0.9121,0.749642,4403.55,4403.55,3301.09,8.3904,4291.41,MODERATE
POL004523,0,0,0.7778,0.763308,29229.76,29229.76,22311.31,10.283,29004.71,VERY_HIGH
POL004524,0,0,0.7332,0.238066,13132.5,13132.5,3126.4,9.4829,4064.32,MODERATE
POL004525,0,0,0.2434,0.782285,8953.73,8953.73,7004.37,9.0999,9105.68,HIGH
POL004526,0,0,0.335,0.330559,6211.25,6211.25,2053.19,8.7343,2669.14,MODERATE
POL004527,0,0,0.8103,0.469949,7034.91,7034.91,3306.05,8.8588,4297.86,MODERATE
POL004528,0,0,0.5,0.218065,6987.21,6987.21,1523.67,8.852,1980.76,LOW
POL004529,0,0,1.0,0.262827,18147.81,18147.81,4769.74,9.8064,6200.67,MODERATE
POL004530,0,0,0.3604,0.416253,18794.11,18794.11,7823.11,9.8414,10170.04,HIGH
POL004531,0,0,0.7918,0.406426,8001.26,8001.26,3251.92,8.9875,4227.49,MODERATE
POL004532,0,0,0.4606,0.754877,13449.61,13449.61,10152.8,9.5068,13198.64,HIGH
POL004533,1,6916,1.0,0.543417,3746.63,3746.63,2035.98,8.2289,2646.78,MODERATE
POL004534,0,0,0.2648,0.328791,23675.08,23675.08,7784.15,10.0722,10119.4,HIGH
POL004535,0,0,1.0,0.347415,5958.06,5958.06,2069.92,8.6927,2690.9,MODERATE
POL004536,0,0,1.0,0.308067,7564.88,7564.88,2330.49,8.9314,3029.64,MODERATE
POL004537,0,0,0.8591,0.283647,5822.94,5822.94,1651.66,8.6697,2147.15,LOW
POL004538,0,0,0.9379,0.440688,4703.33,4703.33,2072.71,8.4562,2694.52,MODERATE
POL004539,0,0,1.0,0.710484,4868.72,4868.72,3459.15,8.4908,4496.89,MODERATE
POL004540,0,0,0.252,0.121796,47718.01,47718.01,5811.87,10.7731,7555.43,HIGH
POL004541,0,0,1.0,0.506866,4691.83,4691.83,2378.13,8.4538,3091.57,MODERATE
POL004542,0,0,0.2051,0.250875,28549.25,28549.25,7162.29,10.2594,9310.98,HIGH
POL004543,0,0,1.0,0.452848,9931.25,9931.25,4497.34,9.2035,5846.55,MODERATE
POL004544,0,0,0.1094,0.230985,12068.52,12068.52,2787.65,9.3984,3623.94,MODERATE
POL004545,0,0,0.8596,0.260238,6135.68,6135.68,1596.74,8.722,2075.76,LOW
POL004546,0,0,0.2882,0.144648,60069.5,60069.5,8688.91,11.0033,11295.58,HIGH
POL004547,0,0,1.0,0.384631,13006.88,13006.88,5002.84,9.4733,6503.7,MODERATE
POL004548,0,0,0.1786,0.396815,50353.47,50353.47,19981.02,10.8268,25975.33,VERY_HIGH
POL004549,0,0,0.372,0.467768,14773.5,14773.5,6910.57,9.6007,8983.75,HIGH
POL004550,0,0,0.5,0.420663,6095.95,6095.95,2564.34,8.7155,3333.64,MODERATE
POL004551,0,0,1.0,0.291698,12354.16,12354.16,3603.68,9.4218,4684.78,MODERATE
POL004552,0,0,0.962,0.275194,9434.41,9434.41,2596.3,9.1522,3375.18,MODERATE
POL004553,0,0,0.5,0.575837,10280.55,10280.55,5919.92,9.2381,7695.89,HIGH
POL004554,0,0,0.5764,0.747817,13572.23,13572.23,10149.55,9.5159,13194.41,HIGH
POL004555,0,0,0.8509,0.571651,7588.79,7588.79,4338.14,8.9346,5639.58,MODERATE
POL004556,0,0,0.5,0.410562,6773.79,6773.79,2781.06,8.821,3615.38,MODERATE
POL004557,0,0,0.5,0.303435,4419.61,4419.61,1341.06,8.394,1743.38,LOW
POL004558,0,0,1.0,0.544253,11458.52,11458.52,6236.33,9.3466,8107.23,HIGH
POL004559,0,0,0.6282,0.481043,24837.3,24837.3,11947.81,10.1201,15532.15,HIGH
POL004560,0,0,1.0,0.499422,9578.06,9578.06,4783.5,9.1673,6218.55,MODERATE
POL004561,0,0,0.5,0.594982,9138.62,9138.62,5437.31,9.1204,7068.51,MODERATE
POL004562,0,0,0.5,0.82139,14756.04,14756.04,12120.46,9.5995,15756.6,VERY_HIGH
POL004563,0,0,0.25,0.319575,4433.32,4433.32,1416.78,8.3971,1841.81,LOW
POL004564,0,0,0.1772,0.407105,68362.17,68362.17,27830.55,11.1326,36179.71,VERY_HIGH
POL004565,0,0,0.3782,0.307104,9696.72,9696.72,2977.9,9.1796,3871.27,MODERATE
POL004566,0,0,0.5,0.339037,9602.03,9602.03,3255.44,9.1698,4232.08,MODERATE
POL004567,0,0,0.5,0.792618,4472.15,4472.15,3544.7,8.4058,4608.12,MODERATE
POL004568,1,13860,0.9701,0.867011,28335.19,28335.19,24566.93,10.2519,31937.01,VERY_HIGH
POL004569,0,0,0.2712,0.59224,12111.84,12111.84,7173.11,9.402,9325.05,HIGH
POL004570,1,7740,0.4738,0.30467,6799.54,6799.54,2071.61,8.8248,2693.1,MODERATE
POL004571,0,0,0.5,0.281451,4067.95,4067.95,1144.93,8.3111,1488.41,LOW
POL004572,0,0,1.0,0.83823,6485.92,6485.92,5436.69,8.7775,7067.7,MODERATE
POL004573,0,0,1.0,0.247615,2229.31,2229.31,552.01,7.7099,717.61,LOW
POL004574,0,0,0.3141,0.728142,17282.56,17282.56,12584.17,9.7575,16359.42,VERY_HIGH
POL004575,0,0,1.0,0.186874,9739.36,9739.36,1820.04,9.184,2366.05,MODERATE
POL004576,0,0,0.5776,0.41799,12726.25,12726.25,5319.45,9.4515,6915.28,MODERATE
POL004577,0,0,0.8773,0.788832,4684.44,4684.44,3695.24,8.4522,4803.81,MODERATE
POL004578,0,0,0.5784,0.332588,20988.04,20988.04,6980.36,9.9518,9074.47,HIGH
POL004579,0,0,1.0,0.349823,9332.91,9332.91,3264.87,9.1414,4244.33,MODERATE
POL004580,0,0,0.8428,0.412281,5174.24,5174.24,2133.24,8.5516,2773.21,MODERATE
POL004581,0,0,0.5,0.215272,9800.9,9800.9,2109.86,9.1903,2742.82,MODERATE
POL004582,0,0,0.5,0.224679,3894.57,3894.57,875.03,8.2676,1137.53,LOW
POL004583,1,11252,0.4694,0.325708,7422.84,7422.84,2417.68,8.9125,3142.99,MODERATE
POL004584,0,0,0.3253,0.578726,10692.91,10692.91,6188.27,9.2774,8044.75,HIGH
POL004585,0,0,0.8365,0.513383,4580.75,4580.75,2351.68,8.4298,3057.18,MODERATE
POL004586,0,0,0.355,0.226007,7230.82,7230.82,1634.22,8.8862,2124.48,LOW
POL004587,0,0,1.0,0.715308,3712.84,3712.84,2655.83,8.2198,3452.57,MODERATE
POL004588,0,0,1.0,0.306343,5978.2,5978.2,1831.38,8.696,2380.79,MODERATE
POL004589,0,0,1.0,0.672115,7859.52,7859.52,5282.5,8.9696,6867.25,MODERATE
POL004590,0,0,0.5,0.449645,18870.01,18870.01,8484.8,9.8454,11030.24,HIGH
POL004591,0,0,0.5,0.415571,12843.12,12843.12,5337.23,9.4606,6938.4,MODERATE
POL004592,0,0,0.5373,0.71827,34850.02,34850.02,25031.71,10.4588,32541.22,VERY_HIGH
POL004593,0,0,0.3582,0.303644,11718.29,11718.29,3558.19,9.369,4625.65,MODERATE
POL004594,0,0,0.2804,0.303633,12383.48,12383.48,3760.03,9.4242,4888.04,MODERATE
POL004595,0,0,1.0,0.547217,4580.05,4580.05,2506.28,8.4297,3258.17,MODERATE
POL004596,0,0,0.5,0.395724,15988.3,15988.3,6326.95,9.6797,8225.04,HIGH
POL004597,0,0,1.0,0.699666,7914.59,7914.59,5537.57,8.9766,7198.84,HIGH
POL004598,0,0,0.465,0.722282,20598.22,20598.22,14877.72,9.933,19341.04,VERY_HIGH
POL004599,0,0,0.7636,0.258296,2733.08,2733.08,705.94,7.9136,917.73,LOW
POL004600,0,0,1.0,0.705367,4854.28,4854.28,3424.05,8.4878,4451.27,MODERATE
POL004601,0,0,0.2072,0.208494,23498.78,23498.78,4899.36,10.0647,6369.16,MODERATE
POL004602,0,0,0.7655,0.143509,7390.62,7390.62,1060.62,8.9081,1378.81,LOW
POL004603,0,0,0.791,0.354333,12605.53,12605.53,4466.56,9.442,5806.52,MODERATE
POL004604,0,0,0.4095,0.536707,15294.84,15294.84,8208.85,9.6353,10671.51,HIGH
POL004605,0,0,0.5582,0.306926,6907.33,6907.33,2120.04,8.8405,2756.05,MODERATE
POL004606,0,0,1.0,0.716519,19518.1,19518.1,13985.09,9.8791,18180.61,VERY_HIGH
POL004607,0,0,0.25,0.456578,5289.45,5289.45,2415.05,8.5737,3139.56,MODERATE
POL004608,0,0,1.0,0.326597,24578.61,24578.61,8027.29,10.1097,10435.48,HIGH
POL004609,0,0,0.8316,0.204403,12420.46,12420.46,2538.77,9.4272,3300.41,MODERATE
POL004610,0,0,0.25,0.57062,9983.1,9983.1,5696.56,9.2087,7405.52,HIGH
POL004611,0,0,0.9778,0.576723,6347.5,6347.5,3660.75,8.756,4758.97,MODERATE
POL004612,1,3708,1.0,0.286184,7286.68,7286.68,2085.33,8.8939,2710.93,MODERATE
POL004613,0,0,0.5,0.564314,16317.14,16317.14,9208.0,9.7,11970.4,HIGH
POL004614,1,1069,0.5265,0.655649,1343.81,1343.81,881.07,7.204,1145.39,LOW
POL004615,0,0,1.0,0.168936,9315.33,9315.33,1573.7,9.1395,2045.81,LOW
POL004616,0,0,0.7617,0.631009,7290.47,7290.47,4600.36,8.8945,5980.47,MODERATE
POL004617,0,0,0.5,0.225497,15288.58,15288.58,3447.52,9.6349,4481.78,MODERATE
POL004618,0,0,1.0,0.446267,9057.97,9057.97,4042.27,9.1115,5254.96,MODERATE
POL004619,1,6112,0.25,0.533144,5010.43,5010.43,2671.28,8.5195,3472.66,MODERATE
POL004620,0,0,0.6307,0.494742,19819.08,19819.08,9805.33,9.8945,12746.93,HIGH
POL004621,0,0,0.9944,0.559036,8071.85,8071.85,4512.45,8.9963,5866.19,MODERATE
POL004622,0,0,0.9627,0.226953,18397.2,18397.2,4175.31,9.82,5427.9,MODERATE
POL004623,0,0,0.5365,0.527403,5301.35,5301.35,2795.95,8.5759,3634.73,MODERATE
POL004624,1,9771,0.25,0.86544,8814.37,8814.37,7628.31,9.0843,9916.8,HIGH
POL004625,0,0,1.0,0.348527,9627.14,9627.14,3355.32,9.1724,4361.92,MODERATE
POL004626,0,0,1.0,0.143693,7562.5,7562.5,1086.68,8.9311,1412.69,LOW
POL004627,0,0,1.0,0.296303,14834.3,14834.3,4395.45,9.6048,5714.08,MODERATE
POL004628,0,0,0.25,0.236917,7814.74,7814.74,1851.45,8.9639,2406.88,MODERATE
POL004629,0,0,0.2953,0.532463,11293.59,11293.59,6013.42,9.3321,7817.45,HIGH
POL004630,0,0,0.25,0.291952,6579.44,6579.44,1920.88,8.7919,2497.14,MODERATE
POL004631,0,0,0.7601,0.722639,12833.98,12833.98,9274.33,9.4599,12056.63,HIGH
POL004632,1,21533,0.3071,0.531512,8409.92,8409.92,4469.97,9.0373,5810.96,MODERATE
POL004633,1,4432,1.0,0.491144,4559.03,4559.03,2239.14,8.4251,2910.89,MODERATE
POL004634,0,0,0.7163,0.42888,4716.23,4716.23,2022.7,8.459,2629.51,MODERATE
POL004635,0,0,0.8973,0.320871,5903.59,5903.59,1894.29,8.6835,2462.58,MODERATE
POL004636,0,0,1.0,0.554734,13281.83,13281.83,7367.88,9.4942,9578.24,HIGH
POL004637,0,0,0.5,0.476931,3831.29,3831.29,1827.26,8.2512,2375.44,MODERATE
POL004638,0,0,0.5,0.189412,4710.11,4710.11,892.15,8.4577,1159.8,LOW
POL004639,0,0,0.25,0.34002,9236.15,9236.15,3140.47,9.131,4082.61,MODERATE
POL004640,0,0,1.0,0.353282,14250.94,14250.94,5034.6,9.5646,6544.98,MODERATE
POL004641,0,0,1.0,0.438359,7559.69,7559.69,3313.86,8.9307,4308.01,MODERATE
POL004642,0,0,1.0,0.404143,7282.9,7282.9,2943.33,8.8934,3826.33,MODERATE
POL004643,0,0,0.8091,0.511899,10678.94,10678.94,5466.54,9.2761,7106.5,MODERATE
POL004644,0,0,1.0,0.458107,5321.19,5321.19,2437.67,8.5796,3168.98,MODERATE
POL004645,0,0,1.0,0.822132,5477.84,5477.84,4503.5,8.6086,5854.56,MODERATE
POL004646,0,0,0.188,0.414165,11063.79,11063.79,4582.24,9.3115,5956.91,MODERATE
POL004647,1,7464,0.7061,0.781669,19012.36,19012.36,14861.37,9.8529,19319.78,VERY_HIGH
POL004648,0,0,1.0,0.22318,9737.48,9737.48,2173.21,9.1838,2825.17,MODERATE
POL004649,0,0,0.5,0.325357,6072.6,6072.6,1975.76,8.7117,2568.49,MODERATE
POL004650,0,0,0.5,0.368133,5840.11,5840.11,2149.94,8.6727,2794.92,MODERATE
POL004651,0,0,0.9679,0.319355,3673.34,3673.34,1173.1,8.2091,1525.03,LOW
POL004652,0,0,1.0,0.586506,6095.73,6095.73,3575.18,8.7155,4647.73,MODERATE
POL004653,0,0,0.25,0.306497,8056.33,8056.33,2469.24,8.9943,3210.02,MODERATE
POL004654,0,0,0.25,0.657906,15001.82,15001.82,9869.78,9.616,12830.72,HIGH
POL004655,0,0,1.0,0.320782,5599.3,5599.3,1796.16,8.6306,2335.0,LOW
POL004656,0,0,1.0,0.449838,5536.06,5536.06,2490.33,8.6192,3237.43,MODERATE
POL004657,0,0,0.9386,0.727189,20580.09,20580.09,14965.61,9.9321,19455.29,VERY_HIGH
POL004658,0,0,0.9463,0.275923,4744.07,4744.07,1309.0,8.4649,1701.7,LOW
POL004659,0,0,0.7138,0.168513,4263.81,4263.81,718.51,8.3582,934.06,LOW
POL004660,0,0,1.0,0.837076,8152.09,8152.09,6823.92,9.0062,8871.09,HIGH
POL004661,1,4667,0.5,0.300832,5817.48,5817.48,1750.08,8.6688,2275.11,LOW
POL004662,0,0,0.8856,0.428288,13742.77,13742.77,5885.86,9.5283,7651.62,HIGH
POL004663,0,0,1.0,0.351895,3382.59,3382.59,1190.32,8.1267,1547.41,LOW
POL004664,0,0,1.0,0.346441,22169.31,22169.31,7680.36,10.0065,9984.47,HIGH
POL004665,0,0,0.5272,0.369769,13091.49,13091.49,4840.83,9.4798,6293.07,MODERATE
POL004666,0,0,0.251,0.694409,7375.95,7375.95,5121.93,8.9061,6658.51,MODERATE
POL004667,0,0,0.6009,0.353089,7661.59,7661.59,2705.22,8.9441,3516.79,MODERATE
POL004668,0,0,0.6132,0.297832,24932.45,24932.45,7425.68,10.124,9653.38,HIGH
POL004669,0,0,0.5,0.326494,6840.82,6840.82,2233.49,8.8308,2903.54,MODERATE
POL004670,0,0,0.7093,0.483142,15766.09,15766.09,7617.27,9.6657,9902.45,HIGH
POL004671,0,0,0.5,0.256773,3160.72,3160.72,811.59,8.0589,1055.07,LOW
POL004672,1,20733,0.8964,0.861535,17812.63,17812.63,15346.21,9.7877,19950.07,VERY_HIGH
POL004673,0,0,1.0,0.440643,34384.94,34384.94,15151.49,10.4454,19696.93,VERY_HIGH
POL004674,0,0,1.0,0.433571,6628.11,6628.11,2873.75,8.7992,3735.88,MODERATE
POL004675,0,0,1.0,0.468034,6946.02,6946.02,3250.98,8.8461,4226.27,MODERATE
POL004676,0,0,0.9589,0.402024,7771.27,7771.27,3124.24,8.9583,4061.51,MODERATE
POL004677,0,0,0.7213,0.39887,7026.82,7026.82,2802.78,8.8576,3643.62,MODERATE
POL004678,0,0,0.422,0.420269,10809.04,10809.04,4542.71,9.2882,5905.52,MODERATE
POL004679,1,22812,0.1653,0.326119,11995.44,11995.44,3911.94,9.3924,5085.52,MODERATE
POL004680,0,0,0.2598,0.499717,22680.24,22680.24,11333.71,10.0293,14733.82,HIGH
POL004681,0,0,1.0,0.1373,4949.89,4949.89,679.62,8.5073,883.51,LOW
POL004682,0,0,0.25,0.410093,14342.64,14342.64,5881.82,9.5711,7646.37,HIGH
POL004683,0,0,0.4261,0.401104,69012.71,69012.71,27681.28,11.1421,35985.67,VERY_HIGH
POL004684,0,0,0.9596,0.150833,5563.31,5563.31,839.13,8.6241,1090.87,LOW
POL004685,0,0,1.0,0.247773,6226.77,6226.77,1542.82,8.7368,2005.67,LOW
POL004686,0,0,0.25,0.430032,3395.87,3395.87,1460.33,8.1306,1898.43,LOW
POL004687,0,0,1.0,0.447276,4563.39,4563.39,2041.1,8.426,2653.42,MODERATE
POL004688,0,0,1.0,0.48798,13172.03,13172.03,6427.69,9.4859,8356.0,HIGH
POL004689,1,11136,0.1174,0.762535,13731.14,13731.14,10470.48,9.5275,13611.62,HIGH
POL004690,0,0,0.7431,0.207937,12534.72,12534.72,2606.43,9.4363,3388.36,MODERATE
POL004691,0,0,0.25,0.288389,6958.95,6958.95,2006.88,8.8479,2608.95,MODERATE
POL004692,0,0,0.25,0.151091,2927.57,2927.57,442.33,7.9823,575.03,LOW
POL004693,0,0,0.5,0.264191,11027.87,11027.87,2913.47,9.3083,3787.51,MODERATE
POL004694,0,0,1.0,0.330243,9306.44,9306.44,3073.39,9.1386,3995.4,MODERATE
POL004695,0,0,0.3036,0.23931,12618.54,12618.54,3019.74,9.443,3925.66,MODERATE
POL004696,0,0,0.5,0.241809,6471.94,6471.94,1564.97,8.7754,2034.46,LOW
POL004697,0,0,0.2527,0.270584,11233.19,11233.19,3039.53,9.3267,3951.38,MODERATE
POL004698,0,0,0.9711,0.772574,22240.77,22240.77,17182.64,10.0097,22337.43,VERY_HIGH
POL004699,0,0,0.5243,0.131621,11259.02,11259.02,1481.93,9.329,1926.5,LOW
POL004700,0,0,1.0,0.310336,2984.46,2984.46,926.18,8.0015,1204.04,LOW
POL004701,1,17787,0.5265,0.749422,17871.78,17871.78,13393.5,9.791,17411.55,VERY_HIGH
POL004702,1,8135,0.5,0.241801,16186.63,16186.63,3913.95,9.692,5088.13,MODERATE
POL004703,1,2435,0.2819,0.583333,11846.58,11846.58,6910.49,9.3799,8983.64,HIGH
POL004704,0,0,0.1175,0.484942,30564.38,30564.38,14821.95,10.3276,19268.54,VERY_HIGH
POL004705,1,7514,0.4452,0.790773,7969.8,7969.8,6302.3,8.9835,8193.0,HIGH
POL004706,1,7362,0.9675,0.66984,7492.53,7492.53,5018.79,8.9218,6524.43,MODERATE
POL004707,0,0,0.5981,0.394889,15524.04,15524.04,6130.27,9.6502,7969.35,HIGH
POL004708,0,0,0.4822,0.539489,7740.9,7740.9,4176.13,8.9544,5428.97,MODERATE
POL004709,0,0,1.0,0.313615,5415.09,5415.09,1698.25,8.5971,2207.73,LOW
POL004710,0,0,0.4797,0.489447,32381.82,32381.82,15849.19,10.3854,20603.95,VERY_HIGH
POL004711,0,0,1.0,0.588813,5098.45,5098.45,3002.03,8.5369,3902.64,MODERATE
POL004712,0,0,0.9838,0.463138,5442.16,5442.16,2520.47,8.6021,3276.61,MODERATE
POL004713,0,0,1.0,0.587241,4906.33,4906.33,2881.2,8.4985,3745.56,MODERATE
POL004714,0,0,0.4371,0.478322,5274.94,5274.94,2523.12,8.5709,3280.05,MODERATE
POL004715,0,0,0.4235,0.190097,2972.87,2972.87,565.13,7.9976,734.67,LOW
POL004716,0,0,0.6927,0.494456,4221.39,4221.39,2087.29,8.3482,2713.48,MODERATE
POL004717,1,2920,0.8657,0.748355,5961.99,5961.99,4461.69,8.6933,5800.19,MODERATE
POL004718,0,0,0.878,0.49497,11763.07,11763.07,5822.37,9.3728,7569.08,HIGH
POL004719,1,9149,0.5,0.443597,4920.36,4920.36,2182.66,8.5013,2837.46,MODERATE
POL004720,0,0,0.8043,0.209894,6660.1,6660.1,1397.92,8.804,1817.29,LOW
POL004721,0,0,0.7147,0.225883,9371.0,9371.0,2116.75,9.1455,2751.77,MODERATE
POL004722,0,0,0.5,0.274705,10153.22,10153.22,2789.14,9.2256,3625.89,MODERATE
POL004723,0,0,1.0,0.493425,12115.95,12115.95,5978.31,9.4024,7771.8,HIGH
POL004724,0,0,1.0,0.403562,4290.55,4290.55,1731.5,8.3644,2250.95,LOW
POL004725,0,0,0.5147,0.768201,17859.03,17859.03,13719.32,9.7903,17835.11,VERY_HIGH
POL004726,0,0,0.7389,0.710803,5979.1,5979.1,4249.96,8.6962,5524.95,MODERATE
POL004727,1,16462,0.2579,0.453086,14113.27,14113.27,6394.52,9.5549,8312.87,HIGH
POL004728,0,0,0.6284,0.267227,60067.23,60067.23,16051.6,11.0032,20867.08,VERY_HIGH
POL004729,0,0,0.2592,0.819524,12706.61,12706.61,10413.37,9.45,13537.38,HIGH
POL004730,0,0,0.9075,0.830463,5319.0,5319.0,4417.23,8.5792,5742.4,MODERATE
POL004731,0,0,0.5,0.578882,7309.01,7309.01,4231.05,8.897,5500.37,MODERATE
POL004732,0,0,1.0,0.377519,5803.59,5803.59,2190.96,8.6664,2848.25,MODERATE
POL004733,0,0,0.9249,0.331317,7187.37,7187.37,2381.3,8.8802,3095.69,MODERATE
POL004734,0,0,1.0,0.295467,10549.59,10549.59,3117.06,9.2639,4052.18,MODERATE
POL004735,1,1188508,0.1624,0.218122,120580.23,120580.23,26301.2,11.7001,34191.55,VERY_HIGH
POL004736,0,0,0.9692,0.281131,5258.84,5258.84,1478.43,8.5679,1921.95,LOW
POL004737,0,0,0.5,0.383572,11479.75,11479.75,4403.31,9.3484,5724.31,MODERATE
POL004738,0,0,1.0,0.714747,9240.94,9240.94,6604.93,9.1315,8586.41,HIGH
POL004739,1,17682,0.2395,0.882683,12214.02,12214.02,10781.11,9.4104,14015.44,HIGH
POL004740,1,5000000,0.1985,0.516027,31677.1,31677.1,16346.24,10.3634,21250.12,VERY_HIGH
POL004741,0,0,0.9597,0.689993,8160.46,8160.46,5630.66,9.0072,7319.86,HIGH
POL004742,0,0,0.9055,0.220157,5841.11,5841.11,1285.96,8.6728,1671.75,LOW
POL004743,0,0,1.0,0.394633,6290.66,6290.66,2482.5,8.747,3227.25,MODERATE
POL004744,0,0,0.2667,0.221505,6136.55,6136.55,1359.28,8.7222,1767.06,LOW
POL004745,0,0,0.209,0.160797,55245.23,55245.23,8883.29,10.9196,11548.28,HIGH
POL004746,0,0,0.5,0.479724,32086.51,32086.51,15392.66,10.3762,20010.45,VERY_HIGH
POL004747,0,0,0.8506,0.186245,5995.14,5995.14,1116.56,8.6989,1451.53,LOW
POL004748,0,0,0.2122,0.302902,10147.13,10147.13,3073.59,9.225,3995.67,MODERATE
POL004749,0,0,0.6521,0.350427,8302.41,8302.41,2909.38,9.0244,3782.2,MODERATE
POL004750,1,39119,1.0,0.878414,17505.35,17505.35,15376.94,9.7703,19990.02,VERY_HIGH
POL004751,0,0,0.5,0.719394,11078.35,11078.35,7969.7,9.3128,10360.61,HIGH
POL004752,0,0,0.3461,0.407027,4080.11,4080.11,1660.72,8.3141,2158.93,LOW
POL004753,0,0,0.6235,0.401146,12423.62,12423.62,4983.69,9.4274,6478.8,MODERATE
POL004754,0,0,1.0,0.406626,6628.6,6628.6,2695.36,8.7993,3503.97,MODERATE
POL004755,1,1739,0.5,0.423284,16699.21,16699.21,7068.51,9.7232,9189.07,HIGH
POL004756,0,0,0.4302,0.636201,42413.46,42413.46,26983.49,10.6552,35078.54,VERY_HIGH
POL004757,0,0,1.0,0.264304,13852.36,13852.36,3661.23,9.5363,4759.6,MODERATE
POL004758,0,0,0.25,0.521735,5683.23,5683.23,2965.14,8.6455,3854.69,MODERATE
POL004759,0,0,0.25,0.154516,2890.06,2890.06,446.56,7.9694,580.53,LOW
POL004760,0,0,0.359,0.45929,9615.24,9615.24,4416.19,9.1712,5741.04,MODERATE
POL004761,0,0,1.0,0.332384,5953.94,5953.94,1979.0,8.692,2572.69,MODERATE
POL004762,0,0,0.5,0.550042,3700.99,3700.99,2035.7,8.2166,2646.41,MODERATE
POL004763,0,0,0.6385,0.204469,5165.91,5165.91,1056.27,8.55,1373.15,LOW
POL004764,0,0,0.6564,0.500331,6580.56,6580.56,3292.46,8.792,4280.19,MODERATE
POL004765,0,0,0.1708,0.550868,35828.99,35828.99,19737.06,10.4865,25658.18,VERY_HIGH
POL004766,0,0,0.5,0.310051,25887.5,25887.5,8026.44,10.1616,10434.38,HIGH
POL004767,0,0,0.25,0.484222,6677.35,6677.35,3233.32,8.8066,4203.32,MODERATE
POL004768,0,0,0.3037,0.749223,14860.13,14860.13,11133.56,9.6065,14473.62,HIGH
POL004769,0,0,1.0,0.209037,5102.65,5102.65,1066.64,8.5377,1386.63,LOW
POL004770,0,0,0.6162,0.378667,11402.62,11402.62,4317.8,9.3417,5613.14,MODERATE
POL004771,0,0,0.5,0.452266,5924.89,5924.89,2679.63,8.6871,3483.51,MODERATE
POL004772,0,0,0.7869,0.720993,9584.93,9584.93,6910.67,9.1681,8983.87,HIGH
POL004773,0,0,1.0,0.335346,15395.27,15395.27,5162.74,9.6419,6711.56,MODERATE
POL004774,0,0,1.0,0.354615,6864.43,6864.43,2434.23,8.8343,3164.5,MODERATE
POL004775,0,0,0.9651,0.519933,4116.84,4116.84,2140.48,8.3231,2782.62,MODERATE
POL004776,0,0,0.1845,0.313179,9693.44,9693.44,3035.78,9.1793,3946.51,MODERATE
POL004777,0,0,0.25,0.26307,35330.12,35330.12,9294.28,10.4725,12082.57,HIGH
POL004778,0,0,0.25,0.188925,4424.65,4424.65,835.93,8.3952,1086.71,LOW
POL004779,0,0,0.3271,0.560329,11036.25,11036.25,6183.93,9.309,8039.11,HIGH
POL004780,1,14829,1.0,0.763919,7369.24,7369.24,5629.5,8.9052,7318.35,HIGH
POL004781,0,0,0.25,0.774874,4440.18,4440.18,3440.58,8.3987,4472.75,MODERATE
POL004782,1,2975,0.6498,0.734821,6723.31,6723.31,4940.43,8.8135,6422.56,MODERATE
POL004783,1,3605,0.1659,0.547547,45748.97,45748.97,25049.69,10.7309,32564.6,VERY_HIGH
POL004784,0,0,1.0,0.249054,2825.84,2825.84,703.79,7.9469,914.92,LOW
POL004785,0,0,0.5,0.566898,4115.97,4115.97,2333.33,8.3229,3033.33,MODERATE
POL004786,1,4695,0.6237,0.491001,12076.91,12076.91,5929.77,9.3991,7708.71,HIGH
POL004787,0,0,0.25,0.397881,10533.5,10533.5,4191.08,9.2624,5448.4,MODERATE
POL004788,0,0,0.3465,0.160323,55464.6,55464.6,8892.25,10.9235,11559.92,HIGH
POL004789,0,0,0.6916,0.483513,3385.03,3385.03,1636.71,8.1274,2127.72,LOW
POL004790,1,6575,0.5,0.462683,6553.13,6553.13,3032.02,8.7879,3941.63,MODERATE
POL004791,0,0,0.9336,0.279522,5470.7,5470.7,1529.18,8.6073,1987.93,LOW
POL004792,0,0,1.0,0.350091,4313.08,4313.08,1509.97,8.3696,1962.96,LOW
POL004793,0,0,0.1456,0.289997,13263.73,13263.73,3846.44,9.4929,5000.37,MODERATE
POL004794,0,0,0.25,0.362102,13742.29,13742.29,4976.11,9.5283,6468.95,MODERATE
POL004795,0,0,1.0,0.444624,242654.49,242654.49,107890.0,12.3994,140256.99,VERY_HIGH
POL004796,0,0,0.5,0.625871,9736.45,9736.45,6093.76,9.1837,7921.89,HIGH
POL004797,0,0,0.4584,0.546119,5081.92,5081.92,2775.34,8.5336,3607.94,MODERATE
POL004798,0,0,0.5,0.415902,8254.99,8254.99,3433.27,9.0187,4463.24,MODERATE
POL004799,0,0,0.2706,0.403755,9538.42,9538.42,3851.18,9.1632,5006.54,MODERATE
POL004800,0,0,0.25,0.50569,49478.29,49478.29,25020.67,10.8093,32526.88,VERY_HIGH
POL004801,0,0,0.5,0.651037,7887.76,7887.76,5135.23,8.9732,6675.79,MODERATE
POL004802,0,0,0.6975,0.272067,10276.85,10276.85,2795.99,9.2377,3634.79,MODERATE
POL004803,0,0,0.4039,0.94947,52841.91,52841.91,50171.82,10.8751,65223.37,VERY_HIGH
POL004804,0,0,0.2752,0.202481,17921.99,17921.99,3628.86,9.7938,4717.52,MODERATE
POL004805,0,0,0.8407,0.582567,7009.91,7009.91,4083.75,8.8552,5308.87,MODERATE
POL004806,0,0,0.103,0.22896,22694.88,22694.88,5196.22,10.0299,6755.09,MODERATE
POL004807,0,0,0.5,0.371492,12183.76,12183.76,4526.17,9.4079,5884.02,MODERATE
POL004808,0,0,0.5,0.341539,9766.24,9766.24,3335.55,9.1868,4336.22,MODERATE
POL004809,0,0,1.0,0.344533,7329.52,7329.52,2525.26,8.8998,3282.84,MODERATE
POL004810,0,0,0.25,0.85844,24199.79,24199.79,20774.06,10.0941,27006.28,VERY_HIGH
POL004811,0,0,0.3736,0.483989,5089.29,5089.29,2463.16,8.5351,3202.11,MODERATE
POL004812,0,0,0.9617,0.406197,6246.89,6246.89,2537.47,8.74,3298.71,MODERATE
POL004813,0,0,1.0,0.24268,4637.92,4637.92,1125.53,8.4422,1463.19,LOW
POL004814,0,0,0.5,0.220376,7026.84,7026.84,1548.54,8.8576,2013.11,LOW
POL004815,0,0,0.5,0.39264,14051.83,14051.83,5517.31,9.5506,7172.51,HIGH
POL004816,0,0,0.4577,0.300755,12103.75,12103.75,3640.26,9.4014,4732.34,MODERATE
POL004817,0,0,1.0,0.379394,15681.91,15681.91,5949.62,9.6603,7734.51,HIGH
POL004818,1,5884,0.5628,0.2332,7742.99,7742.99,1805.67,8.9547,2347.37,MODERATE
POL004819,0,0,0.5,0.273292,25598.49,25598.49,6995.87,10.1503,9094.63,HIGH
POL004820,0,0,1.0,0.180202,5314.7,5314.7,957.72,8.5784,1245.04,LOW
POL004821,0,0,1.0,0.29507,4567.24,4567.24,1347.66,8.4269,1751.96,LOW
POL004822,0,0,1.0,0.319636,7912.96,7912.96,2529.27,8.9764,3288.05,MODERATE
POL004823,0,0,0.6845,0.477951,3243.45,3243.45,1550.21,8.0847,2015.28,LOW
POL004824,0,0,1.0,0.507247,5213.81,5213.81,2644.69,8.5593,3438.1,MODERATE
POL004825,0,0,0.1581,0.441557,7389.37,7389.37,3262.83,8.9079,4241.68,MODERATE
POL004826,1,4041,0.6766,0.602375,4401.57,4401.57,2651.39,8.3899,3446.81,MODERATE
POL004827,0,0,0.5,0.755315,13102.72,13102.72,9896.69,9.4807,12865.69,HIGH
POL004828,0,0,1.0,0.291528,4696.68,4696.68,1369.21,8.4548,1779.98,LOW
POL004829,0,0,0.2319,0.496978,16118.81,16118.81,8010.68,9.6878,10413.89,HIGH
POL004830,0,0,0.4447,0.416782,25047.56,25047.56,10439.37,10.1286,13571.18,HIGH
POL004831,0,0,1.0,0.439716,5715.18,5715.18,2513.06,8.6511,3266.97,MODERATE
POL004832,0,0,0.25,0.644589,17090.13,17090.13,11016.11,9.7463,14320.94,HIGH
POL004833,0,0,0.5,0.263625,14171.74,14171.74,3736.03,9.5591,4856.83,MODERATE
POL004834,0,0,0.7303,0.407806,8624.74,8624.74,3517.22,9.0625,4572.38,MODERATE
POL004835,0,0,0.5334,0.22671,27006.17,27006.17,6122.57,10.2039,7959.34,HIGH
POL004836,0,0,0.5,0.327634,4667.68,4667.68,1529.29,8.4486,1988.08,LOW
POL004837,0,0,0.2444,0.337184,7533.8,7533.8,2540.28,8.9273,3302.36,MODERATE
POL004838,0,0,0.2311,0.433264,5732.03,5732.03,2483.48,8.654,3228.53,MODERATE
POL004839,0,0,1.0,0.477204,15172.4,15172.4,7240.33,9.6273,9412.44,HIGH
POL004840,0,0,0.2757,0.197043,22361.34,22361.34,4406.14,10.0151,5727.98,MODERATE
POL004841,0,0,0.9255,0.425057,4987.59,4987.59,2120.01,8.5149,2756.01,MODERATE
POL004842,0,0,1.0,0.490278,4129.61,4129.61,2024.66,8.3262,2632.06,MODERATE
POL004843,0,0,0.8064,0.373446,5614.47,5614.47,2096.7,8.6333,2725.71,MODERATE
POL004844,0,0,0.5,0.117994,19230.93,19230.93,2269.13,9.8643,2949.88,MODERATE
POL004845,0,0,0.795,0.409521,4651.47,4651.47,1904.87,8.4452,2476.34,MODERATE
POL004846,0,0,1.0,0.757931,4699.07,4699.07,3561.57,8.4553,4630.04,MODERATE
POL004847,0,0,0.2959,0.302607,10113.59,10113.59,3060.44,9.2217,3978.57,MODERATE
POL004848,1,10925,0.5361,0.839219,6402.36,6402.36,5372.98,8.7646,6984.88,MODERATE
POL004849,0,0,1.0,0.581754,5127.17,5127.17,2982.75,8.5425,3877.57,MODERATE
POL004850,0,0,1.0,0.445558,5586.48,5586.48,2489.1,8.6283,3235.83,MODERATE
POL004851,0,0,0.5674,0.357721,17208.75,17208.75,6155.93,9.7532,8002.7,HIGH
POL004852,0,0,0.5,0.390775,34478.75,34478.75,13473.42,10.4481,17515.44,VERY_HIGH
POL004853,0,0,0.6081,0.301793,21249.52,21249.52,6412.95,9.9641,8336.83,HIGH
POL004854,0,0,0.9705,0.548703,3804.0,3804.0,2087.26,8.2441,2713.44,MODERATE
POL004855,0,0,0.5,0.318264,4614.08,4614.08,1468.49,8.4371,1909.04,LOW
POL004856,0,0,1.0,0.681495,7341.96,7341.96,5003.51,8.9015,6504.57,MODERATE
POL004857,1,5301,0.25,0.595779,9650.51,9650.51,5749.57,9.1749,7474.44,HIGH
POL004858,0,0,0.7565,0.459861,5566.85,5566.85,2559.98,8.6248,3327.97,MODERATE
POL004859,0,0,1.0,0.188467,10149.67,10149.67,1912.88,9.2253,2486.75,MODERATE
POL004860,0,0,1.0,0.616984,11591.4,11591.4,7151.71,9.3581,9297.22,HIGH
POL004861,0,0,1.0,0.225241,11143.54,11143.54,2509.98,9.3187,3262.98,MODERATE
POL004862,0,0,0.5245,0.142748,33592.67,33592.67,4795.3,10.4221,6233.89,MODERATE
POL004863,0,0,0.4339,0.276655,5654.02,5654.02,1564.21,8.6403,2033.48,LOW
POL004864,0,0,0.3856,0.232408,10688.89,10688.89,2484.18,9.2771,3229.44,MODERATE
POL004865,0,0,0.7423,0.19384,6204.31,6204.31,1202.64,8.7332,1563.44,LOW
POL004866,0,0,0.8679,0.180994,4175.45,4175.45,755.73,8.3372,982.45,LOW
POL004867,0,0,1.0,0.275641,5155.67,5155.67,1421.11,8.548,1847.45,LOW
POL004868,0,0,0.4864,0.431674,4943.06,4943.06,2133.79,8.5059,2773.93,MODERATE
POL004869,0,0,1.0,0.593325,6275.14,6275.14,3723.2,8.7445,4840.16,MODERATE
POL004870,0,0,0.5353,0.289741,13248.06,13248.06,3838.51,9.4917,4990.07,MODERATE
POL004871,0,0,0.4366,0.169316,14516.71,14516.71,2457.9,9.5831,3195.28,MODERATE
POL004872,0,0,0.25,0.482409,19366.41,19366.41,9342.53,9.8713,12145.29,HIGH
POL004873,0,0,0.5,0.360702,4250.94,4250.94,1533.32,8.3551,1993.32,LOW
POL004874,0,0,0.9175,0.430722,14464.4,14464.4,6230.14,9.5795,8099.19,HIGH
POL004875,0,0,1.0,0.450335,3940.07,3940.07,1774.35,8.2792,2306.66,LOW
POL004876,0,0,1.0,0.291103,15511.98,15511.98,4515.58,9.6494,5870.25,MODERATE
POL004877,0,0,0.283,0.449136,7654.73,7654.73,3438.01,8.9432,4469.42,MODERATE
POL004878,0,0,1.0,0.854171,5583.2,5583.2,4769.01,8.6277,6199.71,MODERATE
POL004879,0,0,0.5,0.576777,4270.37,4270.37,2463.05,8.3597,3201.97,MODERATE
POL004880,0,0,1.0,0.371369,6662.02,6662.02,2474.07,8.8043,3216.29,MODERATE
POL004881,1,7192,0.4807,0.299819,12097.12,12097.12,3626.94,9.4008,4715.02,MODERATE
POL004882,0,0,0.9737,0.476559,3445.51,3445.51,1641.99,8.1451,2134.58,LOW
POL004883,0,0,1.0,0.172274,3142.41,3142.41,541.36,8.0531,703.76,LOW
POL004884,0,0,0.9352,0.388393,4493.45,4493.45,1745.22,8.4106,2268.79,LOW
POL004885,0,0,0.3695,0.375058,9394.18,9394.18,3523.37,9.148,4580.38,MODERATE
POL004886,0,0,1.0,0.801382,7612.04,7612.04,6100.15,8.9376,7930.19,HIGH
POL004887,1,5748,0.555,0.491554,5082.92,5082.92,2498.53,8.5338,3248.09,MODERATE
POL004888,0,0,1.0,0.581236,5755.45,5755.45,3345.28,8.6581,4348.86,MODERATE
POL004889,1,2775,0.6339,0.779842,10162.0,10162.0,7924.75,9.2265,10302.18,HIGH
POL004890,0,0,1.0,0.91302,11917.2,11917.2,10880.64,9.3858,14144.83,HIGH
POL004891,0,0,1.0,0.242929,10215.62,10215.62,2481.67,9.2318,3226.18,MODERATE
POL004892,0,0,0.2151,0.184965,12727.06,12727.06,2354.06,9.4516,3060.27,MODERATE
POL004893,0,0,1.0,0.187778,4440.37,4440.37,833.8,8.3987,1083.94,LOW
POL004894,0,0,0.3261,0.445637,14487.82,14487.82,6456.31,9.5811,8393.2,HIGH
POL004895,0,0,1.0,0.331418,2483.69,2483.69,823.14,7.8179,1070.08,LOW
POL004896,0,0,0.5,0.477216,8506.03,8506.03,4059.21,9.0486,5276.98,MODERATE
POL004897,1,2396,0.25,0.185199,6244.41,6244.41,1156.46,8.7396,1503.39,LOW
POL004898,0,0,1.0,0.466267,7866.92,7866.92,3668.08,8.9705,4768.51,MODERATE
POL004899,0,0,1.0,0.386453,3846.67,3846.67,1486.55,8.2552,1932.52,LOW
POL004900,0,0,1.0,0.172542,4009.28,4009.28,691.77,8.2966,899.3,LOW
POL004901,0,0,0.5538,0.449543,9200.2,9200.2,4135.88,9.1271,5376.64,MODERATE
POL004902,0,0,0.1417,0.254435,10663.49,10663.49,2713.17,9.2747,3527.12,MODERATE
POL004903,0,0,0.5334,0.670889,4576.41,4576.41,3070.26,8.4289,3991.34,MODERATE
POL004904,1,8208,0.5,0.441049,4471.77,4471.77,1972.27,8.4058,2563.95,MODERATE
POL004905,0,0,0.3815,0.254272,20435.54,20435.54,5196.18,9.9251,6755.03,MODERATE
POL004906,1,9723,0.25,0.406314,12079.88,12079.88,4908.22,9.3994,6380.68,MODERATE
POL004907,0,0,0.1944,0.271064,11430.47,11430.47,3098.39,9.3441,4027.9,MODERATE
POL004908,0,0,1.0,0.355457,11907.04,11907.04,4232.44,9.385,5502.17,MODERATE
POL004909,0,0,0.25,0.66298,5420.66,5420.66,3593.79,8.5982,4671.92,MODERATE
POL004910,0,0,1.0,0.152169,4047.06,4047.06,615.84,8.306,800.59,LOW
POL004911,0,0,0.7774,0.397612,6697.8,6697.8,2663.13,8.8097,3462.07,MODERATE
POL004912,0,0,0.7642,0.117497,7391.34,7391.34,868.46,8.9082,1129.0,LOW
POL004913,1,2472,1.0,0.334525,7090.13,7090.13,2371.83,8.8666,3083.38,MODERATE
POL004914,1,5486,0.5478,0.428002,5647.71,5647.71,2417.23,8.6392,3142.4,MODERATE
POL004915,0,0,0.1837,0.287355,11644.2,11644.2,3346.02,9.3626,4349.83,MODERATE
POL004916,0,0,1.0,0.229366,6333.01,6333.01,1452.58,8.7537,1888.35,LOW
POL004917,0,0,0.5,0.466909,17527.67,17527.67,8183.83,9.7716,10638.97,HIGH
POL004918,0,0,0.5,0.379464,11115.29,11115.29,4217.85,9.3162,5483.21,MODERATE
POL004919,0,0,0.7169,0.148044,9649.55,9649.55,1428.55,9.1748,1857.12,LOW
POL004920,0,0,0.6437,0.420997,12345.66,12345.66,5197.49,9.4211,6756.74,MODERATE
POL004921,1,13745,0.3182,0.258804,14330.59,14330.59,3708.82,9.5702,4821.47,MODERATE
POL004922,1,5871,0.5,0.75954,23809.93,23809.93,18084.59,10.0779,23509.96,VERY_HIGH
POL004923,0,0,0.5,0.951332,4727.38,4727.38,4497.3,8.4613,5846.5,MODERATE
POL004924,0,0,0.5,0.282425,13956.0,13956.0,3941.52,9.5437,5123.98,MODERATE
POL004925,0,0,0.5,0.163982,5798.81,5798.81,950.9,8.6656,1236.17,LOW
POL004926,0,0,1.0,0.256511,39923.81,39923.81,10240.91,10.5948,13313.18,HIGH
POL004927,0,0,0.8291,0.671709,4934.32,4934.32,3314.43,8.5042,4308.76,MODERATE
POL004928,1,10256,1.0,0.414555,9192.08,9192.08,3810.62,9.1262,4953.8,MODERATE
POL004929,0,0,0.7083,0.583655,9826.34,9826.34,5735.19,9.1929,7455.75,HIGH
POL004930,0,0,0.4391,0.409931,6536.89,6536.89,2679.67,8.7854,3483.58,MODERATE
POL004931,0,0,0.5,0.427471,3403.23,3403.23,1454.78,8.1328,1891.22,LOW
POL004932,0,0,0.4417,0.243138,22403.36,22403.36,5447.11,10.017,7081.24,MODERATE
POL004933,0,0,0.5,0.587333,4681.78,4681.78,2749.76,8.4516,3574.69,MODERATE
POL004934,0,0,1.0,0.601211,2794.71,2794.71,1680.21,7.9358,2184.27,LOW
POL004935,0,0,0.25,0.284442,5062.25,5062.25,1439.92,8.5298,1871.89,LOW
POL004936,0,0,0.1256,0.582977,19213.8,19213.8,11201.2,9.8634,14561.57,HIGH
POL004937,0,0,1.0,0.295192,38838.95,38838.95,11464.96,10.5672,14904.44,HIGH
POL004938,0,0,1.0,0.518788,12457.18,12457.18,6462.63,9.4301,8401.42,HIGH
POL004939,0,0,1.0,0.417933,3346.24,3346.24,1398.5,8.1159,1818.05,LOW
POL004940,0,0,1.0,0.428539,4336.91,4336.91,1858.53,8.3751,2416.09,MODERATE
POL004941,0,0,1.0,0.187027,3290.66,3290.66,615.44,8.0991,800.07,LOW
POL004942,0,0,1.0,0.276865,2972.92,2972.92,823.1,7.9976,1070.03,LOW
POL004943,0,0,0.9549,0.239874,9071.16,9071.16,2175.93,9.113,2828.71,MODERATE
POL004944,0,0,0.9602,0.439646,5081.09,5081.09,2233.88,8.5335,2904.04,MODERATE
POL004945,0,0,0.5,0.53592,3656.33,3656.33,1959.5,8.2045,2547.35,MODERATE
POL004946,1,531672,0.3796,0.856283,23270.47,23270.47,19926.12,10.055,25903.95,VERY_HIGH
POL004947,0,0,0.5,0.522429,3261.96,3261.96,1704.14,8.0904,2215.38,LOW
POL004948,0,0,1.0,0.618162,7766.48,7766.48,4800.95,8.9577,6241.23,MODERATE
POL004949,0,0,0.9792,0.356458,4105.38,4105.38,1463.4,8.3203,1902.42,LOW
POL004950,0,0,0.4598,0.11693,16575.08,16575.08,1938.13,9.7157,2519.56,MODERATE
POL004951,0,0,0.25,0.199365,5781.96,5781.96,1152.72,8.6627,1498.54,LOW
POL004952,0,0,0.5335,0.461454,11548.48,11548.48,5329.09,9.3544,6927.82,MODERATE
POL004953,0,0,1.0,0.249721,4919.93,4919.93,1228.61,8.5013,1597.19,LOW
POL004954,0,0,1.0,0.502111,8733.98,8733.98,4385.43,9.0751,5701.06,MODERATE
POL004955,0,0,0.8779,0.262965,7660.46,7660.46,2014.43,8.944,2618.76,MODERATE
POL004956,0,0,0.5,0.413641,3973.96,3973.96,1643.8,8.2878,2136.93,LOW
POL004957,1,9027,0.5541,0.717539,10431.96,10431.96,7485.34,9.2527,9730.94,HIGH
POL004958,0,0,0.6247,0.407302,9662.02,9662.02,3935.36,9.1761,5115.97,MODERATE
POL004959,0,0,0.8492,0.509051,10239.73,10239.73,5212.54,9.2341,6776.31,MODERATE
POL004960,0,0,0.1629,0.468838,8237.24,8237.24,3861.93,9.0165,5020.51,MODERATE
POL004961,1,5870,1.0,0.55422,6099.73,6099.73,3380.59,8.7162,4394.77,MODERATE
POL004962,0,0,0.5,0.308958,17921.7,17921.7,5537.05,9.7938,7198.17,HIGH
POL004963,1,7261,0.7763,0.557325,10380.74,10380.74,5785.45,9.2478,7521.08,HIGH
POL004964,0,0,0.4561,0.548561,23044.09,23044.09,12641.09,10.0452,16433.42,VERY_HIGH
POL004965,0,0,1.0,0.497436,4286.34,4286.34,2132.18,8.3634,2771.83,MODERATE
POL004966,0,0,0.3268,0.482481,11962.82,11962.82,5771.84,9.3896,7503.39,HIGH
POL004967,0,0,1.0,0.423654,5584.79,5584.79,2366.02,8.628,3075.82,MODERATE
POL004968,0,0,0.489,0.427225,4408.23,4408.23,1883.31,8.3915,2448.3,MODERATE
POL004969,0,0,1.0,0.389994,4095.1,4095.1,1597.07,8.3178,2076.18,LOW
POL004970,0,0,1.0,0.235188,4271.19,4271.19,1004.53,8.3599,1305.89,LOW
POL004971,0,0,0.5159,0.869126,5927.15,5927.15,5151.44,8.6875,6696.87,MODERATE
POL004972,0,0,1.0,0.488546,7882.64,7882.64,3851.03,8.9725,5006.34,MODERATE
POL004973,0,0,0.5134,0.264295,12601.54,12601.54,3330.53,9.4417,4329.68,MODERATE
POL004974,0,0,1.0,0.452617,4769.32,4769.32,2158.67,8.4702,2806.27,MODERATE
POL004975,0,0,0.5,0.491228,11903.44,11903.44,5847.3,9.3847,7601.49,HIGH
POL004976,0,0,0.6916,0.236078,4402.88,4402.88,1039.42,8.3902,1351.25,LOW
POL004977,0,0,1.0,0.379401,7611.82,7611.82,2887.94,8.9376,3754.32,MODERATE
POL004978,0,0,0.25,0.195071,7367.94,7367.94,1437.27,8.905,1868.45,LOW
POL004979,0,0,1.0,0.302927,16390.12,16390.12,4965.02,9.7045,6454.52,MODERATE
POL004980,0,0,0.434,0.178213,6218.78,6218.78,1108.27,8.7355,1440.75,LOW
POL004981,0,0,0.5,0.371921,7573.87,7573.87,2816.88,8.9326,3661.94,MODERATE
POL004982,0,0,0.8523,0.240528,4030.1,4030.1,969.35,8.3018,1260.16,LOW
POL004983,1,5910,0.1291,0.783319,22320.53,22320.53,17484.09,10.0133,22729.32,VERY_HIGH
POL004984,0,0,0.8513,0.449135,9824.64,9824.64,4412.59,9.1928,5736.37,MODERATE
POL004985,0,0,0.7431,0.211298,12138.75,12138.75,2564.89,9.4042,3334.36,MODERATE
POL004986,0,0,0.3499,0.519718,14234.24,14234.24,7397.78,9.5635,9617.12,HIGH
POL004987,0,0,0.3616,0.283489,29555.74,29555.74,8378.72,10.2941,10892.33,HIGH
POL004988,0,0,1.0,0.306329,4628.97,4628.97,1417.99,8.4403,1843.39,LOW
POL004989,0,0,0.5,0.672904,19246.52,19246.52,12951.06,9.8651,16836.37,VERY_HIGH
POL004990,0,0,0.5,0.69909,26906.44,26906.44,18810.02,10.2002,24453.03,VERY_HIGH
POL004991,1,15816,0.5,0.681498,23841.64,23841.64,16248.03,10.0792,21122.44,VERY_HIGH
POL004992,0,0,1.0,0.351881,5043.61,5043.61,1774.75,8.5261,2307.18,LOW
POL004993,0,0,0.3779,0.850779,11344.94,11344.94,9652.03,9.3366,12547.64,HIGH
POL004994,0,0,0.5,0.396749,4073.25,4073.25,1616.06,8.3124,2100.87,LOW
POL004995,0,0,0.5,0.370047,3553.82,3553.82,1315.08,8.1761,1709.61,LOW
POL004996,0,0,1.0,0.541366,7261.24,7261.24,3930.99,8.8904,5110.28,MODERATE
POL004997,0,0,0.3713,0.124755,31524.65,31524.65,3932.87,10.3586,5112.73,MODERATE
POL004998,0,0,0.6489,0.352051,25229.51,25229.51,8882.07,10.1358,11546.69,HIGH
POL004999,0,0,1.0,0.338889,4517.01,4517.01,1530.77,8.4158,1990.0,LOW
POL005000,1,8440,0.5,0.614405,10245.35,10245.35,6294.8,9.2347,8183.23,HIGH
POL005001,0,0,1.0,0.299376,5196.44,5196.44,1555.69,8.5559,2022.4,LOW
POL005002,0,0,0.5,0.38771,5406.07,5406.07,2095.99,8.5955,2724.79,MODERATE
POL005003,0,0,0.6227,0.287113,11907.01,11907.01,3418.66,9.385,4444.25,MODERATE
POL005004,0,0,0.2527,0.237259,14575.44,14575.44,3458.16,9.5872,4495.6,MODERATE
POL005005,0,0,1.0,0.631486,3391.9,3391.9,2141.94,8.1294,2784.52,MODERATE
POL005006,0,0,0.25,0.244341,7464.16,7464.16,1823.8,8.918,2370.94,MODERATE
POL005007,0,0,1.0,0.219574,4391.32,4391.32,964.22,8.3876,1253.49,LOW
POL005008,0,0,0.5,0.38656,17962.02,17962.02,6943.4,9.7961,9026.42,HIGH
POL005009,0,0,1.0,0.541386,6208.98,6208.98,3361.45,8.7339,4369.89,MODERATE
POL005010,0,0,1.0,0.300809,4381.55,4381.55,1318.01,8.3854,1713.41,LOW
POL005011,0,0,0.5,0.553549,8592.6,8592.6,4756.43,9.0588,6183.36,MODERATE
POL005012,0,0,1.0,0.427687,5240.73,5240.73,2241.39,8.5644,2913.81,MODERATE
POL005013,0,0,0.3756,0.633552,15695.68,15695.68,9944.03,9.6612,12927.24,HIGH
POL005014,0,0,0.5312,0.534866,7037.69,7037.69,3764.22,8.8592,4893.49,MODERATE
POL005015,0,0,0.25,0.320161,6416.48,6416.48,2054.31,8.7668,2670.6,MODERATE
POL005016,0,0,1.0,0.370631,7346.63,7346.63,2722.89,8.9021,3539.75,MODERATE
POL005017,1,11144,0.5,0.338049,19080.84,19080.84,6450.27,9.8565,8385.34,HIGH
POL005018,1,3007,1.0,0.546338,13713.75,13713.75,7492.34,9.5262,9740.04,HIGH
POL005019,0,0,0.4987,0.310047,12586.55,12586.55,3902.43,9.4405,5073.16,MODERATE
POL005020,0,0,0.2193,0.526976,18821.65,18821.65,9918.55,9.8428,12894.11,HIGH
POL005021,0,0,0.5,0.350606,5152.55,5152.55,1806.52,8.5474,2348.47,MODERATE
POL005022,0,0,1.0,0.152158,3716.65,3716.65,565.52,8.2208,735.17,LOW
POL005023,0,0,0.2376,0.273522,10214.04,10214.04,2793.77,9.2316,3631.9,MODERATE
POL005024,0,0,0.5,0.337111,10177.47,10177.47,3430.94,9.228,4460.22,MODERATE
POL005025,0,0,1.0,0.207258,7577.94,7577.94,1570.59,8.9331,2041.77,LOW
POL005026,1,5652,0.3771,0.580108,6485.99,6485.99,3762.57,8.7776,4891.34,MODERATE
POL005027,0,0,1.0,0.288383,15161.31,15161.31,4372.26,9.6266,5683.94,MODERATE
POL005028,0,0,0.6656,0.597123,30147.84,30147.84,18001.96,10.3139,23402.54,VERY_HIGH
POL005029,0,0,1.0,0.424748,7390.99,7390.99,3139.31,8.9082,4081.1,MODERATE
POL005030,0,0,1.0,0.408212,4595.64,4595.64,1876.0,8.4331,2438.8,MODERATE
POL005031,0,0,0.3795,0.241109,5308.24,5308.24,1279.87,8.5772,1663.83,LOW
POL005032,0,0,0.2654,0.573892,7951.48,7951.48,4563.29,8.9812,5932.28,MODERATE
POL005033,0,0,0.5,0.345081,4444.35,4444.35,1533.66,8.3996,1993.76,LOW
POL005034,0,0,0.4321,0.756046,10606.37,10606.37,8018.9,9.2693,10424.58,HIGH
POL005035,0,0,0.3679,0.767816,19097.32,19097.32,14663.23,9.8574,19062.2,VERY_HIGH
POL005036,0,0,0.9643,0.22679,3813.7,3813.7,864.91,8.2466,1124.38,LOW
POL005037,0,0,1.0,0.485125,7879.43,7879.43,3822.5,8.9721,4969.26,MODERATE
POL005038,0,0,0.6076,0.508267,5185.09,5185.09,2635.41,8.5537,3426.03,MODERATE
POL005039,0,0,0.3969,0.79741,18111.71,18111.71,14442.46,9.8044,18775.2,VERY_HIGH
POL005040,0,0,0.5,0.390617,15308.61,15308.61,5979.81,9.6362,7773.75,HIGH
POL005041,0,0,0.32,0.203383,10923.67,10923.67,2221.69,9.2988,2888.2,MODERATE
POL005042,1,18654,1.0,0.615618,11195.06,11195.06,6891.88,9.3233,8959.45,HIGH
POL005043,0,0,0.7431,0.366987,7675.97,7675.97,2816.98,8.946,3662.07,MODERATE
POL005044,0,0,1.0,0.428146,7671.1,7671.1,3284.35,8.9453,4269.66,MODERATE
POL005045,0,0,1.0,0.651353,8324.95,8324.95,5422.48,9.0271,7049.23,MODERATE
POL005046,0,0,1.0,0.409337,4919.24,4919.24,2013.63,8.5011,2617.72,MODERATE
POL005047,0,0,1.0,0.280294,5279.46,5279.46,1479.8,8.5718,1923.74,LOW
POL005048,1,5494,0.4468,0.451296,5062.66,5062.66,2284.76,8.5298,2970.19,MODERATE
POL005049,0,0,1.0,0.25978,6838.9,6838.9,1776.61,8.8305,2309.59,LOW
POL005050,0,0,0.8361,0.432525,7033.58,7033.58,3042.2,8.8586,3954.86,MODERATE
POL005051,0,0,1.0,0.874968,6735.61,6735.61,5893.44,8.8153,7661.47,HIGH
POL005052,0,0,1.0,0.516574,4328.28,4328.28,2235.88,8.3732,2906.64,MODERATE
POL005053,0,0,0.5,0.436714,4268.65,4268.65,1864.18,8.3593,2423.43,MODERATE
POL005054,0,0,0.25,0.669526,4673.73,4673.73,3129.19,8.4499,4067.94,MODERATE
POL005055,1,8990,0.5,0.443164,8324.4,8324.4,3689.08,9.0271,4795.8,MODERATE
POL005056,0,0,0.5,0.211187,7040.78,7040.78,1486.92,8.8596,1933.0,LOW
POL005057,0,0,0.6376,0.372581,11735.45,11735.45,4372.41,9.3705,5684.13,MODERATE
POL005058,0,0,1.0,0.4345,7473.68,7473.68,3247.31,8.9193,4221.51,MODERATE
POL005059,0,0,0.9112,0.295817,4409.53,4409.53,1304.41,8.3918,1695.74,LOW
POL005060,0,0,0.25,0.389997,13957.44,13957.44,5443.36,9.5438,7076.36,MODERATE
POL005061,0,0,1.0,0.346782,6133.85,6133.85,2127.11,8.7217,2765.24,MODERATE
POL005062,0,0,1.0,0.282712,13254.6,13254.6,3747.24,9.4922,4871.41,MODERATE
POL005063,1,676463,0.5247,0.50049,37092.15,37092.15,18564.26,10.5212,24133.53,VERY_HIGH
POL005064,0,0,0.7731,0.192973,5729.01,5729.01,1105.55,8.6535,1437.21,LOW
POL005065,0,0,1.0,0.506821,11258.81,11258.81,5706.21,9.329,7418.07,HIGH
POL005066,0,0,1.0,0.287036,3821.66,3821.66,1096.95,8.2487,1426.04,LOW
POL005067,0,0,0.25,0.316437,4123.78,4123.78,1304.92,8.3248,1696.39,LOW
POL005068,0,0,0.5,0.259856,12746.42,12746.42,3312.24,9.4531,4305.91,MODERATE
POL005069,0,0,0.25,0.24379,19331.91,19331.91,4712.93,9.8696,6126.81,MODERATE
POL005070,1,4371,0.5,0.834523,4188.99,4188.99,3495.81,8.3405,4544.55,MODERATE
POL005071,1,5501,1.0,0.781588,7019.45,7019.45,5486.32,8.8566,7132.22,MODERATE
POL005072,0,0,0.5,0.419447,7047.8,7047.8,2956.18,8.8606,3843.03,MODERATE
POL005073,0,0,0.5224,0.287855,11082.18,11082.18,3190.06,9.3132,4147.07,MODERATE
POL005074,0,0,0.2128,0.557585,5122.31,5122.31,2856.12,8.5416,3712.96,MODERATE
POL005075,0,0,0.31,0.607779,11606.51,11606.51,7054.19,9.3594,9170.45,HIGH
POL005076,0,0,0.3675,0.264605,4399.53,4399.53,1164.14,8.3895,1513.38,LOW
POL005077,0,0,0.5346,0.446013,10994.45,10994.45,4903.67,9.3052,6374.77,MODERATE
POL005078,0,0,1.0,0.43664,6524.82,6524.82,2849.0,8.7835,3703.7,MODERATE
POL005079,0,0,0.5,0.252853,17797.97,17797.97,4500.27,9.7869,5850.35,MODERATE
POL005080,1,4682,0.5,0.298437,4641.83,4641.83,1385.29,8.4431,1800.88,LOW
POL005081,0,0,0.9673,0.435156,13146.47,13146.47,5720.76,9.484,7436.99,HIGH
POL005082,0,0,0.8187,0.351781,8702.91,8702.91,3061.52,9.0715,3979.97,MODERATE
POL005083,0,0,0.3238,0.564788,27759.84,27759.84,15678.42,10.2314,20381.95,VERY_HIGH
POL005084,0,0,0.3813,0.366551,11031.92,11031.92,4043.76,9.3086,5256.89,MODERATE
POL005085,0,0,1.0,0.311564,10790.48,10790.48,3361.93,9.2865,4370.51,MODERATE
POL005086,0,0,0.2569,0.53133,17223.85,17223.85,9151.55,9.7541,11897.02,HIGH
POL005087,1,37566,0.4241,0.779831,18024.2,18024.2,14055.83,9.7995,18272.58,VERY_HIGH
POL005088,0,0,0.5,0.274646,15145.77,15145.77,4159.72,9.6255,5407.64,MODERATE
POL005089,0,0,1.0,0.228714,9801.88,9801.88,2241.83,9.1904,2914.38,MODERATE
POL005090,0,0,0.648,0.196154,34196.63,34196.63,6707.82,10.4399,8720.17,HIGH
POL005091,0,0,1.0,0.226562,8307.88,8307.88,1882.25,9.0251,2446.93,MODERATE
POL005092,0,0,0.5,0.38699,12314.2,12314.2,4765.47,9.4186,6195.11,MODERATE
POL005093,1,13368,1.0,0.640467,10422.93,10422.93,6675.54,9.2519,8678.21,HIGH
POL005094,0,0,0.25,0.338758,4432.68,4432.68,1501.6,8.397,1952.08,LOW
POL005095,0,0,0.3934,0.273632,4825.91,4825.91,1320.52,8.482,1716.68,LOW
POL005096,0,0,1.0,0.351828,5937.9,5937.9,2089.12,8.6893,2715.86,MODERATE
POL005097,0,0,1.0,0.556712,9716.01,9716.01,5409.02,9.1816,7031.72,MODERATE
POL005098,0,0,0.4003,0.399457,12600.25,12600.25,5033.26,9.4416,6543.24,MODERATE
POL005099,0,0,1.0,0.23363,8905.58,8905.58,2080.61,9.0945,2704.79,MODERATE
POL005100,0,0,0.4169,0.489265,9539.78,9539.78,4667.49,9.1633,6067.73,MODERATE
POL005101,0,0,1.0,0.61353,5088.33,5088.33,3121.84,8.5349,4058.4,MODERATE
POL005102,0,0,0.4027,0.724402,10889.2,10889.2,7888.15,9.2956,10254.6,HIGH
POL005103,0,0,0.5,0.566214,15953.07,15953.07,9032.84,9.6775,11742.69,HIGH
POL005104,0,0,0.794,0.186738,18215.7,18215.7,3401.56,9.8101,4422.03,MODERATE
POL005105,0,0,1.0,0.589361,16723.13,16723.13,9855.95,9.7246,12812.74,HIGH
POL005106,0,0,0.3164,0.684575,9401.6,9401.6,6436.1,9.1487,8366.93,HIGH
POL005107,0,0,1.0,0.319865,6397.13,6397.13,2046.21,8.7638,2660.08,MODERATE
POL005108,0,0,1.0,0.159924,15920.87,15920.87,2546.13,9.6754,3309.96,MODERATE
POL005109,0,0,0.25,0.406451,10390.56,10390.56,4223.25,9.2487,5490.23,MODERATE
POL005110,0,0,0.9528,0.237065,5970.78,5970.78,1415.46,8.6948,1840.1,LOW
POL005111,0,0,1.0,0.17921,5536.92,5536.92,992.27,8.6194,1289.95,LOW
POL005112,0,0,0.5,0.540925,5006.9,5006.9,2708.36,8.5188,3520.86,MODERATE
POL005113,0,0,0.7273,0.669458,9610.41,9610.41,6433.77,9.1707,8363.9,HIGH
POL005114,0,0,0.5,0.280412,5354.69,5354.69,1501.52,8.5859,1951.97,LOW
POL005115,0,0,0.5,0.323344,4371.52,4371.52,1413.51,8.3831,1837.56,LOW
POL005116,0,0,0.6926,0.179931,9999.2,9999.2,1799.17,9.2104,2338.92,LOW
POL005117,0,0,1.0,0.30097,4248.34,4248.34,1278.62,8.3545,1662.21,LOW
POL005118,1,3833,1.0,0.740402,6610.9,6610.9,4894.73,8.7966,6363.14,MODERATE
POL005119,1,8250,0.25,0.721893,10494.79,10494.79,7576.12,9.2587,9848.95,HIGH
POL005120,0,0,0.5,0.310158,8147.97,8147.97,2527.16,9.0056,3285.31,MODERATE
POL005121,0,0,1.0,0.261746,9335.0,9335.0,2443.4,9.1416,3176.42,MODERATE
POL005122,0,0,0.2117,0.304981,18249.08,18249.08,5565.62,9.8119,7235.31,HIGH
POL005123,0,0,0.3244,0.401431,18990.93,18990.93,7623.54,9.8518,9910.6,HIGH
POL005124,0,0,1.0,0.412381,10952.77,10952.77,4516.71,9.3014,5871.72,MODERATE
POL005125,0,0,1.0,0.369764,7723.38,7723.38,2855.83,8.9521,3712.57,MODERATE
POL005126,0,0,0.5,0.365784,12079.95,12079.95,4418.65,9.3994,5744.24,MODERATE
POL005127,0,0,1.0,0.373764,12305.77,12305.77,4599.45,9.4179,5979.29,MODERATE
POL005128,0,0,0.5,0.331806,15074.95,15074.95,5001.96,9.6209,6502.55,MODERATE
POL005129,0,0,1.0,0.650527,7163.7,7163.7,4660.18,8.8769,6058.23,MODERATE
POL005130,0,0,0.4964,0.386034,18682.95,18682.95,7212.26,9.8354,9375.93,HIGH
POL005131,0,0,0.5551,0.535839,10397.31,10397.31,5571.29,9.2494,7242.67,HIGH
POL005132,1,7525,0.762,0.733421,19625.27,19625.27,14393.58,9.8846,18711.65,VERY_HIGH
POL005133,0,0,0.5,0.768526,18872.49,18872.49,14503.99,9.8455,18855.19,VERY_HIGH
POL005134,0,0,0.9843,0.23992,12120.85,12120.85,2908.04,9.4028,3780.45,MODERATE
POL005135,0,0,0.5,0.273457,3770.35,3770.35,1031.03,8.2352,1340.34,LOW
POL005136,0,0,0.5,0.334045,3302.82,3302.82,1103.29,8.1028,1434.28,LOW
POL005137,0,0,0.25,0.443234,3836.5,3836.5,1700.47,8.2526,2210.61,LOW
POL005138,1,10045,0.4665,0.376127,18594.13,18594.13,6993.76,9.8307,9091.89,HIGH
POL005139,0,0,0.5,0.213834,4434.1,4434.1,948.16,8.3973,1232.61,LOW
POL005140,0,0,1.0,0.243188,14469.34,14469.34,3518.76,9.5799,4574.39,MODERATE
POL005141,0,0,0.5,0.27412,9007.38,9007.38,2469.1,9.1059,3209.84,MODERATE
POL005142,0,0,0.7252,0.768771,11597.5,11597.5,8915.82,9.3586,11590.57,HIGH
POL005143,0,0,0.25,0.273474,9205.89,9205.89,2517.57,9.1277,3272.84,MODERATE
POL005144,0,0,0.7449,0.296285,12646.2,12646.2,3746.89,9.4452,4870.95,MODERATE
POL005145,1,1282,1.0,0.762325,3947.01,3947.01,3008.9,8.281,3911.57,MODERATE
POL005146,0,0,0.6308,0.774983,13019.82,13019.82,10090.14,9.4743,13117.18,HIGH
POL005147,0,0,1.0,0.171385,5705.11,5705.11,977.77,8.6493,1271.1,LOW
POL005148,0,0,0.25,0.543725,25939.04,25939.04,14103.69,10.1635,18334.8,VERY_HIGH
POL005149,1,7448,0.5,0.805939,5125.16,5125.16,4130.57,8.5421,5369.73,MODERATE
POL005150,0,0,1.0,0.337933,5647.08,5647.08,1908.34,8.6391,2480.84,MODERATE
POL005151,0,0,0.8783,0.42204,4003.12,4003.12,1689.48,8.2951,2196.32,LOW
POL005152,1,9521,0.5,0.693437,8752.42,8752.42,6069.25,9.0772,7890.03,HIGH
POL005153,1,4889947,0.2725,0.864469,76181.41,76181.41,65856.47,11.2409,85613.41,VERY_HIGH
POL005154,0,0,1.0,0.251889,11732.87,11732.87,2955.38,9.3702,3841.99,MODERATE
POL005155,0,0,0.25,0.293191,4784.78,4784.78,1402.85,8.4734,1823.71,LOW
POL005156,0,0,0.3103,0.226046,21318.27,21318.27,4818.91,9.9674,6264.59,MODERATE
POL005157,0,0,0.271,0.477591,31739.47,31739.47,15158.49,10.3653,19706.04,VERY_HIGH
POL005158,0,0,0.5,0.309937,4643.64,4643.64,1439.23,8.4435,1871.0,LOW
POL005159,0,0,0.5643,0.318282,10417.82,10417.82,3315.8,9.2514,4310.55,MODERATE
POL005160,0,0,0.3157,0.29618,9993.43,9993.43,2959.85,9.2098,3847.81,MODERATE
POL005161,0,0,1.0,0.480228,9613.09,9613.09,4616.48,9.171,6001.42,MODERATE
POL005162,0,0,0.2605,0.698933,26214.54,26214.54,18322.2,10.1741,23818.86,VERY_HIGH
POL005163,0,0,0.25,0.171442,5872.25,5872.25,1006.75,8.6782,1308.77,LOW
POL005164,0,0,0.4384,0.23041,8681.93,8681.93,2000.4,9.0691,2600.52,MODERATE
POL005165,0,0,0.4314,0.382061,14679.5,14679.5,5608.47,9.5943,7291.01,HIGH
POL005166,0,0,0.3006,0.310912,29044.67,29044.67,9030.32,10.2766,11739.42,HIGH
POL005167,0,0,0.1336,0.331591,28306.52,28306.52,9386.2,10.2509,12202.06,HIGH
POL005168,0,0,1.0,0.516059,4810.32,4810.32,2482.41,8.4787,3227.13,MODERATE
POL005169,0,0,0.4705,0.206026,15609.15,15609.15,3215.88,9.6557,4180.65,MODERATE
POL005170,0,0,0.5,0.289248,7800.36,7800.36,2256.24,8.9621,2933.11,MODERATE
POL005171,0,0,0.6516,0.57934,4422.88,4422.88,2562.35,8.3948,3331.05,MODERATE
POL005172,0,0,0.5,0.24795,7126.93,7126.93,1767.12,8.8718,2297.26,LOW
POL005173,0,0,0.5,0.383521,5034.86,5034.86,1930.98,8.5243,2510.27,MODERATE
POL005174,0,0,0.8528,0.398243,5292.13,5292.13,2107.56,8.5742,2739.82,MODERATE
POL005175,0,0,1.0,0.721971,5489.94,5489.94,3963.58,8.6109,5152.65,MODERATE
POL005176,0,0,0.5,0.497231,9429.38,9429.38,4688.59,9.1517,6095.16,MODERATE
POL005177,0,0,0.2388,0.43692,10637.96,10637.96,4647.94,9.2723,6042.32,MODERATE
POL005178,1,5005,0.7434,0.440109,21572.89,21572.89,9494.41,9.9792,12342.74,HIGH
POL005179,0,0,1.0,0.226059,14498.11,14498.11,3277.43,9.5818,4260.65,MODERATE
POL005180,1,686218,0.3377,0.555527,24009.13,24009.13,13337.71,10.0862,17339.03,VERY_HIGH
POL005181,0,0,0.4604,0.332442,9467.02,9467.02,3147.24,9.1557,4091.41,MODERATE
POL005182,1,8014,0.7408,0.533538,11037.63,11037.63,5888.99,9.3092,7655.69,HIGH
POL005183,0,0,0.5376,0.592851,22644.46,22644.46,13424.78,10.0277,17452.22,VERY_HIGH
POL005184,0,0,1.0,0.339341,175998.79,175998.79,59723.68,12.0782,77640.78,VERY_HIGH
POL005185,0,0,0.5,0.407273,3914.13,3914.13,1594.12,8.2726,2072.36,LOW
POL005186,1,7482,0.5,0.335996,19808.82,19808.82,6655.69,9.8939,8652.4,HIGH
POL005187,1,13328,0.343,0.78906,10956.42,10956.42,8645.27,9.3018,11238.85,HIGH
POL005188,0,0,0.4078,0.592548,10001.35,10001.35,5926.28,9.2106,7704.17,HIGH
POL005189,0,0,0.5,0.334465,4000.47,4000.47,1338.02,8.2944,1739.42,LOW
POL005190,0,0,0.8817,0.275939,5930.57,5930.57,1636.48,8.688,2127.42,LOW
POL005191,0,0,0.5,0.604832,16830.01,16830.01,10179.33,9.731,13233.13,HIGH
POL005192,0,0,0.215,0.429599,13534.91,13534.91,5814.58,9.5131,7558.96,HIGH
POL005193,0,0,0.5,0.382785,3293.48,3293.48,1260.69,8.1,1638.9,LOW
POL005194,0,0,1.0,0.129282,7401.17,7401.17,956.84,8.9095,1243.89,LOW
POL005195,0,0,0.2752,0.345387,17233.24,17233.24,5952.14,9.7547,7737.79,HIGH
POL005196,0,0,1.0,0.282548,16140.5,16140.5,4560.47,9.6891,5928.61,MODERATE
POL005197,0,0,1.0,0.245707,4049.63,4049.63,995.02,8.3066,1293.53,LOW
POL005198,1,9051,1.0,0.88064,3647.61,3647.61,3212.23,8.2021,4175.9,MODERATE
POL005199,0,0,0.2434,0.170912,14076.83,14076.83,2405.89,9.5524,3127.66,MODERATE
POL005200,0,0,0.25,0.220205,20249.62,20249.62,4459.07,9.9159,5796.8,MODERATE
POL005201,0,0,1.0,0.274588,9286.15,9286.15,2549.87,9.1364,3314.83,MODERATE
POL005202,0,0,1.0,0.159462,16021.36,16021.36,2554.79,9.6817,3321.23,MODERATE
POL005203,0,0,0.6307,0.41703,6904.44,6904.44,2879.36,8.8401,3743.16,MODERATE
POL005204,0,0,0.5,0.300332,4317.46,4317.46,1296.67,8.3707,1685.67,LOW
POL005205,0,0,0.5,0.421647,10152.04,10152.04,4280.58,9.2255,5564.76,MODERATE
POL005206,0,0,1.0,0.17504,2783.3,2783.3,487.19,7.9318,633.35,LOW
POL005207,0,0,1.0,0.381172,6638.56,6638.56,2530.44,8.8008,3289.57,MODERATE
POL005208,0,0,0.25,0.422759,3691.63,3691.63,1560.67,8.2141,2028.87,LOW
POL005209,1,5000000,0.376,0.62073,207461.48,207461.48,128777.66,12.2427,167410.96,VERY_HIGH
POL005210,0,0,0.25,0.455693,14009.17,14009.17,6383.88,9.5475,8299.04,HIGH
POL005211,0,0,0.25,0.439644,10212.77,10212.77,4489.98,9.2315,5836.98,MODERATE
POL005212,0,0,1.0,0.39731,4128.32,4128.32,1640.22,8.3259,2132.29,LOW
POL005213,0,0,1.0,0.705329,4892.33,4892.33,3450.71,8.4956,4485.92,MODERATE
POL005214,0,0,1.0,0.551038,5337.43,5337.43,2941.13,8.5827,3823.47,MODERATE
POL005215,0,0,1.0,0.262514,4083.34,4083.34,1071.94,8.3149,1393.52,LOW
POL005216,0,0,0.5,0.268047,7805.17,7805.17,2092.15,8.9627,2719.8,MODERATE
POL005217,1,13014,1.0,0.838905,21920.53,21920.53,18389.24,9.9952,23906.01,VERY_HIGH
POL005218,0,0,0.4667,0.213081,17235.96,17235.96,3672.66,9.7548,4774.46,MODERATE
POL005219,1,9022,1.0,0.469814,4152.24,4152.24,1950.78,8.3316,2536.01,MODERATE
POL005220,0,0,1.0,0.235057,15099.53,15099.53,3549.26,9.6225,4614.03,MODERATE
POL005221,0,0,0.6938,0.628102,13941.36,13941.36,8756.6,9.5427,11383.58,HIGH
POL005222,1,3599,0.4308,0.855147,17538.06,17538.06,14997.63,9.7722,19496.92,VERY_HIGH
POL005223,0,0,1.0,0.715854,5197.12,5197.12,3720.38,8.5561,4836.49,MODERATE
POL005224,0,0,0.25,0.795354,15891.35,15891.35,12639.24,9.6736,16431.02,VERY_HIGH
POL005225,0,0,1.0,0.471797,11618.01,11618.01,5481.34,9.3604,7125.74,MODERATE
POL005226,0,0,0.3399,0.289009,41836.18,41836.18,12091.02,10.6415,15718.33,VERY_HIGH
POL005227,0,0,1.0,0.828513,4815.39,4815.39,3989.61,8.4798,5186.5,MODERATE
POL005228,0,0,0.25,0.586993,23966.29,23966.29,14068.04,10.0844,18288.45,VERY_HIGH
POL005229,0,0,0.3871,0.400523,10959.46,10959.46,4389.51,9.302,5706.37,MODERATE
POL005230,0,0,0.6951,0.708552,20968.31,20968.31,14857.15,9.9508,19314.3,VERY_HIGH
POL005231,0,0,0.25,0.174993,19866.04,19866.04,3476.41,9.8968,4519.34,MODERATE
POL005232,0,0,0.8752,0.430758,3041.79,3041.79,1310.27,8.0205,1703.36,LOW
POL005233,0,0,1.0,0.640755,6000.01,6000.01,3844.54,8.6997,4997.9,MODERATE
POL005234,0,0,0.5,0.36566,3432.73,3432.73,1255.21,8.1414,1631.77,LOW
POL005235,0,0,0.8636,0.383625,13773.49,13773.49,5283.85,9.5306,6869.01,MODERATE
POL005236,0,0,0.5861,0.609887,7960.16,7960.16,4854.8,8.9823,6311.24,MODERATE
POL005237,0,0,0.2818,0.329138,8924.81,8924.81,2937.49,9.0967,3818.74,MODERATE
POL005238,1,6678,0.3461,0.528295,8344.74,8344.74,4408.48,9.0295,5731.03,MODERATE
POL005239,0,0,0.5,0.418159,4720.23,4720.23,1973.81,8.4598,2565.95,MODERATE
POL005240,0,0,1.0,0.539677,5227.84,5227.84,2821.35,8.5619,3667.75,MODERATE
POL005241,0,0,0.25,0.645865,16114.28,16114.28,10407.65,9.6875,13529.95,HIGH
POL005242,0,0,1.0,0.669462,13744.0,13744.0,9201.08,9.5284,11961.41,HIGH
POL005243,0,0,1.0,0.387749,4099.35,4099.35,1589.52,8.3188,2066.37,LOW
POL005244,0,0,1.0,0.807429,9817.91,9817.91,7927.27,9.1921,10305.45,HIGH
POL005245,0,0,1.0,0.312421,4004.94,4004.94,1251.23,8.2955,1626.6,LOW
POL005246,0,0,1.0,0.411503,36278.69,36278.69,14928.8,10.499,19407.44,VERY_HIGH
POL005247,0,0,0.5,0.400215,5413.93,5413.93,2166.74,8.5969,2816.76,MODERATE
POL005248,1,6446,0.9109,0.42299,11179.39,11179.39,4728.77,9.3219,6147.4,MODERATE
POL005249,0,0,0.4126,0.187557,15649.9,15649.9,2935.25,9.6583,3815.82,MODERATE
POL005250,0,0,1.0,0.44913,5515.88,5515.88,2477.35,8.6156,3220.55,MODERATE
POL005251,0,0,0.4084,0.369868,7931.98,7931.98,2933.79,8.9788,3813.93,MODERATE
POL005252,0,0,0.5958,0.264251,14591.74,14591.74,3855.89,9.5883,5012.66,MODERATE
POL005253,0,0,0.6616,0.412369,3597.73,3597.73,1483.59,8.1883,1928.67,LOW
POL005254,1,3056,0.3404,0.505054,9193.49,9193.49,4643.21,9.1264,6036.18,MODERATE
POL005255,0,0,1.0,0.254248,9179.44,9179.44,2333.85,9.1248,3034.01,MODERATE
POL005256,0,0,0.4118,0.599609,14118.55,14118.55,8465.6,9.5553,11005.28,HIGH
POL005257,0,0,0.244,0.387425,8124.05,8124.05,3147.46,9.0027,4091.7,MODERATE
POL005258,0,0,0.1838,0.220589,77445.92,77445.92,17083.74,11.2573,22208.86,VERY_HIGH
POL005259,0,0,0.8944,0.223327,9406.36,9406.36,2100.69,9.1492,2730.9,MODERATE
POL005260,0,0,1.0,0.241977,22849.98,22849.98,5529.18,10.0367,7187.93,HIGH
POL005261,0,0,1.0,0.17284,46508.62,46508.62,8038.57,10.7474,10450.14,HIGH
POL005262,0,0,1.0,0.423948,4270.42,4270.42,1810.44,8.3597,2353.57,MODERATE
POL005263,0,0,0.5,0.39886,3716.0,3716.0,1482.16,8.2207,1926.81,LOW
POL005264,0,0,0.9206,0.275222,7619.46,7619.46,2097.05,8.9386,2726.16,MODERATE
POL005265,0,0,0.2029,0.370768,14068.63,14068.63,5216.19,9.5518,6781.05,MODERATE
POL005266,0,0,0.7211,0.583487,5441.47,5441.47,3175.03,8.602,4127.54,MODERATE
POL005267,0,0,0.5,0.206832,5235.04,5235.04,1082.78,8.5633,1407.61,LOW
POL005268,0,0,1.0,0.37904,4212.85,4212.85,1596.84,8.3461,2075.89,LOW
POL005269,0,0,1.0,0.555897,7988.92,7988.92,4441.02,8.9859,5773.32,MODERATE
POL005270,0,0,0.3934,0.487969,3707.33,3707.33,1809.06,8.2183,2351.78,MODERATE
POL005271,0,0,0.5,0.39594,3175.36,3175.36,1257.25,8.0635,1634.43,LOW
POL005272,0,0,0.5,0.779593,18672.05,18672.05,14556.6,9.8348,18923.58,VERY_HIGH
POL005273,0,0,0.385,0.23939,4776.61,4776.61,1143.47,8.4717,1486.52,LOW
POL005274,0,0,1.0,0.411671,8227.5,8227.5,3387.02,9.0154,4403.12,MODERATE
POL005275,0,0,0.25,0.471903,4385.12,4385.12,2069.35,8.3862,2690.15,MODERATE
POL005276,0,0,0.6848,0.246648,9503.71,9503.71,2344.07,9.1595,3047.29,MODERATE
POL005277,0,0,1.0,0.268795,5837.61,5837.61,1569.12,8.6722,2039.86,LOW
POL005278,0,0,0.5,0.343116,8477.34,8477.34,2908.71,9.0453,3781.33,MODERATE
POL005279,0,0,0.8124,0.382998,8302.14,8302.14,3179.7,9.0244,4133.62,MODERATE
POL005280,0,0,0.5,0.764157,9079.43,9079.43,6938.12,9.1139,9019.55,HIGH
POL005281,1,1145388,1.0,0.567387,102397.43,102397.43,58099.01,11.5366,75528.71,VERY_HIGH
POL005282,0,0,1.0,0.208228,5075.17,5075.17,1056.79,8.5323,1373.83,LOW
POL005283,0,0,0.6042,0.660356,22533.83,22533.83,14880.36,10.0228,19344.47,VERY_HIGH
POL005284,0,0,0.5,0.491938,5193.24,5193.24,2554.75,8.5553,3321.18,MODERATE
POL005285,0,0,1.0,0.434526,6156.07,6156.07,2674.97,8.7254,3477.47,MODERATE
POL005286,0,0,0.5,0.636076,7536.36,7536.36,4793.7,8.9276,6231.81,MODERATE
POL005287,1,4206531,0.4444,0.310803,54908.28,54908.28,17065.67,10.9134,22185.38,VERY_HIGH
POL005288,0,0,1.0,0.685402,15675.55,15675.55,10744.06,9.6599,13967.28,HIGH
POL005289,0,0,1.0,0.351752,3811.56,3811.56,1340.72,8.2461,1742.94,LOW
POL005290,1,5177,0.25,0.588612,9586.36,9586.36,5642.64,9.1682,7335.43,HIGH
POL005291,1,1644,0.25,0.294425,4048.0,4048.0,1191.83,8.3062,1549.38,LOW
POL005292,0,0,1.0,0.237945,6208.54,6208.54,1477.29,8.7338,1920.48,LOW
POL005293,0,0,0.3105,0.241227,12131.8,12131.8,2926.52,9.4037,3804.47,MODERATE
POL005294,0,0,1.0,0.561752,55324.34,55324.34,31078.54,10.921,40402.1,VERY_HIGH
POL005295,0,0,0.5,0.415919,4176.65,4176.65,1737.15,8.3375,2258.29,LOW
POL005296,0,0,0.3167,0.234242,7511.87,7511.87,1759.6,8.9244,2287.47,LOW
POL005297,0,0,0.2491,0.742984,9750.74,9750.74,7244.64,9.1852,9418.04,HIGH
POL005298,0,0,1.0,0.423685,4226.34,4226.34,1790.64,8.3493,2327.83,LOW
POL005299,0,0,0.5306,0.313634,11745.01,11745.01,3683.63,9.3713,4788.72,MODERATE
POL005300,0,0,0.3759,0.599557,11446.45,11446.45,6862.8,9.3455,8921.64,HIGH
POL005301,0,0,0.5,0.572388,16798.77,16798.77,9615.41,9.7291,12500.04,HIGH
POL005302,0,0,0.7652,0.499591,10697.23,10697.23,5344.24,9.2778,6947.51,MODERATE
POL005303,0,0,0.5,0.42482,11699.51,11699.51,4970.18,9.3674,6461.24,MODERATE
POL005304,0,0,0.8393,0.372965,10684.89,10684.89,3985.09,9.2767,5180.62,MODERATE
POL005305,0,0,0.2172,0.28819,26012.79,26012.79,7496.62,10.1664,9745.61,HIGH
POL005306,0,0,1.0,0.714424,8472.02,8472.02,6052.61,9.0446,7868.4,HIGH
POL005307,0,0,0.2854,0.367538,7046.68,7046.68,2589.92,8.8605,3366.89,MODERATE
POL005308,0,0,0.4041,0.798136,8697.89,8697.89,6942.1,9.071,9024.73,HIGH
POL005309,1,6766,0.5,0.887327,9707.01,9707.01,8613.29,9.1807,11197.28,HIGH
POL005310,0,0,0.3266,0.353296,54500.2,54500.2,19254.72,10.906,25031.14,VERY_HIGH
POL005311,0,0,0.1229,0.743191,15780.07,15780.07,11727.61,9.6666,15245.89,HIGH
POL005312,0,0,0.9754,0.279572,9118.67,9118.67,2549.33,9.1182,3314.12,MODERATE
POL005313,0,0,0.3172,0.219384,11916.28,11916.28,2614.25,9.3857,3398.52,MODERATE
POL005314,0,0,1.0,0.213528,16999.92,16999.92,3629.96,9.741,4718.95,MODERATE
POL005315,0,0,0.25,0.19668,15321.58,15321.58,3013.45,9.6371,3917.48,MODERATE
POL005316,0,0,1.0,0.906877,4630.44,4630.44,4199.24,8.4406,5459.01,MODERATE
POL005317,0,0,1.0,0.302767,3846.66,3846.66,1164.64,8.2552,1514.03,LOW
POL005318,0,0,0.7357,0.164453,5110.43,5110.43,840.43,8.5392,1092.55,LOW
POL005319,0,0,1.0,0.553171,6211.07,6211.07,3435.78,8.7342,4466.52,MODERATE
POL005320,0,0,1.0,0.341632,5747.77,5747.77,1963.62,8.6567,2552.71,MODERATE
POL005321,0,0,1.0,0.667865,4145.08,4145.08,2768.36,8.3299,3598.86,MODERATE
POL005322,0,0,0.25,0.439965,5380.37,5380.37,2367.18,8.5907,3077.33,MODERATE
POL005323,0,0,0.5,0.28656,3294.66,3294.66,944.12,8.1004,1227.35,LOW
POL005324,0,0,0.9115,0.4752,6305.61,6305.61,2996.43,8.7494,3895.35,MODERATE
POL005325,0,0,0.2965,0.293281,27337.75,27337.75,8017.63,10.2161,10422.92,HIGH
POL005326,0,0,0.2919,0.264412,13118.53,13118.53,3468.7,9.4819,4509.31,MODERATE
POL005327,1,9985,0.9131,0.390313,8244.69,8244.69,3218.01,9.0174,4183.41,MODERATE
POL005328,1,2005,0.8003,0.357658,4820.59,4820.59,1724.12,8.4809,2241.36,LOW
POL005329,1,1533,1.0,0.717465,4809.48,4809.48,3450.63,8.4786,4485.82,MODERATE
POL005330,0,0,1.0,0.562672,5073.04,5073.04,2854.46,8.5319,3710.8,MODERATE
POL005331,0,0,0.9269,0.235502,12154.79,12154.79,2862.48,9.4056,3721.22,MODERATE
POL005332,0,0,1.0,0.771527,13465.55,13465.55,10389.03,9.508,13505.74,HIGH
POL005333,0,0,1.0,0.559782,3399.2,3399.2,1902.81,8.1316,2473.65,MODERATE
POL005334,0,0,0.6252,0.27474,9646.26,9646.26,2650.21,9.1744,3445.28,MODERATE
POL005335,0,0,0.707,0.406536,4978.18,4978.18,2023.81,8.513,2630.95,MODERATE
POL005336,0,0,0.25,0.345733,8704.31,8704.31,3009.37,9.0717,3912.18,MODERATE
POL005337,0,0,0.2302,0.437223,14790.04,14790.04,6466.55,9.6018,8406.52,HIGH
POL005338,0,0,0.25,0.178817,12152.78,12152.78,2173.13,9.4054,2825.07,MODERATE
POL005339,0,0,0.7947,0.296136,11621.5,11621.5,3441.54,9.3607,4474.01,MODERATE
POL005340,0,0,0.4687,0.630732,9977.98,9977.98,6293.43,9.2082,8181.47,HIGH
POL005341,0,0,1.0,0.49478,10091.73,10091.73,4993.19,9.2196,6491.14,MODERATE
POL005342,0,0,0.4315,0.37168,29999.97,29999.97,11150.4,10.309,14495.53,HIGH
POL005343,0,0,0.9502,0.230325,3073.62,3073.62,707.93,8.0309,920.31,LOW
POL005344,0,0,0.199,0.364003,11429.29,11429.29,4160.29,9.344,5408.38,MODERATE
POL005345,0,0,0.7535,0.141258,4891.33,4891.33,690.94,8.4954,898.22,LOW
POL005346,0,0,0.6786,0.345491,5144.95,5144.95,1777.53,8.546,2310.79,LOW
POL005347,0,0,0.2478,0.614284,7574.59,7574.59,4652.95,8.9327,6048.84,MODERATE
POL005348,0,0,1.0,0.221468,5792.01,5792.01,1282.75,8.6644,1667.57,LOW
POL005349,1,2800,0.3851,0.450968,4737.43,4737.43,2136.43,8.4635,2777.35,MODERATE
POL005350,0,0,1.0,0.468848,4517.26,4517.26,2117.91,8.4159,2753.28,MODERATE
POL005351,0,0,0.8871,0.194067,18854.55,18854.55,3659.04,9.8446,4756.75,MODERATE
POL005352,0,0,1.0,0.477047,20916.14,20916.14,9977.97,9.9483,12971.36,HIGH
POL005353,0,0,0.1714,0.292361,11433.56,11433.56,3342.72,9.3444,4345.54,MODERATE
POL005354,0,0,0.2042,0.54951,30502.5,30502.5,16761.43,10.3256,21789.87,VERY_HIGH
POL005355,0,0,0.7728,0.309302,3638.15,3638.15,1125.29,8.1995,1462.87,LOW
POL005356,0,0,1.0,0.392785,5494.6,5494.6,2158.2,8.6117,2805.66,MODERATE
POL005357,0,0,0.5,0.303713,5789.31,5789.31,1758.29,8.6639,2285.77,LOW
POL005358,0,0,0.5,0.740756,8216.15,8216.15,6086.16,9.014,7912.01,HIGH
POL005359,0,0,0.548,0.321707,7779.58,7779.58,2502.75,8.9594,3253.57,MODERATE
POL005360,0,0,1.0,0.405864,3621.3,3621.3,1469.76,8.1949,1910.68,LOW
POL005361,0,0,0.5,0.373203,7694.73,7694.73,2871.7,8.9484,3733.21,MODERATE
POL005362,0,0,0.2414,0.337259,18224.15,18224.15,6146.25,9.8106,7990.13,HIGH
POL005363,1,10837,1.0,0.337956,5760.63,5760.63,1946.84,8.659,2530.89,MODERATE
POL005364,0,0,0.25,0.460068,29069.91,29069.91,13374.14,10.2775,17386.38,VERY_HIGH
POL005365,0,0,0.25,0.569697,27250.74,27250.74,15524.66,10.2129,20182.06,VERY_HIGH
POL005366,0,0,0.5244,0.59517,18091.07,18091.07,10767.27,9.8032,13997.45,HIGH
POL005367,0,0,0.25,0.909856,14076.18,14076.18,12807.31,9.5523,16649.5,VERY_HIGH
POL005368,1,1916,0.7321,0.388332,4994.77,4994.77,1939.63,8.5163,2521.52,MODERATE
POL005369,0,0,0.5,0.50448,5717.57,5717.57,2884.4,8.6515,3749.72,MODERATE
POL005370,0,0,0.3086,0.376889,6206.29,6206.29,2339.08,8.7335,3040.81,MODERATE
POL005371,0,0,0.25,0.501556,8840.56,8840.56,4434.04,9.0872,5764.25,MODERATE
POL005372,0,0,0.3653,0.411661,11869.0,11869.0,4886.01,9.3818,6351.81,MODERATE
POL005373,0,0,0.5,0.398322,6323.77,6323.77,2518.9,8.7522,3274.56,MODERATE
POL005374,0,0,0.7428,0.291873,10012.41,10012.41,2922.35,9.2117,3799.06,MODERATE
POL005375,0,0,1.0,0.146104,5432.33,5432.33,793.69,8.6003,1031.79,LOW
POL005376,1,14855,0.25,0.467161,13224.91,13224.91,6178.16,9.4899,8031.6,HIGH
POL005377,0,0,0.2278,0.320759,14715.69,14715.69,4720.19,9.5967,6136.25,MODERATE
POL005378,1,11921,0.5369,0.576077,11215.2,11215.2,6460.82,9.3251,8399.06,HIGH
POL005379,0,0,0.5267,0.206135,15073.38,15073.38,3107.15,9.6208,4039.29,MODERATE
POL005380,1,14699,1.0,0.214625,6761.02,6761.02,1451.08,8.8191,1886.4,LOW
POL005381,1,4951,1.0,0.694564,5781.22,5781.22,4015.43,8.6625,5220.06,MODERATE
POL005382,0,0,0.355,0.162935,10130.5,10130.5,1650.62,9.2234,2145.8,LOW
POL005383,1,6421,1.0,0.439781,4144.33,4144.33,1822.6,8.3297,2369.38,MODERATE
POL005384,0,0,0.25,0.524183,5053.68,5053.68,2649.05,8.5281,3443.77,MODERATE
POL005385,1,32287,0.25,0.885236,19696.26,19696.26,17435.85,9.8882,22666.6,VERY_HIGH
POL005386,0,0,0.6806,0.49566,11563.88,11563.88,5731.75,9.3557,7451.28,HIGH
POL005387,0,0,0.1448,0.311258,6428.29,6428.29,2000.86,8.7686,2601.12,MODERATE
POL005388,0,0,1.0,0.320876,4998.78,4998.78,1603.99,8.5171,2085.18,LOW
POL005389,0,0,0.4606,0.320956,13116.61,13116.61,4209.86,9.4817,5472.81,MODERATE
POL005390,0,0,0.25,0.725045,15989.22,15989.22,11592.9,9.6797,15070.78,HIGH
POL005391,0,0,0.25,0.294507,7059.84,7059.84,2079.17,8.8623,2702.92,MODERATE
POL005392,0,0,0.4404,0.254294,5554.07,5554.07,1412.37,8.6225,1836.08,LOW
POL005393,1,27963,0.5,0.273168,26464.82,26464.82,7229.35,10.1836,9398.15,HIGH
POL005394,1,7130,1.0,0.726792,19394.31,19394.31,14095.62,9.8728,18324.31,VERY_HIGH
POL005395,0,0,0.25,0.729569,3708.22,3708.22,2705.4,8.2186,3517.02,MODERATE
POL005396,0,0,1.0,0.47452,4735.34,4735.34,2247.01,8.463,2921.11,MODERATE
POL005397,0,0,0.3005,0.114657,12623.96,12623.96,1447.43,9.4434,1881.66,LOW
POL005398,0,0,0.5,0.234146,11489.31,11489.31,2690.17,9.3493,3497.23,MODERATE
POL005399,0,0,0.4282,0.546008,8899.71,8899.71,4859.31,9.0939,6317.1,MODERATE
POL005400,0,0,0.8894,0.370237,17145.95,17145.95,6348.06,9.7496,8252.48,HIGH
POL005401,0,0,1.0,0.361642,36136.51,36136.51,13068.48,10.4951,16989.02,VERY_HIGH
POL005402,0,0,1.0,0.305784,5079.47,5079.47,1553.22,8.5332,2019.19,LOW
POL005403,0,0,1.0,0.217518,6186.26,6186.26,1345.62,8.7302,1749.31,LOW
POL005404,0,0,0.154,0.431268,13025.15,13025.15,5617.33,9.4747,7302.53,HIGH
POL005405,1,9263,0.1986,0.911792,19610.94,19610.94,17881.1,9.8839,23245.43,VERY_HIGH
POL005406,0,0,1.0,0.463841,7720.11,7720.11,3580.9,8.9517,4655.17,MODERATE
POL005407,0,0,0.25,0.360496,3221.92,3221.92,1161.49,8.078,1509.94,LOW
POL005408,0,0,0.5994,0.516081,9081.09,9081.09,4686.58,9.1141,6092.55,MODERATE
POL005409,0,0,1.0,0.353667,7010.63,7010.63,2479.43,8.8553,3223.26,MODERATE
POL005410,0,0,0.5,0.370101,13616.35,13616.35,5039.42,9.5191,6551.25,MODERATE
POL005411,0,0,1.0,0.306537,6116.04,6116.04,1874.79,8.7188,2437.23,MODERATE
POL005412,0,0,1.0,0.528497,10813.55,10813.55,5714.93,9.2886,7429.41,HIGH
POL005413,1,11932,0.3943,0.629438,19220.36,19220.36,12098.03,9.8638,15727.43,VERY_HIGH
POL005414,0,0,1.0,0.27111,3083.56,3083.56,835.98,8.0342,1086.78,LOW
POL005415,0,0,0.5,0.377511,23445.39,23445.39,8850.9,10.0625,11506.17,HIGH
POL005416,0,0,0.5,0.298636,2421.05,2421.05,723.01,7.7924,939.92,LOW
POL005417,0,0,0.4221,0.450907,10445.39,10445.39,4709.89,9.254,6122.86,MODERATE
POL005418,0,0,0.546,0.438072,16717.29,16717.29,7323.37,9.7243,9520.38,HIGH
POL005419,0,0,0.9709,0.196434,12261.28,12261.28,2408.53,9.4143,3131.09,MODERATE
POL005420,1,7705,0.7721,0.427505,11392.83,11392.83,4870.5,9.3408,6331.65,MODERATE
POL005421,0,0,0.3881,0.251587,11327.98,11327.98,2849.98,9.3351,3704.97,MODERATE
POL005422,0,0,0.424,0.294061,23977.65,23977.65,7050.89,10.0849,9166.16,HIGH
POL005423,0,0,0.2324,0.751346,11647.94,11647.94,8751.63,9.363,11377.12,HIGH
POL005424,1,2464,0.5,0.354695,4075.47,4075.47,1445.55,8.313,1879.21,LOW
POL005425,1,15760,0.25,0.79781,12508.74,12508.74,9979.6,9.4343,12973.48,HIGH
POL005426,0,0,0.5,0.172439,4242.32,4242.32,731.54,8.3531,951.0,LOW
POL005427,0,0,1.0,0.306182,7108.31,7108.31,2176.44,8.8692,2829.37,MODERATE
POL005428,0,0,1.0,0.371618,4851.94,4851.94,1803.07,8.4873,2343.99,MODERATE
POL005429,0,0,0.5159,0.874656,5818.53,5818.53,5089.21,8.669,6615.97,MODERATE
POL005430,0,0,1.0,0.304058,20953.32,20953.32,6371.01,9.9501,8282.32,HIGH
POL005431,0,0,0.4663,0.412582,4852.28,4852.28,2001.96,8.4874,2602.55,MODERATE
POL005432,0,0,1.0,0.839798,9688.02,9688.02,8135.98,9.1787,10576.77,HIGH
POL005433,0,0,1.0,0.447696,14123.66,14123.66,6323.11,9.5557,8220.04,HIGH
POL005434,1,722,1.0,0.34111,4502.53,4502.53,1535.86,8.4126,1996.62,LOW
POL005435,0,0,0.1483,0.241351,11958.07,11958.07,2886.09,9.3892,3751.92,MODERATE
POL005436,1,3089,1.0,0.69472,4313.71,4313.71,2996.82,8.3698,3895.86,MODERATE
POL005437,1,10050,1.0,0.434619,6082.63,6082.63,2643.63,8.7134,3436.71,MODERATE
POL005438,0,0,1.0,0.420258,5740.66,5740.66,2412.56,8.6555,3136.33,MODERATE
POL005439,1,1783,0.745,0.571502,4834.25,4834.25,2762.78,8.4837,3591.62,MODERATE
POL005440,0,0,0.5,0.593924,11488.07,11488.07,6823.04,9.3492,8869.95,HIGH
POL005441,0,0,0.5,0.853628,10202.02,10202.02,8708.73,9.2304,11321.34,HIGH
POL005442,0,0,1.0,0.235729,4349.03,4349.03,1025.19,8.3779,1332.75,LOW
POL005443,0,0,0.5,0.292074,5486.94,5486.94,1602.59,8.6103,2083.37,LOW
POL005444,0,0,0.7216,0.357055,11477.52,11477.52,4098.11,9.3482,5327.55,MODERATE
POL005445,0,0,0.9498,0.245365,8606.16,8606.16,2111.65,9.0603,2745.14,MODERATE
POL005446,0,0,0.25,0.292048,6821.43,6821.43,1992.19,8.828,2589.84,MODERATE
POL005447,0,0,0.2852,0.260094,16880.77,16880.77,4390.58,9.734,5707.76,MODERATE
POL005448,0,0,0.3664,0.197087,8937.5,8937.5,1761.46,9.0981,2289.9,LOW
POL005449,0,0,1.0,0.218546,7542.45,7542.45,1648.38,8.9284,2142.89,LOW
POL005450,0,0,0.25,0.220363,8176.27,8176.27,1801.75,9.0091,2342.27,MODERATE
POL005451,0,0,0.1954,0.43187,8836.69,8836.69,3816.31,9.0868,4961.2,MODERATE
POL005452,0,0,0.5,0.525472,8464.94,8464.94,4448.08,9.0438,5782.51,MODERATE
POL005453,0,0,1.0,0.6294,5856.16,5856.16,3685.87,8.6754,4791.63,MODERATE
POL005454,0,0,0.7558,0.317581,14579.84,14579.84,4630.29,9.5875,6019.37,MODERATE
POL005455,0,0,1.0,0.363578,8268.78,8268.78,3006.34,9.0204,3908.25,MODERATE
POL005456,1,4547,1.0,0.52474,4399.44,4399.44,2308.56,8.3895,3001.13,MODERATE
POL005457,1,6666,0.4318,0.837872,8201.2,8201.2,6871.55,9.0122,8933.02,HIGH
POL005458,1,528846,1.0,0.278839,17653.12,17653.12,4922.39,9.7787,6399.1,MODERATE
POL005459,0,0,1.0,0.128177,5814.38,5814.38,745.27,8.6683,968.85,LOW
POL005460,0,0,0.4677,0.38454,27905.54,27905.54,10730.79,10.2366,13950.02,HIGH
POL005461,0,0,0.1815,0.158215,15885.99,15885.99,2513.4,9.6733,3267.42,MODERATE
POL005462,0,0,1.0,0.725371,6932.47,6932.47,5028.61,8.8441,6537.19,MODERATE
POL005463,0,0,0.4179,0.202474,4195.39,4195.39,849.46,8.342,1104.29,LOW
POL005464,0,0,0.4857,0.403533,12103.23,12103.23,4884.05,9.4013,6349.27,MODERATE
POL005465,0,0,0.3463,0.40267,17404.15,17404.15,7008.13,9.7645,9110.57,HIGH
POL005466,0,0,0.2638,0.287658,16425.17,16425.17,4724.83,9.7066,6142.28,MODERATE
POL005467,0,0,1.0,0.671705,9549.81,9549.81,6414.66,9.1644,8339.06,HIGH
POL005468,0,0,0.25,0.645329,16254.42,16254.42,10489.44,9.6962,13636.27,HIGH
POL005469,1,4218,0.846,0.625262,23067.92,23067.92,14423.51,10.0462,18750.56,VERY_HIGH
POL005470,0,0,0.192,0.385217,12208.18,12208.18,4702.8,9.4099,6113.64,MODERATE
POL005471,0,0,0.6094,0.351109,5550.66,5550.66,1948.89,8.6219,2533.55,MODERATE
POL005472,0,0,1.0,0.388587,6981.91,6981.91,2713.08,8.8512,3527.01,MODERATE
POL005473,0,0,0.7913,0.345177,11309.44,11309.44,3903.75,9.3335,5074.88,MODERATE
POL005474,0,0,0.7977,0.48607,4719.8,4719.8,2294.15,8.4597,2982.4,MODERATE
POL005475,0,0,0.25,0.204016,12077.93,12077.93,2464.1,9.3992,3203.32,MODERATE
POL005476,0,0,0.4238,0.482241,11007.1,11007.1,5308.07,9.3064,6900.49,MODERATE
POL005477,0,0,1.0,0.459139,6155.21,6155.21,2826.09,8.7252,3673.92,MODERATE
POL005478,0,0,0.25,0.392655,13943.52,13943.52,5475.0,9.5428,7117.5,MODERATE
POL005479,0,0,0.5,0.655346,6628.32,6628.32,4343.84,8.7993,5647.0,MODERATE
POL005480,0,0,0.6822,0.436964,3284.3,3284.3,1435.12,8.0972,1865.66,LOW
POL005481,0,0,0.8214,0.263229,4248.09,4248.09,1118.22,8.3545,1453.69,LOW
POL005482,0,0,0.5,0.178395,4368.45,4368.45,779.31,8.3824,1013.1,LOW
POL005483,0,0,1.0,0.203402,6610.7,6610.7,1344.63,8.7966,1748.02,LOW
POL005484,0,0,0.1874,0.325954,18370.42,18370.42,5987.9,9.8186,7784.27,HIGH
POL005485,0,0,0.25,0.54141,5567.07,5567.07,3014.07,8.6248,3918.29,MODERATE
POL005486,0,0,0.5,0.297915,13038.39,13038.39,3884.33,9.4757,5049.64,MODERATE
POL005487,0,0,1.0,0.787152,7544.52,7544.52,5938.68,8.9287,7720.29,HIGH
POL005488,0,0,0.4558,0.324364,9679.79,9679.79,3139.78,9.1779,4081.71,MODERATE
POL005489,0,0,1.0,0.242867,11686.78,11686.78,2838.33,9.3663,3689.83,MODERATE
POL005490,0,0,0.3718,0.183235,19347.46,19347.46,3545.13,9.8704,4608.67,MODERATE
POL005491,0,0,1.0,0.407472,10528.97,10528.97,4290.26,9.262,5577.33,MODERATE
POL005492,0,0,1.0,0.248272,4210.05,4210.05,1045.24,8.3455,1358.81,LOW
POL005493,0,0,0.8285,0.172301,37979.28,37979.28,6543.86,10.5448,8507.02,HIGH
POL005494,0,0,1.0,0.453261,7841.76,7841.76,3554.37,8.9673,4620.68,MODERATE
POL005495,0,0,0.25,0.419479,3192.62,3192.62,1339.24,8.0689,1741.01,LOW
POL005496,0,0,0.9314,0.375561,21767.76,21767.76,8175.13,9.9882,10627.67,HIGH
POL005497,0,0,1.0,0.525725,17053.76,17053.76,8965.58,9.7442,11655.26,HIGH
POL005498,0,0,0.4381,0.581577,6431.77,6431.77,3740.57,8.7692,4862.74,MODERATE
POL005499,1,40900,0.5117,0.69577,32873.46,32873.46,22872.38,10.4005,29734.09,VERY_HIGH
POL005500,0,0,0.2815,0.476913,17182.87,17182.87,8194.74,9.7517,10653.16,HIGH
POL005501,0,0,1.0,0.774055,16813.58,16813.58,13014.63,9.73,16919.02,VERY_HIGH
POL005502,0,0,0.8305,0.691982,6778.34,6778.34,4690.49,8.8216,6097.64,MODERATE
POL005503,0,0,0.854,0.360423,14413.23,14413.23,5194.86,9.576,6753.32,MODERATE
POL005504,0,0,0.5,0.746914,6264.23,6264.23,4678.84,8.7428,6082.49,MODERATE
POL005505,0,0,0.7714,0.293509,6079.97,6079.97,1784.52,8.7129,2319.88,LOW
POL005506,1,5856,1.0,0.291241,4838.32,4838.32,1409.12,8.4845,1831.85,LOW
POL005507,0,0,0.3279,0.338716,13802.77,13802.77,4675.22,9.5327,6077.78,MODERATE
POL005508,0,0,1.0,0.512391,5868.89,5868.89,3007.17,8.6776,3909.32,MODERATE
POL005509,0,0,0.8263,0.608088,8324.29,8324.29,5061.9,9.0271,6580.47,MODERATE
POL005510,0,0,0.9057,0.451067,23870.17,23870.17,10767.05,10.0804,13997.17,HIGH
POL005511,0,0,0.5,0.338598,3488.52,3488.52,1181.21,8.1575,1535.57,LOW
POL005512,0,0,0.5,0.491006,5054.75,5054.75,2481.91,8.5283,3226.49,MODERATE
POL005513,1,8142,0.3847,0.880842,11837.48,11837.48,10426.95,9.3791,13555.03,HIGH
POL005514,0,0,0.5562,0.335766,19798.18,19798.18,6647.56,9.8934,8641.82,HIGH
POL005515,0,0,1.0,0.508614,3683.85,3683.85,1873.65,8.212,2435.75,MODERATE
POL005516,0,0,0.5,0.477599,2369.9,2369.9,1131.86,7.771,1471.42,LOW
POL005517,0,0,0.5445,0.262446,13201.46,13201.46,3464.67,9.4882,4504.08,MODERATE
POL005518,0,0,0.25,0.520015,12084.03,12084.03,6283.87,9.3997,8169.03,HIGH
POL005519,0,0,0.5,0.31425,3068.45,3068.45,964.26,8.0293,1253.54,LOW
POL005520,0,0,0.7312,0.300348,12720.49,12720.49,3820.58,9.451,4966.75,MODERATE
POL005521,0,0,0.4441,0.547935,7485.49,7485.49,4101.56,8.9209,5332.03,MODERATE
POL005522,0,0,0.5,0.901629,6910.06,6910.06,6230.31,8.8409,8099.4,HIGH
POL005523,0,0,0.6263,0.18093,5489.72,5489.72,993.25,8.6108,1291.23,LOW
POL005524,0,0,1.0,0.564071,3116.24,3116.24,1757.78,8.0447,2285.11,LOW
POL005525,0,0,0.5875,0.492155,13367.07,13367.07,6578.67,9.5006,8552.27,HIGH
POL005526,1,3070,1.0,0.352571,4185.8,4185.8,1475.79,8.3397,1918.53,LOW
POL005527,0,0,1.0,0.318104,5463.73,5463.73,1738.04,8.6061,2259.45,LOW
POL005528,0,0,0.5,0.565957,17236.59,17236.59,9755.17,9.7548,12681.73,HIGH
POL005529,0,0,1.0,0.140413,7270.38,7270.38,1020.86,8.8917,1327.11,LOW
POL005530,0,0,1.0,0.37807,14297.45,14297.45,5405.44,9.5679,7027.08,MODERATE
POL005531,0,0,0.25,0.429616,4700.56,4700.56,2019.44,8.4556,2625.27,MODERATE
POL005532,0,0,0.5,0.521176,17656.84,17656.84,9202.33,9.7789,11963.03,HIGH
POL005533,0,0,0.5,0.833094,7871.52,7871.52,6557.72,8.9711,8525.03,HIGH
POL005534,0,0,0.9448,0.496437,3858.44,3858.44,1915.47,8.2583,2490.12,MODERATE
POL005535,0,0,0.6274,0.243341,3722.13,3722.13,905.75,8.2223,1177.47,LOW
POL005536,0,0,0.1665,0.435218,19973.39,19973.39,8692.78,9.9022,11300.61,HIGH
POL005537,0,0,0.2153,0.404953,37923.8,37923.8,15357.35,10.5434,19964.55,VERY_HIGH
POL005538,0,0,1.0,0.718684,16862.83,16862.83,12119.04,9.7329,15754.76,VERY_HIGH
POL005539,0,0,0.6746,0.421768,4326.18,4326.18,1824.64,8.3727,2372.04,MODERATE
POL005540,1,18139,0.9437,0.419444,12009.64,12009.64,5037.38,9.3935,6548.59,MODERATE
POL005541,0,0,1.0,0.241425,6892.9,6892.9,1664.12,8.8384,2163.36,LOW
POL005542,0,0,0.4349,0.353331,11694.02,11694.02,4131.87,9.3669,5371.43,MODERATE
POL005543,0,0,0.9208,0.483616,10362.48,10362.48,5011.46,9.246,6514.9,MODERATE
POL005544,0,0,0.8629,0.37009,4854.91,4854.91,1796.75,8.488,2335.78,LOW
POL005545,0,0,1.0,0.264478,5478.56,5478.56,1448.96,8.6088,1883.65,LOW
POL005546,0,0,0.9861,0.242443,2981.99,2981.99,722.96,8.0007,939.85,LOW
POL005547,0,0,1.0,0.440889,6888.13,6888.13,3036.9,8.8377,3947.97,MODERATE
POL005548,0,0,0.7886,0.312165,16861.57,16861.57,5263.59,9.7329,6842.66,MODERATE
POL005549,0,0,0.2759,0.304473,7731.25,7731.25,2353.95,8.9532,3060.14,MODERATE
POL005550,0,0,0.1607,0.358675,7414.68,7414.68,2659.46,8.9114,3457.3,MODERATE
POL005551,0,0,1.0,0.158652,5830.69,5830.69,925.05,8.6711,1202.57,LOW
POL005552,0,0,1.0,0.198676,6190.96,6190.96,1229.99,8.731,1598.99,LOW
POL005553,0,0,0.4327,0.223042,16473.8,16473.8,3674.36,9.7096,4776.66,MODERATE
POL005554,0,0,0.3512,0.376923,8319.84,8319.84,3135.94,9.0265,4076.72,MODERATE
POL005555,0,0,0.5,0.397443,6932.18,6932.18,2755.14,8.8441,3581.69,MODERATE
POL005556,0,0,0.2817,0.46593,9184.25,9184.25,4279.22,9.1254,5562.98,MODERATE
POL005557,0,0,1.0,0.832022,11654.47,11654.47,9696.77,9.3635,12605.8,HIGH
POL005558,0,0,1.0,0.757727,7860.71,7860.71,5956.27,8.9698,7743.15,HIGH
POL005559,0,0,0.4943,0.649139,10297.25,10297.25,6684.35,9.2397,8689.65,HIGH
POL005560,1,3071,1.0,0.735501,4968.99,4968.99,3654.7,8.5112,4751.1,MODERATE
POL005561,0,0,0.1962,0.607233,14541.99,14541.99,8830.37,9.5849,11479.48,HIGH
POL005562,0,0,1.0,0.150673,5828.45,5828.45,878.19,8.6707,1141.65,LOW
POL005563,0,0,0.5331,0.491774,4874.14,4874.14,2396.97,8.4919,3116.07,MODERATE
POL005564,0,0,1.0,0.387796,4366.18,4366.18,1693.18,8.3819,2201.14,LOW
POL005565,0,0,0.5,0.476036,3996.06,3996.06,1902.27,8.2933,2472.95,MODERATE
POL005566,0,0,0.25,0.614349,9743.24,9743.24,5985.75,9.1844,7781.47,HIGH
POL005567,0,0,1.0,0.452618,8479.9,8479.9,3838.16,9.0456,4989.61,MODERATE
POL005568,0,0,1.0,0.588718,13131.12,13131.12,7730.53,9.4828,10049.69,HIGH
POL005569,0,0,0.8372,0.355042,4443.0,4443.0,1577.45,8.3993,2050.69,LOW
POL005570,0,0,0.3655,0.268844,10217.41,10217.41,2746.89,9.2319,3570.95,MODERATE
POL005571,1,2282,0.3637,0.653981,14688.47,14688.47,9605.97,9.5949,12487.77,HIGH
POL005572,0,0,0.4801,0.27349,17539.63,17539.63,4796.91,9.7723,6235.98,MODERATE
POL005573,0,0,0.8144,0.628196,7511.0,7511.0,4718.38,8.9243,6133.9,MODERATE
POL005574,0,0,1.0,0.492868,11860.14,11860.14,5845.48,9.381,7599.13,HIGH
POL005575,0,0,1.0,0.338235,8480.29,8480.29,2868.33,9.0456,3728.83,MODERATE
POL005576,0,0,0.8135,0.578847,4945.31,4945.31,2862.58,8.5064,3721.35,MODERATE
POL005577,0,0,1.0,0.32489,4697.52,4697.52,1526.18,8.455,1984.03,LOW
POL005578,0,0,1.0,0.77019,6045.32,6045.32,4656.05,8.7072,6052.86,MODERATE
POL005579,0,0,0.5,0.287816,18190.87,18190.87,5235.62,9.8087,6806.31,MODERATE
POL005580,0,0,0.25,0.608919,11506.52,11506.52,7006.53,9.3508,9108.49,HIGH
POL005581,1,4770,1.0,0.681338,3660.68,3660.68,2494.16,8.2057,3242.41,MODERATE
POL005582,0,0,0.2727,0.320514,8043.4,8043.4,2578.02,8.9927,3351.43,MODERATE
POL005583,0,0,1.0,0.481854,3265.18,3265.18,1573.34,8.0914,2045.34,LOW
POL005584,0,0,0.1559,0.330493,55076.23,55076.23,18202.32,10.9165,23663.01,VERY_HIGH
POL005585,0,0,1.0,0.555588,17961.15,17961.15,9979.0,9.796,12972.69,HIGH
POL005586,0,0,0.7178,0.340542,11255.92,11255.92,3833.11,9.3287,4983.05,MODERATE
POL005587,1,10020,0.947,0.365183,12273.43,12273.43,4482.05,9.4153,5826.67,MODERATE
POL005588,0,0,1.0,0.326398,4194.35,4194.35,1369.03,8.3417,1779.74,LOW
POL005589,0,0,1.0,0.238722,5864.97,5864.97,1400.1,8.6769,1820.12,LOW
POL005590,0,0,0.5,0.351881,11588.09,11588.09,4077.62,9.3578,5300.91,MODERATE
POL005591,0,0,0.4165,0.46722,14718.11,14718.11,6876.59,9.5969,8939.57,HIGH
POL005592,0,0,0.814,0.420719,15141.94,15141.94,6370.5,9.6253,8281.65,HIGH
POL005593,0,0,0.5571,0.405405,10228.56,10228.56,4146.71,9.233,5390.72,MODERATE
POL005594,0,0,1.0,0.10539,12558.71,12558.71,1323.57,9.4382,1720.64,LOW
POL005595,0,0,0.7014,0.22803,20750.85,20750.85,4731.81,9.9404,6151.36,MODERATE
POL005596,0,0,1.0,0.364175,13904.95,13904.95,5063.84,9.5401,6582.99,MODERATE
POL005597,0,0,1.0,0.244819,3018.71,3018.71,739.04,8.0129,960.75,LOW
POL005598,0,0,0.3793,0.373926,33589.76,33589.76,12560.1,10.422,16328.13,VERY_HIGH
POL005599,0,0,0.5,0.284369,6780.05,6780.05,1928.04,8.8219,2506.45,MODERATE
POL005600,0,0,1.0,0.317413,9288.58,9288.58,2948.31,9.1366,3832.81,MODERATE
POL005601,1,12137,0.5,0.307725,6208.6,6208.6,1910.54,8.7339,2483.7,MODERATE
POL005602,0,0,0.5,0.680488,11989.22,11989.22,8158.52,9.3918,10606.07,HIGH
POL005603,0,0,0.6935,0.495429,4190.88,4190.88,2076.29,8.3409,2699.17,MODERATE
POL005604,0,0,0.6228,0.702912,8067.62,8067.62,5670.83,8.9957,7372.07,HIGH
POL005605,0,0,0.2049,0.311689,38894.13,38894.13,12122.89,10.5686,15759.76,VERY_HIGH
POL005606,0,0,0.375,0.583162,18041.99,18041.99,10521.4,9.8005,13677.82,HIGH
POL005607,1,19033,0.9124,0.54543,34690.0,34690.0,18920.95,10.4542,24597.24,VERY_HIGH
POL005608,0,0,1.0,0.222109,22636.9,22636.9,5027.85,10.0274,6536.2,MODERATE
POL005609,0,0,0.8274,0.394829,8125.68,8125.68,3208.26,9.0029,4170.73,MODERATE
POL005610,0,0,0.419,0.212416,13024.72,13024.72,2766.66,9.4747,3596.66,MODERATE
POL005611,0,0,1.0,0.542367,4501.14,4501.14,2441.27,8.4123,3173.65,MODERATE
POL005612,0,0,1.0,0.248977,3491.09,3491.09,869.2,8.1583,1129.96,LOW
POL005613,0,0,1.0,0.359969,7277.02,7277.02,2619.5,8.8926,3405.35,MODERATE
POL005614,0,0,1.0,0.29198,6189.01,6189.01,1807.07,8.7307,2349.19,MODERATE
POL005615,0,0,0.5399,0.486357,4499.29,4499.29,2188.26,8.4119,2844.74,MODERATE
POL005616,0,0,0.5,0.629262,19859.19,19859.19,12496.64,9.8965,16245.63,VERY_HIGH
POL005617,0,0,0.637,0.360726,5397.47,5397.47,1947.01,8.5939,2531.11,MODERATE
POL005618,0,0,1.0,0.592131,7256.95,7256.95,4297.07,8.8899,5586.19,MODERATE
POL005619,0,0,0.9785,0.779567,6761.83,6761.83,5271.3,8.8192,6852.69,MODERATE
POL005620,0,0,0.2755,0.290913,10631.84,10631.84,3092.94,9.2717,4020.82,MODERATE
POL005621,0,0,0.5096,0.252794,23324.0,23324.0,5896.18,10.0573,7665.03,HIGH
POL005622,0,0,0.25,0.307472,12266.99,12266.99,3771.75,9.4147,4903.27,MODERATE
POL005623,0,0,0.8317,0.585359,8967.04,8967.04,5248.94,9.1014,6823.62,MODERATE
POL005624,0,0,1.0,0.3297,6285.52,6285.52,2072.34,8.7462,2694.04,MODERATE
POL005625,0,0,1.0,0.265188,5411.04,5411.04,1434.94,8.5964,1865.42,LOW
POL005626,0,0,1.0,0.451627,4999.17,4999.17,2257.76,8.5172,2935.09,MODERATE
POL005627,0,0,0.1656,0.274345,8441.69,8441.69,2315.94,9.0411,3010.72,MODERATE
POL005628,1,3727,0.7145,0.605008,7100.26,7100.26,4295.72,8.868,5584.43,MODERATE
POL005629,0,0,0.32,0.744118,17478.24,17478.24,13005.87,9.7688,16907.63,VERY_HIGH
POL005630,0,0,0.4283,0.40951,11914.15,11914.15,4878.96,9.3856,6342.65,MODERATE
POL005631,0,0,0.5,0.777192,5893.47,5893.47,4580.36,8.6818,5954.47,MODERATE
POL005632,0,0,1.0,0.457416,7845.31,7845.31,3588.57,8.9678,4665.15,MODERATE
POL005633,0,0,1.0,0.648809,14139.26,14139.26,9173.69,9.5568,11925.79,HIGH
POL005634,0,0,0.7007,0.332485,11421.31,11421.31,3797.41,9.3433,4936.64,MODERATE
POL005635,0,0,0.5365,0.312014,4197.42,4197.42,1309.65,8.3425,1702.55,LOW
POL005636,0,0,0.4366,0.242117,14986.29,14986.29,3628.44,9.615,4716.97,MODERATE
POL005637,0,0,0.25,0.607797,26954.38,26954.38,16382.79,10.2019,21297.63,VERY_HIGH
POL005638,0,0,0.6146,0.460196,23510.01,23510.01,10819.2,10.0652,14064.96,HIGH
POL005639,0,0,0.8164,0.333899,4068.05,4068.05,1358.32,8.3112,1765.82,LOW
POL005640,0,0,0.5,0.215926,3448.68,3448.68,744.66,8.146,968.06,LOW
POL005641,0,0,0.5915,0.269016,7061.54,7061.54,1899.67,8.8626,2469.57,MODERATE
POL005642,0,0,1.0,0.276704,3518.82,3518.82,973.67,8.1662,1265.77,LOW
POL005643,0,0,1.0,0.646541,7732.85,7732.85,4999.6,8.9534,6499.48,MODERATE
POL005644,0,0,0.5,0.546861,10845.77,10845.77,5931.13,9.2916,7710.47,HIGH
POL005645,0,0,0.5917,0.588256,4763.22,4763.22,2801.99,8.4689,3642.59,MODERATE
POL005646,0,0,0.5,0.565728,17499.71,17499.71,9900.09,9.77,12870.11,HIGH
POL005647,0,0,0.4389,0.520353,10515.23,10515.23,5471.63,9.2607,7113.12,MODERATE
POL005648,0,0,0.7069,0.167058,5105.87,5105.87,852.98,8.5383,1108.87,LOW
POL005649,0,0,1.0,0.331044,7989.89,7989.89,2645.01,8.9861,3438.51,MODERATE
POL005650,0,0,0.5,0.205275,15305.94,15305.94,3141.93,9.6361,4084.51,MODERATE
POL005651,1,15343,0.5,0.801856,7585.18,7585.18,6082.23,8.9341,7906.9,HIGH
POL005652,0,0,0.9651,0.227993,25386.43,25386.43,5787.93,10.142,7524.3,HIGH
POL005653,1,3219,1.0,0.41602,6081.6,6081.6,2530.07,8.7132,3289.09,MODERATE
POL005654,0,0,0.3794,0.383135,4396.0,4396.0,1684.26,8.3887,2189.54,LOW
POL005655,0,0,0.2188,0.319178,8447.41,8447.41,2696.23,9.0417,3505.1,MODERATE
POL005656,0,0,0.8902,0.3482,24298.3,24298.3,8460.67,10.0982,10998.88,HIGH
POL005657,0,0,0.5,0.756595,45894.4,45894.4,34723.47,10.7341,45140.51,VERY_HIGH
POL005658,1,4698,0.6573,0.87541,11548.9,11548.9,10110.02,9.3544,13143.03,HIGH
POL005659,0,0,0.25,0.308468,7474.87,7474.87,2305.75,8.9194,2997.48,MODERATE
POL005660,0,0,1.0,0.373382,7571.24,7571.24,2826.97,8.9322,3675.06,MODERATE
POL005661,0,0,0.5,0.432127,5523.81,5523.81,2386.99,8.617,3103.08,MODERATE
POL005662,0,0,1.0,0.233656,3410.51,3410.51,796.89,8.1349,1035.95,LOW
POL005663,0,0,0.0884,0.482381,28014.82,28014.82,13513.81,10.2405,17567.95,VERY_HIGH
POL005664,0,0,1.0,0.403665,6351.42,6351.42,2563.85,8.7566,3333.0,MODERATE
POL005665,0,0,1.0,0.221219,17823.04,17823.04,3942.8,9.7883,5125.64,MODERATE
POL005666,0,0,0.25,0.527967,19985.06,19985.06,10551.45,9.9028,13716.89,HIGH
POL005667,0,0,1.0,0.169899,7143.67,7143.67,1213.7,8.8741,1577.81,LOW
POL005668,0,0,0.5,0.48127,8716.04,8716.04,4194.77,9.073,5453.2,MODERATE
POL005669,0,0,0.5,0.319239,36726.05,36726.05,11724.38,10.5113,15241.7,HIGH
POL005670,0,0,1.0,0.307032,5281.2,5281.2,1621.49,8.5721,2107.94,LOW
POL005671,0,0,1.0,0.621646,25408.83,25408.83,15795.3,10.1429,20533.89,VERY_HIGH
POL005672,0,0,1.0,0.384278,5648.53,5648.53,2170.6,8.6393,2821.79,MODERATE
POL005673,0,0,0.3711,0.462236,8659.54,8659.54,4002.75,9.0665,5203.57,MODERATE
POL005674,0,0,0.8622,0.671332,11771.62,11771.62,7902.66,9.3735,10273.46,HIGH
POL005675,1,3539,0.2375,0.711052,14458.09,14458.09,10280.46,9.5791,13364.6,HIGH
POL005676,1,5000000,0.2559,0.494488,106691.53,106691.53,52757.68,11.5777,68584.98,VERY_HIGH
POL005677,0,0,1.0,0.171481,5528.8,5528.8,948.09,8.6179,1232.51,LOW
POL005678,0,0,0.4791,0.160264,11570.57,11570.57,1854.35,9.3563,2410.65,MODERATE
POL005679,0,0,0.5386,0.834715,21321.65,21321.65,17797.5,9.9675,23136.74,VERY_HIGH
POL005680,0,0,0.25,0.223715,33686.05,33686.05,7536.09,10.4249,9796.91,HIGH
POL005681,0,0,0.7301,0.555957,28454.29,28454.29,15819.36,10.2561,20565.17,VERY_HIGH
POL005682,0,0,0.6802,0.247509,4185.86,4185.86,1036.04,8.3397,1346.85,LOW
POL005683,0,0,0.25,0.287199,7673.06,7673.06,2203.69,8.9456,2864.8,MODERATE
POL005684,0,0,1.0,0.428407,4326.71,4326.71,1853.59,8.3728,2409.67,MODERATE
POL005685,1,4287,1.0,0.391076,4514.53,4514.53,1765.52,8.4153,2295.18,LOW
POL005686,0,0,1.0,0.202122,6846.23,6846.23,1383.78,8.8316,1798.91,LOW
POL005687,1,16117,0.273,0.909002,20193.7,20193.7,18356.12,9.9132,23862.95,VERY_HIGH
POL005688,0,0,1.0,0.260214,4552.96,4552.96,1184.74,8.4238,1540.17,LOW
POL005689,0,0,1.0,0.205587,3574.4,3574.4,734.85,8.1818,955.3,LOW
POL005690,1,9852,0.5,0.712172,7559.03,7559.03,5383.33,8.9306,6998.32,MODERATE
POL005691,0,0,0.5,0.256659,12914.49,12914.49,3314.62,9.4662,4309.01,MODERATE
POL005692,0,0,1.0,0.620982,20160.04,20160.04,12519.02,9.9115,16274.72,VERY_HIGH
POL005693,1,2865469,0.7371,0.49536,52804.46,52804.46,26157.23,10.8744,34004.4,VERY_HIGH
POL005694,0,0,0.6877,0.253277,5168.38,5168.38,1309.03,8.5505,1701.74,LOW
POL005695,0,0,0.5,0.233506,11434.57,11434.57,2670.05,9.3445,3471.06,MODERATE
POL005696,0,0,1.0,0.314195,6958.56,6958.56,2186.34,8.8479,2842.25,MODERATE
POL005697,0,0,0.5,0.515115,12972.61,12972.61,6682.39,9.4707,8687.1,HIGH
POL005698,0,0,1.0,0.669346,10479.91,10479.91,7014.68,9.2573,9119.09,HIGH
POL005699,1,8413,0.5,0.392612,3608.22,3608.22,1416.63,8.1912,1841.62,LOW
POL005700,0,0,0.25,0.486945,12579.89,12579.89,6125.72,9.4399,7963.43,HIGH
POL005701,0,0,0.7384,0.353339,16516.6,16516.6,5835.96,9.7122,7586.75,HIGH
POL005702,0,0,1.0,0.296656,4006.26,4006.26,1188.48,8.2959,1545.03,LOW
POL005703,0,0,0.203,0.240067,15604.18,15604.18,3746.04,9.6554,4869.86,MODERATE
POL005704,0,0,0.9453,0.49897,4254.1,4254.1,2122.67,8.3559,2759.47,MODERATE
POL005705,0,0,1.0,0.33793,7000.94,7000.94,2365.83,8.8539,3075.58,MODERATE
POL005706,0,0,0.5,0.530147,15688.38,15688.38,8317.14,9.6607,10812.28,HIGH
POL005707,0,0,0.5402,0.270952,15148.32,15148.32,4104.47,9.6257,5335.82,MODERATE
POL005708,0,0,0.616,0.582645,4970.05,4970.05,2895.78,8.5114,3764.51,MODERATE
POL005709,0,0,0.8961,0.283182,21738.31,21738.31,6155.89,9.9869,8002.66,HIGH
POL005710,0,0,0.5848,0.585828,8873.98,8873.98,5198.62,9.091,6758.21,MODERATE
POL005711,0,0,1.0,0.262754,3524.33,3524.33,926.03,8.1677,1203.84,LOW
POL005712,1,11032,1.0,0.579723,6580.74,6580.74,3815.01,8.7921,4959.51,MODERATE
POL005713,0,0,0.25,0.094702,3156.22,3156.22,298.9,8.0574,500.0,LOW
POL005714,1,15251,0.4149,0.818465,11179.19,11179.19,9149.78,9.3219,11894.71,HIGH
POL005715,0,0,0.25,0.2501,7749.65,7749.65,1938.19,8.9555,2519.65,MODERATE
POL005716,0,0,0.25,0.366164,5627.66,5627.66,2060.65,8.6356,2678.84,MODERATE
POL005717,0,0,1.0,0.359468,3291.2,3291.2,1183.08,8.0993,1538.0,LOW
POL005718,0,0,1.0,0.37239,9030.1,9030.1,3362.72,9.1084,4371.53,MODERATE
POL005719,0,0,0.7815,0.242496,4035.93,4035.93,978.7,8.3032,1272.31,LOW
POL005720,0,0,0.5157,0.387432,14204.51,14204.51,5503.28,9.5614,7154.27,HIGH
POL005721,0,0,0.5582,0.350406,3634.71,3634.71,1273.63,8.1986,1655.71,LOW
POL005722,0,0,1.0,0.170038,7049.47,7049.47,1198.68,8.8608,1558.28,LOW
POL005723,0,0,0.25,0.439783,6190.86,6190.86,2722.64,8.731,3539.43,MODERATE
POL005724,0,0,0.6156,0.32046,36727.17,36727.17,11769.58,10.5113,15300.45,HIGH
POL005725,0,0,1.0,0.73489,16585.68,16585.68,12188.65,9.7164,15845.24,VERY_HIGH
POL005726,0,0,0.9072,0.375628,5982.32,5982.32,2247.12,8.6967,2921.26,MODERATE
POL005727,0,0,1.0,0.17337,5359.3,5359.3,929.14,8.5868,1207.89,LOW
POL005728,0,0,1.0,0.258351,5818.22,5818.22,1503.14,8.6689,1954.09,LOW
POL005729,0,0,0.6589,0.366994,6868.15,6868.15,2520.57,8.8348,3276.74,MODERATE
POL005730,0,0,0.4446,0.254131,13027.27,13027.27,3310.63,9.4749,4303.81,MODERATE
POL005731,1,2267,0.7368,0.478122,2562.55,2562.55,1225.21,7.8491,1592.78,LOW
POL005732,0,0,0.4053,0.338532,4892.47,4892.47,1656.26,8.4957,2153.13,LOW
POL005733,0,0,0.5,0.770592,7844.88,7844.88,6045.2,8.9677,7858.76,HIGH
POL005734,0,0,0.9982,0.148491,10191.84,10191.84,1513.4,9.2294,1967.42,LOW
POL005735,0,0,1.0,0.494515,8254.77,8254.77,4082.11,9.0187,5306.74,MODERATE
POL005736,0,0,1.0,0.37772,5062.84,5062.84,1912.33,8.5299,2486.03,MODERATE
POL005737,0,0,0.2283,0.48173,23241.29,23241.29,11196.02,10.0537,14554.83,HIGH
POL005738,0,0,1.0,0.227513,3909.35,3909.35,889.43,8.2714,1156.26,LOW
POL005739,0,0,1.0,0.249458,12138.31,12138.31,3028.0,9.4042,3936.4,MODERATE
POL005740,0,0,0.5,0.657914,20235.4,20235.4,13313.14,9.9152,17307.08,VERY_HIGH
POL005741,0,0,0.718,0.29779,5534.34,5534.34,1648.07,8.6189,2142.49,LOW
POL005742,0,0,0.5,0.479494,12527.7,12527.7,6006.95,9.4358,7809.04,HIGH
POL005743,0,0,0.25,0.815777,7934.93,7934.93,6473.13,8.9792,8415.07,HIGH
POL005744,0,0,1.0,0.540924,6689.93,6689.93,3618.74,8.8085,4704.36,MODERATE
POL005745,0,0,1.0,0.409341,14433.38,14433.38,5908.18,9.5774,7680.64,HIGH
POL005746,0,0,0.5495,0.36455,23415.57,23415.57,8536.14,10.0612,11096.98,HIGH
POL005747,0,0,1.0,0.50351,7429.55,7429.55,3740.85,8.9134,4863.1,MODERATE
POL005748,0,0,0.1179,0.268441,15654.9,15654.9,4202.42,9.6586,5463.15,MODERATE
POL005749,0,0,0.3978,0.553806,14477.29,14477.29,8017.61,9.5804,10422.89,HIGH
POL005750,0,0,0.4767,0.421134,7890.01,7890.01,3322.75,8.9735,4319.58,MODERATE
POL005751,0,0,0.7807,0.350824,10577.16,10577.16,3710.72,9.2665,4823.94,MODERATE
POL005752,0,0,1.0,0.300694,7722.14,7722.14,2322.0,8.952,3018.61,MODERATE
POL005753,0,0,0.4827,0.249501,7713.43,7713.43,1924.51,8.9508,2501.86,MODERATE
POL005754,0,0,1.0,0.373015,6874.08,6874.08,2564.13,8.8357,3333.37,MODERATE
POL005755,0,0,0.4536,0.460968,19646.38,19646.38,9056.36,9.8857,11773.27,HIGH
POL005756,0,0,1.0,0.451739,5512.6,5512.6,2490.26,8.615,3237.33,MODERATE
POL005757,0,0,0.2858,0.349377,12295.94,12295.94,4295.92,9.4171,5584.7,MODERATE
POL005758,0,0,0.25,0.32867,24730.98,24730.98,8128.33,10.1159,10566.82,HIGH
POL005759,0,0,1.0,0.643629,2301.08,2301.08,1481.04,7.7416,1925.35,LOW
POL005760,0,0,0.25,0.15921,6052.21,6052.21,963.57,8.7083,1252.65,LOW
POL005761,0,0,0.9076,0.297499,61376.28,61376.28,18259.41,11.0248,23737.23,VERY_HIGH
POL005762,0,0,1.0,0.377276,22547.36,22547.36,8506.57,10.0234,11058.55,HIGH
POL005763,0,0,0.25,0.337705,7341.71,7341.71,2479.33,8.9015,3223.13,MODERATE
POL005764,0,0,1.0,0.316334,25669.77,25669.77,8120.21,10.1531,10556.27,HIGH
POL005765,1,7855,0.25,0.577076,15855.51,15855.51,9149.83,9.6713,11894.78,HIGH
POL005766,0,0,0.9046,0.373721,3672.66,3672.66,1372.55,8.2089,1784.32,LOW
POL005767,0,0,0.25,0.20527,5919.37,5919.37,1215.07,8.6862,1579.59,LOW
POL005768,0,0,0.4208,0.420978,13400.68,13400.68,5641.39,9.5031,7333.8,HIGH
POL005769,0,0,0.25,0.3868,6698.43,6698.43,2590.96,8.8098,3368.24,MODERATE
POL005770,0,0,1.0,0.2242,13101.88,13101.88,2937.44,9.4806,3818.67,MODERATE
POL005771,0,0,0.6009,0.406585,2821.16,2821.16,1147.04,7.9453,1491.16,LOW
POL005772,1,5596,0.3871,0.675991,11369.88,11369.88,7685.94,9.3388,9991.73,HIGH
POL005773,0,0,0.5,0.362504,5974.1,5974.1,2165.63,8.6954,2815.32,MODERATE
POL005774,0,0,0.5,0.767816,4436.17,4436.17,3406.16,8.3978,4428.01,MODERATE
POL005775,0,0,0.5756,0.71848,15856.62,15856.62,11392.67,9.6714,14810.47,HIGH
POL005776,0,0,1.0,0.334182,9937.08,9937.08,3320.8,9.2041,4317.03,MODERATE
POL005777,0,0,0.3159,0.461049,11112.05,11112.05,5123.2,9.3159,6660.16,MODERATE
POL005778,0,0,1.0,0.360542,15398.08,15398.08,5551.65,9.6421,7217.15,HIGH
POL005779,0,0,0.4634,0.270318,15400.8,15400.8,4163.12,9.6422,5412.05,MODERATE
POL005780,1,2782,1.0,0.708643,4812.04,4812.04,3410.02,8.4791,4433.03,MODERATE
POL005781,1,663597,0.5,0.314049,21976.41,21976.41,6901.67,9.9978,8972.17,HIGH
POL005782,0,0,1.0,0.206945,6693.61,6693.61,1385.21,8.8091,1800.77,LOW
POL005783,1,1087,0.7565,0.324193,2927.61,2927.61,949.11,7.9823,1233.84,LOW
POL005784,0,0,0.6748,0.537683,8467.48,8467.48,4552.82,9.0441,5918.66,MODERATE
POL005785,0,0,0.9025,0.562041,7247.06,7247.06,4073.14,8.8885,5295.08,MODERATE
POL005786,0,0,0.5014,0.431189,71798.8,71798.8,30958.84,11.1816,40246.49,VERY_HIGH
POL005787,0,0,0.5,0.366779,5085.45,5085.45,1865.24,8.5343,2424.81,MODERATE
POL005788,0,0,1.0,0.478146,8448.7,8448.7,4039.71,9.0419,5251.62,MODERATE
POL005789,0,0,0.7789,0.312811,55667.01,55667.01,17413.26,10.9272,22637.24,VERY_HIGH
POL005790,1,1315,0.5,0.567414,4325.92,4325.92,2454.59,8.3726,3190.97,MODERATE
POL005791,0,0,0.3451,0.597453,16200.78,16200.78,9679.2,9.6929,12582.96,HIGH
POL005792,0,0,1.0,0.395309,6969.93,6969.93,2755.27,8.8495,3581.85,MODERATE
POL005793,0,0,0.25,0.233793,5897.51,5897.51,1378.8,8.6825,1792.44,LOW
POL005794,0,0,0.4559,0.302104,12411.61,12411.61,3749.6,9.4265,4874.47,MODERATE
POL005795,0,0,0.5,0.290238,4331.77,4331.77,1257.24,8.374,1634.42,LOW
POL005796,0,0,1.0,0.491659,6177.91,6177.91,3037.43,8.7289,3948.66,MODERATE
POL005797,0,0,0.5692,0.358419,16252.5,16252.5,5825.21,9.6961,7572.78,HIGH
POL005798,0,0,0.5,0.669232,18057.93,18057.93,12084.94,9.8014,15710.43,VERY_HIGH
POL005799,0,0,1.0,0.272066,5439.19,5439.19,1479.82,8.6016,1923.77,LOW
POL005800,0,0,0.5963,0.366534,15579.13,15579.13,5710.28,9.6538,7423.37,HIGH
POL005801,0,0,0.3869,0.489047,11077.25,11077.25,5417.29,9.3127,7042.48,MODERATE
POL005802,0,0,0.6823,0.39954,5194.09,5194.09,2075.25,8.5555,2697.82,MODERATE
POL005803,0,0,1.0,0.347958,10873.65,10873.65,3783.57,9.2942,4918.64,MODERATE
POL005804,1,13346,0.3618,0.312476,12148.71,12148.71,3796.18,9.4051,4935.03,MODERATE
POL005805,0,0,0.25,0.310808,4958.7,4958.7,1541.21,8.5091,2003.57,LOW
POL005806,0,0,1.0,0.466147,15920.88,15920.88,7421.47,9.6754,9647.91,HIGH
POL005807,0,0,1.0,0.789196,22727.39,22727.39,17936.37,10.0314,23317.28,VERY_HIGH
POL005808,0,0,1.0,0.238797,5696.57,5696.57,1360.32,8.6478,1768.42,LOW
POL005809,0,0,0.7609,0.677764,10379.54,10379.54,7034.88,9.2477,9145.35,HIGH
POL005810,0,0,0.5,0.477562,7599.78,7599.78,3629.37,8.936,4718.18,MODERATE
POL005811,0,0,0.3744,0.284003,13904.28,13904.28,3948.85,9.54,5133.51,MODERATE
POL005812,1,4610,0.6521,0.3946,10339.12,10339.12,4079.82,9.2438,5303.76,MODERATE
POL005813,0,0,1.0,0.653189,4922.79,4922.79,3215.51,8.5018,4180.16,MODERATE
POL005814,0,0,1.0,0.199618,13304.18,13304.18,2655.76,9.4959,3452.48,MODERATE
POL005815,1,25643,0.5,0.336822,20059.38,20059.38,6756.44,9.9065,8783.37,HIGH
POL005816,0,0,1.0,0.574043,4856.4,4856.4,2787.78,8.4883,3624.12,MODERATE
POL005817,0,0,0.5,0.292375,9683.9,9683.9,2831.33,9.1783,3680.73,MODERATE
POL005818,0,0,1.0,0.695837,6761.19,6761.19,4704.69,8.8191,6116.1,MODERATE
POL005819,0,0,0.2312,0.26246,26284.59,26284.59,6898.64,10.1768,8968.24,HIGH
POL005820,0,0,1.0,0.359729,8441.68,8441.68,3036.72,9.0411,3947.73,MODERATE
POL005821,0,0,0.25,0.594087,6752.84,6752.84,4011.77,8.8179,5215.3,MODERATE
POL005822,1,8086,1.0,0.800797,16743.56,16743.56,13408.2,9.7258,17430.66,VERY_HIGH
POL005823,0,0,0.4077,0.637032,8990.92,8990.92,5727.5,9.1041,7445.75,HIGH
POL005824,0,0,0.25,0.27827,5924.41,5924.41,1648.59,8.687,2143.16,LOW
POL005825,0,0,0.5321,0.425411,10743.74,10743.74,4570.5,9.2822,5941.65,MODERATE
POL005826,0,0,0.5,0.256273,8512.55,8512.55,2181.53,9.0494,2835.99,MODERATE
POL005827,0,0,0.83,0.213778,6108.57,6108.57,1305.88,8.7176,1697.64,LOW
POL005828,0,0,0.1585,0.488921,10381.02,10381.02,5075.49,9.2478,6598.14,MODERATE
POL005829,0,0,1.0,0.239509,5762.85,5762.85,1380.26,8.6594,1794.33,LOW
POL005830,0,0,0.25,0.459077,6920.47,6920.47,3177.03,8.8424,4130.14,MODERATE
POL005831,0,0,0.6817,0.476496,11751.38,11751.38,5599.48,9.3718,7279.33,HIGH
POL005832,0,0,0.1739,0.454515,19540.85,19540.85,8881.6,9.8803,11546.08,HIGH
POL005833,0,0,0.5116,0.380431,11090.41,11090.41,4219.13,9.3139,5484.87,MODERATE
POL005834,0,0,1.0,0.415863,4214.84,4214.84,1752.79,8.3466,2278.63,LOW
POL005835,0,0,0.25,0.445887,5618.27,5618.27,2505.11,8.634,3256.65,MODERATE
POL005836,0,0,1.0,0.264805,5255.48,5255.48,1391.68,8.5672,1809.18,LOW
POL005837,0,0,0.2314,0.768634,15623.63,15623.63,12008.85,9.6566,15611.51,VERY_HIGH
POL005838,0,0,0.9953,0.458376,2483.54,2483.54,1138.4,7.8178,1479.92,LOW
POL005839,0,0,0.8416,0.603054,13685.81,13685.81,8253.29,9.5242,10729.28,HIGH
POL005840,1,23693,0.4206,0.911133,8242.04,8242.04,7509.6,9.0171,9762.48,HIGH
POL005841,0,0,0.8828,0.259472,20487.58,20487.58,5315.95,9.9276,6910.73,MODERATE
POL005842,1,18642,1.0,0.819245,14630.63,14630.63,11986.07,9.5909,15581.89,HIGH
POL005843,0,0,0.4529,0.504444,19104.66,19104.66,9637.22,9.8577,12528.39,HIGH
POL005844,0,0,1.0,0.508954,4374.15,4374.15,2226.24,8.3837,2894.11,MODERATE
POL005845,0,0,1.0,0.711454,41383.53,41383.53,29442.48,10.6307,38275.22,VERY_HIGH
POL005846,0,0,0.5637,0.596563,27089.41,27089.41,16160.54,10.2069,21008.7,VERY_HIGH
POL005847,0,0,1.0,0.396776,5133.92,5133.92,2037.01,8.5438,2648.12,MODERATE
POL005848,0,0,1.0,0.310992,6657.52,6657.52,2070.43,8.8037,2691.56,MODERATE
POL005849,0,0,0.5,0.252961,12136.01,12136.01,3069.94,9.404,3990.92,MODERATE
POL005850,0,0,1.0,0.337443,4207.76,4207.76,1419.88,8.3449,1845.84,LOW
POL005851,0,0,1.0,0.197958,6141.0,6141.0,1215.66,8.7229,1580.36,LOW
POL005852,0,0,0.5,0.573747,6597.92,6597.92,3785.54,8.7947,4921.2,MODERATE
POL005853,0,0,1.0,0.420652,12292.51,12292.51,5170.87,9.4168,6722.13,MODERATE
POL005854,0,0,0.0694,0.854652,28890.09,28890.09,24690.98,10.2713,32098.28,VERY_HIGH
POL005855,0,0,1.0,0.597078,3211.81,3211.81,1917.7,8.0749,2493.01,MODERATE
POL005856,0,0,0.8015,0.576793,6652.52,6652.52,3837.13,8.8029,4988.27,MODERATE
POL005857,0,0,1.0,0.657947,10541.02,10541.02,6935.43,9.2631,9016.06,HIGH
POL005858,0,0,0.5,0.315233,6882.88,6882.88,2169.71,8.8369,2820.63,MODERATE
POL005859,0,0,0.3696,0.320763,15208.64,15208.64,4878.37,9.6297,6341.88,MODERATE
POL005860,0,0,0.9299,0.548677,11433.16,11433.16,6273.11,9.3444,8155.04,HIGH
POL005861,0,0,0.25,0.283692,7804.67,7804.67,2214.12,8.9626,2878.35,MODERATE
POL005862,0,0,0.8184,0.801645,6021.79,6021.79,4827.34,8.7033,6275.54,MODERATE
POL005863,0,0,0.25,0.39585,4857.22,4857.22,1922.73,8.4884,2499.55,MODERATE
POL005864,0,0,1.0,0.409949,4807.47,4807.47,1970.82,8.4781,2562.06,MODERATE
POL005865,0,0,0.757,0.677734,9355.15,9355.15,6340.3,9.1438,8242.39,HIGH
POL005866,0,0,1.0,0.525404,5848.92,5848.92,3073.04,8.6742,3994.96,MODERATE
POL005867,0,0,1.0,0.296885,7424.96,7424.96,2204.36,8.9127,2865.67,MODERATE
POL005868,0,0,0.2468,0.936389,11413.27,11413.27,10687.26,9.3426,13893.44,HIGH
POL005869,0,0,1.0,0.708467,10648.8,10648.8,7544.32,9.2733,9807.62,HIGH
POL005870,0,0,0.3237,0.651338,23576.4,23576.4,15356.21,10.068,19963.08,VERY_HIGH
POL005871,0,0,0.5,0.295655,3847.14,3847.14,1137.43,8.2553,1478.65,LOW
POL005872,0,0,0.3754,0.365174,8677.45,8677.45,3168.78,9.0686,4119.41,MODERATE
POL005873,0,0,0.5,0.654145,11616.71,11616.71,7599.01,9.3603,9878.72,HIGH
POL005874,1,6368,0.0974,0.339805,10034.63,10034.63,3409.82,9.2139,4432.76,MODERATE
POL005875,0,0,0.7617,0.423783,11929.85,11929.85,5055.67,9.3869,6572.37,MODERATE
POL005876,0,0,1.0,0.747253,8085.95,8085.95,6042.25,8.998,7854.93,HIGH
POL005877,0,0,0.335,0.293747,19827.59,19827.59,5824.29,9.8949,7571.58,HIGH
POL005878,0,0,0.5,0.509362,4133.52,4133.52,2105.46,8.3271,2737.1,MODERATE
POL005879,0,0,0.5,0.47478,2228.84,2228.84,1058.21,7.7097,1375.67,LOW
POL005880,0,0,0.5,0.28955,18493.8,18493.8,5354.87,9.8252,6961.33,MODERATE
POL005881,1,8039,1.0,0.435278,17872.6,17872.6,7779.55,9.7911,10113.41,HIGH
POL005882,0,0,0.2023,0.339562,32679.51,32679.51,11096.72,10.3945,14425.73,HIGH
POL005883,0,0,0.3119,0.300283,9585.18,9585.18,2878.27,9.1681,3741.75,MODERATE
POL005884,0,0,1.0,0.292933,7034.75,7034.75,2060.71,8.8588,2678.92,MODERATE
POL005885,0,0,0.9176,0.204224,11667.55,11667.55,2382.8,9.3647,3097.64,MODERATE
POL005886,0,0,0.3103,0.296995,8839.91,8839.91,2625.41,9.0871,3413.03,MODERATE
POL005887,0,0,0.25,0.280213,7392.19,7392.19,2071.39,8.9083,2692.81,MODERATE
POL005888,0,0,0.5,0.428292,5775.57,5775.57,2473.63,8.6616,3215.72,MODERATE
POL005889,0,0,1.0,0.524573,5686.66,5686.66,2983.07,8.6461,3877.99,MODERATE
POL005890,0,0,0.6709,0.683624,9448.73,9448.73,6459.38,9.1537,8397.19,HIGH
POL005891,0,0,0.7263,0.440605,24814.9,24814.9,10933.57,10.1192,14213.64,HIGH
POL005892,0,0,1.0,0.571349,7010.69,7010.69,4005.55,8.8553,5207.21,MODERATE
POL005893,0,0,1.0,0.583593,14837.66,14837.66,8659.16,9.605,11256.91,HIGH
POL005894,0,0,0.5857,0.42844,11824.42,11824.42,5066.05,9.378,6585.86,MODERATE
POL005895,0,0,1.0,0.318263,3013.11,3013.11,958.96,8.0111,1246.65,LOW
POL005896,0,0,0.8072,0.395112,11567.19,11567.19,4570.34,9.356,5941.44,MODERATE
POL005897,0,0,0.5,0.176309,14380.27,14380.27,2535.37,9.5737,3295.98,MODERATE
POL005898,0,0,0.2842,0.860635,20371.8,20371.8,17532.69,9.922,22792.49,VERY_HIGH
POL005899,0,0,0.5,0.331051,4735.59,4735.59,1567.72,8.4631,2038.04,LOW
POL005900,0,0,0.7875,0.335544,4369.9,4369.9,1466.3,8.3827,1906.18,LOW
POL005901,0,0,1.0,0.252794,3868.83,3868.83,978.02,8.261,1271.42,LOW
POL005902,0,0,0.819,0.441952,4693.64,4693.64,2074.37,8.4542,2696.68,MODERATE
POL005903,0,0,0.1899,0.253083,29751.32,29751.32,7529.56,10.3007,9788.42,HIGH
POL005904,0,0,0.5,0.263137,3193.35,3193.35,840.29,8.0691,1092.38,LOW
POL005905,0,0,0.921,0.582797,11451.77,11451.77,6674.05,9.346,8676.27,HIGH
POL005906,0,0,1.0,0.210585,4707.08,4707.08,991.24,8.457,1288.61,LOW
POL005907,1,5196,0.3148,0.920024,10971.22,10971.22,10093.78,9.3031,13121.92,HIGH
POL005908,0,0,0.1487,0.377116,20385.88,20385.88,7687.85,9.9226,9994.2,HIGH
POL005909,0,0,0.4465,0.276668,29670.75,29670.75,8208.93,10.298,10671.61,HIGH
POL005910,0,0,0.8046,0.109618,2900.64,2900.64,317.96,7.973,500.0,LOW
POL005911,0,0,0.25,0.854068,8614.67,8614.67,7357.52,9.0613,9564.77,HIGH
POL005912,0,0,1.0,0.105358,6317.15,6317.15,665.56,8.7512,865.23,LOW
POL005913,0,0,0.5,0.413288,7795.29,7795.29,3221.7,8.9614,4188.21,MODERATE
POL005914,0,0,1.0,0.30638,3883.26,3883.26,1189.76,8.2647,1546.68,LOW
POL005915,0,0,0.3579,0.376938,17567.83,17567.83,6621.99,9.7739,8608.58,HIGH
POL005916,0,0,0.8247,0.195591,10504.92,10504.92,2054.67,9.2597,2671.07,MODERATE
POL005917,0,0,1.0,0.248523,3098.12,3098.12,769.96,8.0389,1000.94,LOW
POL005918,0,0,0.5,0.510347,19804.55,19804.55,10107.2,9.8937,13139.35,HIGH
POL005919,0,0,1.0,0.266203,41393.13,41393.13,11018.96,10.6309,14324.65,HIGH
POL005920,0,0,0.807,0.331108,5471.21,5471.21,1811.56,8.6074,2355.03,MODERATE
POL005921,0,0,0.5,0.907368,17408.77,17408.77,15796.16,9.7648,20535.01,VERY_HIGH
POL005922,0,0,0.3354,0.598266,15665.89,15665.89,9372.37,9.6593,12184.08,HIGH
POL005923,0,0,0.25,0.437295,8255.85,8255.85,3610.24,9.0188,4693.31,MODERATE
POL005924,0,0,0.9729,0.206255,3673.03,3673.03,757.58,8.209,984.86,LOW
POL005925,0,0,0.7424,0.581391,10827.62,10827.62,6295.08,9.2899,8183.61,HIGH
POL005926,1,674,0.756,0.916623,8371.97,8371.97,7673.94,9.0328,9976.12,HIGH
POL005927,0,0,0.9498,0.187274,3877.31,3877.31,726.12,8.2632,943.96,LOW
POL005928,0,0,0.5,0.758145,20730.09,20730.09,15716.42,9.9394,20431.35,VERY_HIGH
POL005929,0,0,0.5,0.37011,5499.63,5499.63,2035.47,8.6126,2646.11,MODERATE
POL005930,1,7370,0.25,0.486152,16150.91,16150.91,7851.8,9.6898,10207.34,HIGH
POL005931,0,0,0.5,0.560634,4549.39,4549.39,2550.54,8.423,3315.7,MODERATE
POL005932,0,0,1.0,0.266828,5055.1,5055.1,1348.84,8.5284,1753.49,LOW
POL005933,0,0,0.5,0.763135,5182.49,5182.49,3954.94,8.5532,5141.42,MODERATE
POL005934,1,3542,1.0,0.459826,4119.32,4119.32,1894.17,8.3237,2462.42,MODERATE
POL005935,0,0,0.3964,0.329351,12892.51,12892.51,4246.16,9.4645,5520.01,MODERATE
POL005936,1,2949,0.5,0.660769,5261.0,5261.0,3476.3,8.5683,4519.2,MODERATE
POL005937,0,0,1.0,0.379466,4438.44,4438.44,1684.24,8.3983,2189.51,LOW
POL005938,0,0,0.8357,0.725803,5428.1,5428.1,3939.73,8.5995,5121.65,MODERATE
POL005939,0,0,1.0,0.394489,17062.49,17062.49,6730.97,9.7447,8750.26,HIGH
POL005940,0,0,1.0,0.737768,16292.56,16292.56,12020.13,9.6985,15626.17,VERY_HIGH
POL005941,0,0,0.7166,0.423481,5036.41,5036.41,2132.82,8.5246,2772.67,MODERATE
POL005942,0,0,0.4047,0.165681,7801.25,7801.25,1292.52,8.9622,1680.28,LOW
POL005943,0,0,0.7018,0.712916,9791.61,9791.61,6980.6,9.1894,9074.77,HIGH
POL005944,0,0,0.4021,0.443445,69218.65,69218.65,30694.64,11.145,39903.03,VERY_HIGH
POL005945,0,0,0.25,0.170016,33243.94,33243.94,5652.02,10.4117,7347.62,HIGH
POL005946,0,0,1.0,0.613098,9231.06,9231.06,5659.54,9.1304,7357.41,HIGH
POL005947,0,0,0.1515,0.46359,18638.44,18638.44,8640.6,9.833,11232.77,HIGH
POL005948,0,0,0.5,0.451949,13314.66,13314.66,6017.55,9.4967,7822.81,HIGH
POL005949,0,0,0.8293,0.353638,4614.33,4614.33,1631.81,8.4371,2121.35,LOW
POL005950,0,0,0.6738,0.385634,10246.3,10246.3,3951.32,9.2348,5136.72,MODERATE
POL005951,0,0,0.1386,0.883399,16863.69,16863.69,14897.36,9.733,19366.56,VERY_HIGH
POL005952,0,0,1.0,0.280524,5502.51,5502.51,1543.59,8.6131,2006.66,LOW
POL005953,0,0,1.0,0.471426,4017.08,4017.08,1893.76,8.2986,2461.89,MODERATE
POL005954,0,0,1.0,0.230244,3429.35,3429.35,789.59,8.1404,1026.46,LOW
POL005955,0,0,1.0,0.394011,3328.67,3328.67,1311.53,8.1106,1704.99,LOW
POL005956,0,0,1.0,0.398123,3222.05,3222.05,1282.77,8.0781,1667.6,LOW
POL005957,0,0,0.973,0.43767,15031.32,15031.32,6578.76,9.618,8552.38,HIGH
POL005958,0,0,0.5,0.340288,5236.88,5236.88,1782.04,8.5637,2316.66,LOW
POL005959,0,0,1.0,0.565379,7965.45,7965.45,4503.49,8.983,5854.54,MODERATE
POL005960,0,0,0.4664,0.589947,9830.6,9830.6,5799.53,9.1934,7539.39,HIGH
POL005961,0,0,0.5685,0.330003,8508.03,8508.03,2807.68,9.0489,3649.98,MODERATE
POL005962,0,0,0.4494,0.475835,17923.49,17923.49,8528.62,9.7939,11087.21,HIGH
POL005963,0,0,1.0,0.167373,3560.03,3560.03,595.85,8.1778,774.61,LOW
POL005964,0,0,1.0,0.500539,12481.86,12481.86,6247.66,9.4321,8121.96,HIGH
POL005965,0,0,1.0,0.290543,7789.62,7789.62,2263.22,8.9607,2942.18,MODERATE
POL005966,0,0,0.1773,0.172996,16717.8,16717.8,2892.12,9.7243,3759.75,MODERATE
POL005967,0,0,0.25,0.269067,7711.7,7711.7,2074.96,8.9506,2697.45,MODERATE
POL005968,0,0,0.4121,0.323561,9700.33,9700.33,3138.65,9.18,4080.24,MODERATE
POL005969,0,0,1.0,0.142861,5956.98,5956.98,851.02,8.6925,1106.33,LOW
POL005970,0,0,0.5,0.29926,23855.52,23855.52,7139.0,10.0798,9280.7,HIGH
POL005971,1,1784661,1.0,0.81836,19570.89,19570.89,16016.04,9.8818,20820.85,VERY_HIGH
POL005972,0,0,0.4488,0.266847,6080.49,6080.49,1622.56,8.713,2109.33,LOW
POL005973,0,0,1.0,0.711195,6753.53,6753.53,4803.07,8.818,6244.0,MODERATE
POL005974,1,9647,1.0,0.406822,6441.18,6441.18,2620.42,8.7706,3406.54,MODERATE
POL005975,0,0,1.0,0.341166,3304.96,3304.96,1127.54,8.1035,1465.81,LOW
POL005976,0,0,0.25,0.723799,13121.9,13121.9,9497.63,9.4821,12346.91,HIGH
POL005977,0,0,0.5,0.546345,8404.6,8404.6,4591.81,9.0367,5969.35,MODERATE
POL005978,0,0,0.5382,0.757483,30922.07,30922.07,23422.93,10.3393,30449.81,VERY_HIGH
POL005979,0,0,0.3226,0.49376,10895.39,10895.39,5379.71,9.2962,6993.62,MODERATE
POL005980,0,0,0.177,0.324931,15560.71,15560.71,5056.15,9.6526,6572.99,MODERATE
POL005981,0,0,0.4507,0.267135,6038.33,6038.33,1613.05,8.706,2096.96,LOW
POL005982,0,0,0.9824,0.858692,5390.16,5390.16,4628.49,8.5925,6017.04,MODERATE
POL005983,0,0,0.5662,0.620295,6090.99,6090.99,3778.21,8.7147,4911.67,MODERATE
POL005984,0,0,0.6512,0.489269,17624.9,17624.9,8623.32,9.7771,11210.31,HIGH
POL005985,0,0,1.0,0.286577,53923.58,53923.58,15453.26,10.8953,20089.23,VERY_HIGH
POL005986,1,8194,0.175,0.376821,33413.62,33413.62,12590.94,10.4167,16368.22,VERY_HIGH
POL005987,0,0,1.0,0.741341,5654.52,5654.52,4191.93,8.6404,5449.51,MODERATE
POL005988,0,0,1.0,0.410579,4722.31,4722.31,1938.88,8.4603,2520.55,MODERATE
POL005989,1,9505,0.1925,0.59096,15807.86,15807.86,9341.82,9.6683,12144.37,HIGH
POL005990,0,0,0.9557,0.177792,5403.64,5403.64,960.73,8.595,1248.94,LOW
POL005991,0,0,0.25,0.703688,10763.24,10763.24,7573.97,9.284,9846.16,HIGH
POL005992,0,0,0.5,0.246642,4350.77,4350.77,1073.08,8.3783,1395.01,LOW
POL005993,0,0,1.0,0.679666,5077.88,5077.88,3451.26,8.5328,4486.64,MODERATE
POL005994,0,0,0.3589,0.269855,190966.08,190966.08,51533.07,12.1599,66992.99,VERY_HIGH
POL005995,0,0,1.0,0.670414,6028.57,6028.57,4041.63,8.7044,5254.12,MODERATE
POL005996,0,0,0.25,0.590196,4182.2,4182.2,2468.32,8.3388,3208.81,MODERATE
POL005997,0,0,0.25,0.465588,8803.96,8803.96,4099.02,9.0831,5328.73,MODERATE
POL005998,0,0,0.1721,0.409961,41969.58,41969.58,17205.91,10.6447,22367.68,VERY_HIGH
POL005999,0,0,0.2642,0.221294,18238.64,18238.64,4036.1,9.8114,5246.93,MODERATE
POL006000,1,5892,0.25,0.879503,10668.74,10668.74,9383.19,9.2752,12198.14,HIGH
POL006001,0,0,0.25,0.587908,4523.2,4523.2,2659.23,8.4172,3456.99,MODERATE
POL006002,0,0,0.5,0.300905,4011.32,4011.32,1207.03,8.2971,1569.14,LOW
POL006003,0,0,0.8777,0.606624,10985.33,10985.33,6663.96,9.3044,8663.15,HIGH
POL006004,0,0,0.8819,0.572712,5407.35,5407.35,3096.85,8.5957,4025.91,MODERATE
POL006005,0,0,0.9631,0.736938,4792.9,4792.9,3532.08,8.4751,4591.7,MODERATE
POL006006,0,0,0.5,0.322186,12614.3,12614.3,4064.16,9.4427,5283.4,MODERATE
POL006007,0,0,0.5,0.128834,5887.22,5887.22,758.48,8.6807,986.02,LOW
POL006008,0,0,0.3605,0.317749,6127.32,6127.32,1946.95,8.7207,2531.04,MODERATE
POL006009,0,0,0.5,0.33129,7448.89,7448.89,2467.74,8.916,3208.06,MODERATE
POL006010,1,6488,0.25,0.646918,6523.45,6523.45,4220.14,8.7833,5486.19,MODERATE
POL006011,0,0,0.25,0.566962,19355.15,19355.15,10973.63,9.8708,14265.72,HIGH
POL006012,0,0,0.1895,0.524231,15040.99,15040.99,7884.95,9.6186,10250.44,HIGH
POL006013,0,0,1.0,0.170934,14307.73,14307.73,2445.68,9.5686,3179.38,MODERATE
POL006014,0,0,0.5894,0.578527,12567.94,12567.94,7270.88,9.439,9452.15,HIGH
POL006015,0,0,0.25,0.319897,8222.92,8222.92,2630.49,9.0148,3419.64,MODERATE
POL006016,0,0,1.0,0.453695,5101.24,5101.24,2314.41,8.5374,3008.73,MODERATE
POL006017,0,0,0.7035,0.836781,16143.78,16143.78,13508.81,9.6894,17561.46,VERY_HIGH
POL006018,0,0,0.2394,0.147616,14910.87,14910.87,2201.09,9.6099,2861.41,MODERATE
POL006019,0,0,0.5,0.84993,8770.94,8770.94,7454.68,9.0793,9691.09,HIGH
POL006020,0,0,1.0,0.912612,4860.6,4860.6,4435.84,8.4891,5766.59,MODERATE
POL006021,0,0,0.5,0.39676,16158.09,16158.09,6410.89,9.6902,8334.15,HIGH
POL006022,0,0,0.4621,0.452449,10699.89,10699.89,4841.16,9.2781,6293.51,MODERATE
POL006023,0,0,1.0,0.368595,8732.66,8732.66,3218.81,9.0749,4184.46,MODERATE
POL006024,0,0,1.0,0.187969,2768.49,2768.49,520.39,7.9264,676.51,LOW
POL006025,0,0,0.5,0.627529,4129.9,4129.9,2591.63,8.3262,3369.12,MODERATE
POL006026,0,0,1.0,0.375072,6451.77,6451.77,2419.88,8.7723,3145.84,MODERATE
POL006027,0,0,0.7025,0.216515,3536.97,3536.97,765.8,8.1713,995.55,LOW
POL006028,0,0,0.6557,0.127693,6852.48,6852.48,875.01,8.8325,1137.51,LOW
POL006029,0,0,0.5433,0.398661,4334.5,4334.5,1728.0,8.3746,2246.4,LOW
POL006030,1,9799,0.5,0.848867,20410.64,20410.64,17325.92,9.9239,22523.7,VERY_HIGH
POL006031,0,0,0.618,0.335068,18939.1,18939.1,6345.89,9.849,8249.66,HIGH
POL006032,0,0,1.0,0.619848,12346.18,12346.18,7652.76,9.4212,9948.59,HIGH
POL006033,0,0,0.25,0.692262,18971.42,18971.42,13133.2,9.8507,17073.17,VERY_HIGH
POL006034,0,0,1.0,0.308143,5609.99,5609.99,1728.68,8.6325,2247.29,LOW
POL006035,0,0,1.0,0.507803,21791.45,21791.45,11065.76,9.9893,14385.49,HIGH
POL006036,0,0,0.3277,0.684365,20039.69,20039.69,13714.46,9.9055,17828.79,VERY_HIGH
POL006037,0,0,0.7157,0.266642,7431.9,7431.9,1981.66,8.9137,2576.16,MODERATE
POL006038,0,0,0.311,0.511817,8876.43,8876.43,4543.11,9.0913,5906.04,MODERATE
POL006039,0,0,1.0,0.196446,4148.35,4148.35,814.93,8.3307,1059.41,LOW
POL006040,0,0,1.0,0.3674,6485.47,6485.47,2382.76,8.7775,3097.59,MODERATE
POL006041,0,0,0.25,0.589479,4926.84,4926.84,2904.27,8.5027,3775.54,MODERATE
POL006042,1,6481,0.5,0.530323,6682.04,6682.04,3543.64,8.8073,4606.73,MODERATE
POL006043,0,0,0.9687,0.275162,3294.74,3294.74,906.58,8.1004,1178.56,LOW
POL006044,1,24443,0.4383,0.91351,13767.25,13767.25,12576.52,9.5301,16349.48,VERY_HIGH
POL006045,0,0,1.0,0.21696,10434.84,10434.84,2263.94,9.253,2943.13,MODERATE
POL006046,0,0,0.25,0.196415,4711.16,4711.16,925.34,8.4579,1202.95,LOW
POL006047,0,0,1.0,0.825214,14475.79,14475.79,11945.63,9.5803,15529.32,HIGH
POL006048,0,0,0.3101,0.203341,4924.95,4924.95,1001.45,8.5023,1301.88,LOW
POL006049,1,9045,1.0,0.410743,5416.06,5416.06,2224.61,8.5973,2891.99,MODERATE
POL006050,0,0,1.0,0.36883,6627.06,6627.06,2444.26,8.7991,3177.54,MODERATE
POL006051,0,0,0.5,0.744034,6425.41,6425.41,4780.72,8.7682,6214.94,MODERATE
POL006052,0,0,0.25,0.340373,20959.17,20959.17,7133.94,9.9504,9274.12,HIGH
POL006053,0,0,1.0,0.420328,13241.81,13241.81,5565.9,9.4912,7235.67,HIGH
POL006054,0,0,0.9489,0.414563,3236.85,3236.85,1341.87,8.0827,1744.44,LOW
POL006055,0,0,0.25,0.277724,9663.92,9663.92,2683.9,9.1763,3489.07,MODERATE
POL006056,0,0,1.0,0.384395,4680.54,4680.54,1799.18,8.4514,2338.93,LOW
POL006057,0,0,1.0,0.469074,4968.47,4968.47,2330.58,8.5111,3029.76,MODERATE
POL006058,0,0,1.0,0.498107,5032.93,5032.93,2506.94,8.524,3259.02,MODERATE
POL006059,0,0,0.3737,0.347794,11340.82,11340.82,3944.27,9.3363,5127.55,MODERATE
POL006060,0,0,0.5,0.695071,6744.74,6744.74,4688.08,8.8167,6094.5,MODERATE
POL006061,0,0,0.5,0.604535,7749.72,7749.72,4684.97,8.9555,6090.47,MODERATE
POL006062,0,0,0.7348,0.113822,16751.15,16751.15,1906.65,9.7263,2478.65,MODERATE
POL006063,0,0,1.0,0.587227,26157.78,26157.78,15360.55,10.1719,19968.72,VERY_HIGH
POL006064,0,0,0.5,0.367998,40177.18,40177.18,14785.14,10.6011,19220.68,VERY_HIGH
POL006065,0,0,0.291,0.427431,14942.68,14942.68,6386.97,9.612,8303.06,HIGH
POL006066,0,0,0.4295,0.288715,12507.33,12507.33,3611.06,9.4341,4694.37,MODERATE
POL006067,0,0,0.25,0.221959,7465.74,7465.74,1657.09,8.9182,2154.22,LOW
POL006068,0,0,0.5,0.418823,5079.79,5079.79,2127.54,8.5332,2765.8,MODERATE
POL006069,0,0,1.0,0.445282,5924.56,5924.56,2638.1,8.687,3429.53,MODERATE
POL006070,0,0,0.6223,0.452968,8745.29,8745.29,3961.34,9.0764,5149.74,MODERATE
POL006071,0,0,0.25,0.33846,10329.36,10329.36,3496.07,9.2428,4544.89,MODERATE
POL006072,0,0,0.7871,0.296177,10838.32,10838.32,3210.06,9.2909,4173.08,MODERATE
POL006073,1,33051,1.0,0.798912,11207.94,11207.94,8954.16,9.3245,11640.41,HIGH
POL006074,0,0,1.0,0.79562,16237.55,16237.55,12918.92,9.6951,16794.59,VERY_HIGH
POL006075,0,0,0.7409,0.692668,15899.13,15899.13,11012.83,9.6741,14316.68,HIGH
POL006076,0,0,1.0,0.196141,6894.11,6894.11,1352.22,8.8386,1757.89,LOW
POL006077,0,0,0.4539,0.208619,23996.17,23996.17,5006.05,10.0857,6507.86,MODERATE
POL006078,0,0,1.0,0.371035,3563.1,3563.1,1322.03,8.1787,1718.64,LOW
POL006079,0,0,0.25,0.087431,20129.35,20129.35,1759.94,9.91,2287.92,LOW
POL006080,0,0,0.5,0.331179,5347.53,5347.53,1770.99,8.5846,2302.29,LOW
POL006081,1,5716,0.5,0.620255,4988.13,4988.13,3093.91,8.515,4022.08,MODERATE
POL006082,0,0,1.0,0.210156,4123.6,4123.6,866.6,8.3247,1126.58,LOW
POL006083,0,0,1.0,0.302958,3490.96,3490.96,1057.61,8.1582,1374.9,LOW
POL006084,0,0,0.5,0.619001,18986.0,18986.0,11752.36,9.8515,15278.06,HIGH
POL006085,0,0,1.0,0.35009,11869.14,11869.14,4155.27,9.3818,5401.85,MODERATE
POL006086,0,0,1.0,0.378297,4293.63,4293.63,1624.27,8.3651,2111.55,LOW
POL006087,0,0,1.0,0.37882,7184.04,7184.04,2721.46,8.8798,3537.9,MODERATE
POL006088,1,2883891,0.2296,0.76983,40290.92,40290.92,31017.17,10.6039,40322.32,VERY_HIGH
POL006089,0,0,0.5282,0.287571,66149.35,66149.35,19022.62,11.0997,24729.41,VERY_HIGH
POL006090,0,0,0.5,0.82171,10214.79,10214.79,8393.59,9.2317,10911.67,HIGH
POL006091,0,0,0.5,0.337413,10516.84,10516.84,3548.52,9.2608,4613.08,MODERATE
POL006092,0,0,0.4379,0.485947,17172.1,17172.1,8344.73,9.7511,10848.15,HIGH
POL006093,0,0,0.5812,0.22588,4632.81,4632.81,1046.46,8.4411,1360.4,LOW
POL006094,0,0,0.4411,0.362055,14815.54,14815.54,5364.04,9.6035,6973.25,MODERATE
POL006095,0,0,1.0,0.634707,9205.8,9205.8,5842.99,9.1277,7595.89,HIGH
POL006096,1,11647,0.479,0.815039,17854.76,17854.76,14552.32,9.7901,18918.02,VERY_HIGH
POL006097,0,0,0.5,0.461932,6132.8,6132.8,2832.94,8.7216,3682.82,MODERATE
POL006098,1,13163,0.5,0.529447,11792.79,11792.79,6243.65,9.3753,8116.75,HIGH
POL006099,0,0,0.5,0.314458,15096.72,15096.72,4747.29,9.6223,6171.47,MODERATE
POL006100,0,0,1.0,0.854227,12869.55,12869.55,10993.53,9.4627,14291.58,HIGH
POL006101,0,0,0.8582,0.385344,3551.35,3551.35,1368.49,8.1754,1779.04,LOW
POL006102,0,0,0.3299,0.506027,11372.48,11372.48,5754.78,9.339,7481.21,HIGH
POL006103,0,0,1.0,0.194681,5861.91,5861.91,1141.2,8.6764,1483.56,LOW
POL006104,0,0,0.9823,0.365667,6530.97,6530.97,2388.16,8.7845,3104.61,MODERATE
POL006105,0,0,1.0,0.384863,4302.36,4302.36,1655.82,8.3672,2152.57,LOW
POL006106,0,0,1.0,0.486977,4246.84,4246.84,2068.12,8.3542,2688.55,MODERATE
POL006107,0,0,0.5,0.441371,5590.98,5590.98,2467.7,8.6291,3208.01,MODERATE
POL006108,0,0,1.0,0.191945,6245.84,6245.84,1198.86,8.7398,1558.52,LOW
POL006109,0,0,0.5,0.412258,16571.49,16571.49,6831.73,9.7155,8881.25,HIGH
POL006110,0,0,0.25,0.166851,55493.31,55493.31,9259.11,10.924,12036.84,HIGH
POL006111,0,0,0.1693,0.296138,11529.47,11529.47,3414.32,9.3527,4438.61,MODERATE
POL006112,1,2136,0.4434,0.334763,8453.28,8453.28,2829.85,9.0424,3678.8,MODERATE
POL006113,0,0,1.0,0.685005,13737.44,13737.44,9410.21,9.528,12233.28,HIGH
POL006114,0,0,0.2908,0.836188,18338.52,18338.52,15334.45,9.8168,19934.79,VERY_HIGH
POL006115,0,0,1.0,0.400634,4807.27,4807.27,1925.96,8.4781,2503.75,MODERATE
POL006116,0,0,1.0,0.684698,6242.78,6242.78,4274.42,8.7393,5556.74,MODERATE
POL006117,0,0,1.0,0.737802,7257.67,7257.67,5354.72,8.89,6961.14,MODERATE
POL006118,0,0,1.0,0.369855,5271.01,5271.01,1949.51,8.5702,2534.36,MODERATE
POL006119,0,0,0.7012,0.381668,5558.52,5558.52,2121.51,8.6233,2757.96,MODERATE
POL006120,0,0,1.0,0.293661,4507.78,4507.78,1323.76,8.4138,1720.89,LOW
POL006121,0,0,0.25,0.360948,15975.82,15975.82,5766.44,9.6789,7496.37,HIGH
POL006122,0,0,1.0,0.216733,4731.09,4731.09,1025.39,8.4621,1333.0,LOW
POL006123,0,0,0.5,0.283202,4195.14,4195.14,1188.07,8.3419,1544.49,LOW
POL006124,0,0,0.8422,0.410502,6178.36,6178.36,2536.23,8.729,3297.1,MODERATE
POL006125,0,0,1.0,0.353522,6220.81,6220.81,2199.19,8.7358,2858.95,MODERATE
POL006126,0,0,0.7022,0.293771,3719.71,3719.71,1092.74,8.2217,1420.57,LOW
POL006127,0,0,0.5,0.454848,9764.0,9764.0,4441.13,9.1866,5773.48,MODERATE
POL006128,0,0,1.0,0.186102,5016.04,5016.04,933.49,8.5206,1213.54,LOW
POL006129,1,2692,0.5,0.675713,4564.94,4564.94,3084.59,8.4264,4009.97,MODERATE
POL006130,0,0,0.6182,0.345542,11659.01,11659.01,4028.68,9.3639,5237.28,MODERATE
POL006131,0,0,0.9599,0.376677,5163.52,5163.52,1944.98,8.5496,2528.48,MODERATE
POL006132,1,10721,1.0,0.934557,5049.34,5049.34,4718.9,8.5272,6134.57,MODERATE
POL006133,0,0,0.1471,0.772429,50013.42,50013.42,38631.84,10.8201,50221.39,VERY_HIGH
POL006134,0,0,1.0,0.385177,4448.89,4448.89,1713.61,8.4006,2227.69,LOW
POL006135,0,0,0.5,0.223548,4428.41,4428.41,989.96,8.396,1286.95,LOW
POL006136,1,2545,1.0,0.464262,8222.34,8222.34,3817.32,9.0147,4962.52,MODERATE
POL006137,0,0,0.9741,0.536688,4567.47,4567.47,2451.31,8.4269,3186.7,MODERATE
POL006138,0,0,0.5029,0.253892,40283.34,40283.34,10227.63,10.6037,13295.92,HIGH
POL006139,1,24822,0.475,0.681748,26565.82,26565.82,18111.19,10.1874,23544.55,VERY_HIGH
POL006140,0,0,1.0,0.305227,5372.66,5372.66,1639.88,8.5893,2131.84,LOW
POL006141,1,5657,0.431,0.31831,7103.26,7103.26,2261.04,8.8684,2939.35,MODERATE
POL006142,0,0,0.925,0.568037,5106.62,5106.62,2900.75,8.5385,3770.97,MODERATE
POL006143,0,0,0.1857,0.864396,11351.12,11351.12,9811.86,9.3372,12755.42,HIGH
POL006144,0,0,0.888,0.892956,17648.77,17648.77,15759.57,9.7785,20487.45,VERY_HIGH
POL006145,0,0,1.0,0.317726,4673.21,4673.21,1484.8,8.4498,1930.24,LOW
POL006146,0,0,1.0,0.295771,4259.9,4259.9,1259.96,8.3572,1637.95,LOW
POL006147,0,0,1.0,0.183401,7326.0,7326.0,1343.59,8.8993,1746.67,LOW
POL006148,0,0,1.0,0.269839,4723.96,4723.96,1274.71,8.4606,1657.12,LOW
POL006149,0,0,1.0,0.291688,4393.21,4393.21,1281.45,8.388,1665.88,LOW
POL006150,0,0,0.9119,0.394274,8725.34,8725.34,3440.17,9.0741,4472.23,MODERATE
POL006151,1,14211,0.3548,0.604413,16100.74,16100.74,9731.51,9.6867,12650.96,HIGH
POL006152,0,0,1.0,0.215458,6915.89,6915.89,1490.08,8.8417,1937.11,LOW
POL006153,0,0,1.0,0.375017,4958.52,4958.52,1859.53,8.5091,2417.39,MODERATE
POL006154,0,0,0.5,0.315281,5315.83,5315.83,1675.98,8.5786,2178.77,LOW
POL006155,0,0,1.0,0.45649,5582.37,5582.37,2548.29,8.6275,3312.78,MODERATE
POL006156,0,0,1.0,0.335564,4066.58,4066.58,1364.6,8.3108,1773.98,LOW
POL006157,0,0,0.4817,0.547317,18442.17,18442.17,10093.71,9.8224,13121.82,HIGH
POL006158,0,0,0.5,0.265646,5292.75,5292.75,1406.0,8.5743,1827.8,LOW
POL006159,0,0,0.8412,0.706642,11829.21,11829.21,8359.02,9.3784,10866.72,HIGH
POL006160,0,0,1.0,0.45913,19613.24,19613.24,9005.03,9.884,11706.54,HIGH
POL006161,0,0,0.6597,0.207464,3885.3,3885.3,806.06,8.2652,1047.88,LOW
POL006162,0,0,1.0,0.529477,5353.17,5353.17,2834.38,8.5856,3684.69,MODERATE
POL006163,0,0,0.5436,0.375473,58980.85,58980.85,22145.73,10.985,28789.44,VERY_HIGH
POL006164,0,0,1.0,0.666595,7714.88,7714.88,5142.7,8.951,6685.51,MODERATE
POL006165,0,0,1.0,0.246384,3683.41,3683.41,907.53,8.2119,1179.79,LOW
POL006166,0,0,0.25,0.346736,5959.09,5959.09,2066.23,8.6928,2686.1,MODERATE
POL006167,0,0,0.25,0.322888,8394.71,8394.71,2710.55,9.0355,3523.72,MODERATE
POL006168,0,0,0.25,0.522523,3498.75,3498.75,1828.17,8.1604,2376.63,MODERATE
POL006169,0,0,1.0,0.678528,4084.78,4084.78,2771.64,8.3153,3603.13,MODERATE
POL006170,0,0,0.9036,0.237924,5064.18,5064.18,1204.89,8.5301,1566.36,LOW
POL006171,0,0,0.804,0.263628,5188.29,5188.29,1367.78,8.5544,1778.12,LOW
POL006172,0,0,1.0,0.196682,15505.0,15505.0,3049.56,9.649,3964.43,MODERATE
POL006173,0,0,0.5,0.638312,5523.85,5523.85,3525.94,8.617,4583.72,MODERATE
POL006174,0,0,0.3682,0.816445,34763.18,34763.18,28382.24,10.4563,36896.91,VERY_HIGH
POL006175,0,0,0.2645,0.81921,9263.23,9263.23,7588.53,9.1339,9865.09,HIGH
POL006176,0,0,0.6785,0.497509,13496.63,13496.63,6714.69,9.5103,8729.1,HIGH
POL006177,0,0,1.0,0.377689,30791.04,30791.04,11629.43,10.335,15118.26,HIGH
POL006178,0,0,0.4841,0.282031,3552.08,3552.08,1001.8,8.1756,1302.34,LOW
POL006179,1,9314,0.7599,0.293842,8363.66,8363.66,2457.59,9.0318,3194.87,MODERATE
POL006180,0,0,0.4629,0.287642,18760.87,18760.87,5396.41,9.8396,7015.33,MODERATE
POL006181,0,0,0.5,0.822947,24788.17,24788.17,20399.35,10.1182,26519.15,VERY_HIGH
POL006182,1,18327,0.5,0.732424,9173.2,9173.2,6718.68,9.1242,8734.28,HIGH
POL006183,0,0,0.3649,0.417153,17479.53,17479.53,7291.64,9.7688,9479.14,HIGH
POL006184,0,0,1.0,0.316802,9179.27,9179.27,2908.01,9.1248,3780.41,MODERATE
POL006185,0,0,0.3321,0.400959,14990.2,14990.2,6010.46,9.6152,7813.6,HIGH
POL006186,1,11268,0.5,0.551453,3878.53,3878.53,2138.83,8.2635,2780.47,MODERATE
POL006187,1,6239,1.0,0.337123,9277.15,9277.15,3127.54,9.1354,4065.8,MODERATE
POL006188,1,4548,1.0,0.887267,6267.5,6267.5,5560.95,8.7433,7229.23,HIGH
POL006189,0,0,0.25,0.459561,10732.08,10732.08,4932.05,9.2811,6411.66,MODERATE
POL006190,0,0,0.7877,0.416936,14454.75,14454.75,6026.71,9.5788,7834.72,HIGH
POL006191,1,6253,0.9926,0.283724,13195.41,13195.41,3743.86,9.4877,4867.01,MODERATE
POL006192,1,3669,0.25,0.465857,17053.58,17053.58,7944.54,9.7442,10327.9,HIGH
POL006193,1,40741,0.4273,0.820316,22818.28,22818.28,18718.2,10.0354,24333.66,VERY_HIGH
POL006194,0,0,0.437,0.496289,13777.14,13777.14,6837.44,9.5308,8888.67,HIGH
POL006195,0,0,0.6024,0.630162,5297.19,5297.19,3338.08,8.5751,4339.51,MODERATE
POL006196,0,0,0.5715,0.686196,33113.64,33113.64,22722.44,10.4077,29539.18,VERY_HIGH
POL006197,0,0,1.0,0.3026,12929.23,12929.23,3912.39,9.4673,5086.11,MODERATE
POL006198,0,0,0.4428,0.740725,19278.04,19278.04,14279.72,9.8668,18563.64,VERY_HIGH
POL006199,0,0,0.25,0.217222,41298.34,41298.34,8970.89,10.6286,11662.15,HIGH
POL006200,0,0,0.5,0.366348,6274.99,6274.99,2298.83,8.7445,2988.48,MODERATE
POL006201,1,6357,0.9399,0.425143,4644.95,4644.95,1974.77,8.4438,2567.2,MODERATE
POL006202,0,0,0.55,0.399165,7677.33,7677.33,3064.53,8.9462,3983.88,MODERATE
POL006203,0,0,0.5,0.530025,14400.4,14400.4,7632.57,9.5751,9922.34,HIGH
POL006204,0,0,0.25,0.730945,15617.52,15617.52,11415.55,9.6562,14840.22,HIGH
POL006205,0,0,0.5,0.627155,8744.74,8744.74,5484.31,9.0763,7129.6,MODERATE
POL006206,0,0,0.25,0.534043,5014.87,5014.87,2678.15,8.5204,3481.6,MODERATE
POL006207,0,0,0.5,0.829428,13530.77,13530.77,11222.8,9.5128,14589.64,HIGH
POL006208,0,0,0.1457,0.488025,45569.9,45569.9,22239.23,10.727,28911.0,VERY_HIGH
POL006209,0,0,0.9277,0.473284,3067.96,3067.96,1452.02,8.0291,1887.62,LOW
POL006210,0,0,0.2194,0.316689,15628.92,15628.92,4949.5,9.6569,6434.36,MODERATE
POL006211,0,0,0.3134,0.726799,35666.83,35666.83,25922.63,10.482,33699.42,VERY_HIGH
POL006212,0,0,0.8361,0.304409,23440.16,23440.16,7135.4,10.0622,9276.02,HIGH
POL006213,0,0,0.5,0.503677,3420.3,3420.3,1722.73,8.1378,2239.55,LOW
POL006214,0,0,0.25,0.400628,5692.15,5692.15,2280.44,8.647,2964.57,MODERATE
POL006215,1,16564,0.1998,0.566122,10639.02,10639.02,6022.98,9.2724,7829.88,HIGH
POL006216,0,0,1.0,0.260938,14854.41,14854.41,3876.08,9.6061,5038.91,MODERATE
POL006217,0,0,0.5,0.660215,3961.15,3961.15,2615.21,8.2845,3399.78,MODERATE
POL006218,0,0,0.9862,0.480589,3310.07,3310.07,1590.78,8.105,2068.02,LOW
POL006219,1,2231,0.9618,0.659938,8689.99,8689.99,5734.86,9.07,7455.31,HIGH
POL006220,0,0,0.2345,0.288887,57016.0,57016.0,16471.16,10.9511,21412.51,VERY_HIGH
POL006221,1,36763,0.3905,0.859664,20060.22,20060.22,17245.06,9.9065,22418.58,VERY_HIGH
POL006222,0,0,1.0,0.432361,6340.12,6340.12,2741.22,8.7548,3563.59,MODERATE
POL006223,0,0,0.25,0.259716,63096.74,63096.74,16387.26,11.0524,21303.44,VERY_HIGH
POL006224,0,0,0.5805,0.513552,27624.46,27624.46,14186.6,10.2265,18442.57,VERY_HIGH
POL006225,1,7399,0.5,0.312384,6614.46,6614.46,2066.25,8.7972,2686.13,MODERATE
POL006226,0,0,0.5,0.585798,6638.51,6638.51,3888.83,8.8008,5055.48,MODERATE
POL006227,0,0,0.5,0.693618,8902.84,8902.84,6175.17,9.0942,8027.72,HIGH
POL006228,0,0,0.4723,0.767849,14474.95,14474.95,11114.57,9.5802,14448.95,HIGH
POL006229,0,0,0.3955,0.333503,10385.2,10385.2,3463.49,9.2482,4502.54,MODERATE
POL006230,0,0,1.0,0.382195,5201.39,5201.39,1987.95,8.5569,2584.33,MODERATE
POL006231,0,0,0.1482,0.249202,18326.27,18326.27,4566.93,9.8161,5937.01,MODERATE
POL006232,0,0,0.5085,0.191175,13988.64,13988.64,2674.28,9.5461,3476.57,MODERATE
POL006233,0,0,0.1862,0.125196,16718.42,16718.42,2093.09,9.7243,2721.01,MODERATE
POL006234,1,1228269,0.7288,0.399802,17492.11,17492.11,6993.38,9.7696,9091.39,HIGH
POL006235,0,0,0.307,0.676296,8218.02,8218.02,5557.82,9.0142,7225.16,HIGH
POL006236,0,0,0.2386,0.456292,23704.4,23704.4,10816.14,10.0735,14060.98,HIGH
POL006237,0,0,1.0,0.373231,9482.14,9482.14,3539.03,9.1573,4600.74,MODERATE
POL006238,1,43844,0.25,0.850551,89001.52,89001.52,75700.34,11.3964,98410.44,VERY_HIGH
POL006239,0,0,1.0,0.13949,10833.46,10833.46,1511.16,9.2905,1964.51,LOW
POL006240,0,0,0.3504,0.560681,16709.99,16709.99,9368.97,9.7238,12179.67,HIGH
POL006241,0,0,0.8656,0.169075,10969.78,10969.78,1854.72,9.303,2411.13,MODERATE
POL006242,0,0,0.978,0.492337,10805.09,10805.09,5319.74,9.2879,6915.67,MODERATE
POL006243,1,4156,1.0,0.396832,5014.83,5014.83,1990.05,8.5204,2587.06,MODERATE
POL006244,0,0,0.3366,0.352277,51745.73,51745.73,18228.85,10.8541,23697.51,VERY_HIGH
POL006245,0,0,0.5,0.52984,5162.16,5162.16,2735.12,8.5493,3555.65,MODERATE
POL006246,0,0,0.567,0.501578,9683.97,9683.97,4857.26,9.1783,6314.44,MODERATE
POL006247,1,56960,0.501,0.710735,28015.32,28015.32,19911.47,10.2405,25884.91,VERY_HIGH
POL006248,0,0,0.25,0.194604,12717.79,12717.79,2474.93,9.4508,3217.4,MODERATE
POL006249,0,0,0.5,0.54748,4241.93,4241.93,2322.37,8.353,3019.08,MODERATE
POL006250,0,0,0.3922,0.282991,4313.31,4313.31,1220.63,8.3697,1586.82,LOW
POL006251,0,0,0.7452,0.454238,3725.24,3725.24,1692.15,8.2232,2199.79,LOW
POL006252,0,0,0.0856,0.174649,15618.61,15618.61,2727.78,9.6563,3546.11,MODERATE
POL006253,0,0,0.752,0.492501,10696.08,10696.08,5267.83,9.2777,6848.18,MODERATE
POL006254,0,0,0.2894,0.251117,64328.89,64328.89,16154.1,11.0718,21000.33,VERY_HIGH
POL006255,0,0,0.9771,0.431674,4159.89,4159.89,1795.72,8.3335,2334.43,LOW
POL006256,0,0,1.0,0.632017,8189.67,8189.67,5176.01,9.0108,6728.81,MODERATE
POL006257,0,0,0.3219,0.612456,17506.92,17506.92,10722.21,9.7704,13938.88,HIGH
POL006258,0,0,0.5,0.340896,14678.91,14678.91,5003.99,9.5942,6505.19,MODERATE
POL006259,0,0,1.0,0.476063,5132.83,5132.83,2443.55,8.5436,3176.61,MODERATE
POL006260,0,0,0.8035,0.676664,8088.04,8088.04,5472.88,8.9983,7114.75,MODERATE
POL006261,0,0,0.6919,0.374629,12068.87,12068.87,4521.35,9.3985,5877.76,MODERATE
POL006262,1,632266,0.583,0.593928,23971.64,23971.64,14237.42,10.0847,18508.65,VERY_HIGH
POL006263,0,0,0.4295,0.741452,5455.0,5455.0,4044.62,8.6045,5258.0,MODERATE
POL006264,0,0,0.5,0.238696,60610.07,60610.07,14467.38,11.0122,18807.6,VERY_HIGH
POL006265,0,0,0.25,0.569332,12064.02,12064.02,6868.43,9.3981,8928.95,HIGH
POL006266,0,0,1.0,0.212469,7899.94,7899.94,1678.49,8.9747,2182.04,LOW
POL006267,0,0,1.0,0.572005,7086.92,7086.92,4053.75,8.8661,5269.88,MODERATE
POL006268,0,0,1.0,0.498411,3967.13,3967.13,1977.26,8.2861,2570.44,MODERATE
POL006269,0,0,1.0,0.352814,12896.35,12896.35,4550.01,9.4648,5915.01,MODERATE
POL006270,0,0,0.2599,0.184062,18124.57,18124.57,3336.05,9.8051,4336.87,MODERATE
POL006271,0,0,0.7484,0.510987,2639.52,2639.52,1348.76,7.8787,1753.38,LOW
POL006272,1,3039,1.0,0.338238,5665.92,5665.92,1916.43,8.6424,2491.36,MODERATE
POL006273,0,0,1.0,0.392882,5220.86,5220.86,2051.18,8.5606,2666.54,MODERATE
POL006274,0,0,0.5,0.331127,6161.31,6161.31,2040.18,8.7262,2652.23,MODERATE
POL006275,0,0,0.5968,0.220137,8155.22,8155.22,1795.26,9.0065,2333.84,LOW
POL006276,0,0,0.8772,0.30572,4131.59,4131.59,1263.11,8.3267,1642.04,LOW
POL006277,0,0,0.1498,0.301391,16307.44,16307.44,4914.91,9.6994,6389.39,MODERATE
POL006278,0,0,0.25,0.401849,9087.9,9087.9,3651.97,9.1148,4747.56,MODERATE
POL006279,0,0,0.4654,0.246933,15168.65,15168.65,3745.64,9.6271,4869.33,MODERATE
POL006280,0,0,0.25,0.374692,4825.22,4825.22,1807.97,8.4818,2350.37,MODERATE
POL006281,1,14069,0.5,0.634002,14438.14,14438.14,9153.81,9.5777,11899.96,HIGH
POL006282,1,12940,1.0,0.403576,7794.79,7794.79,3145.79,8.9613,4089.52,MODERATE
POL006283,0,0,1.0,0.421701,5087.72,5087.72,2145.5,8.5348,2789.15,MODERATE
POL006284,0,0,0.5,0.589252,6530.18,6530.18,3847.93,8.7843,5002.3,MODERATE
POL006285,0,0,0.5,0.212026,10388.79,10388.79,2202.7,9.2486,2863.5,MODERATE
POL006286,0,0,0.4712,0.452508,16203.03,16203.03,7332.0,9.693,9531.6,HIGH
POL006287,0,0,0.6395,0.433232,6455.34,6455.34,2796.66,8.7728,3635.66,MODERATE
POL006288,1,7359,1.0,0.552122,10777.4,10777.4,5950.43,9.2853,7735.57,HIGH
POL006289,0,0,1.0,0.270663,4979.66,4979.66,1347.81,8.5133,1752.16,LOW
POL006290,1,2124,0.25,0.51394,6462.1,6462.1,3321.13,8.7739,4317.47,MODERATE
POL006291,0,0,0.2474,0.209111,9676.74,9676.74,2023.52,9.1776,2630.57,MODERATE
POL006292,0,0,1.0,0.445583,2026.27,2026.27,902.87,7.6144,1173.73,LOW
POL006293,0,0,0.2973,0.294194,58940.8,58940.8,17340.02,10.9843,22542.03,VERY_HIGH
POL006294,0,0,0.309,0.41184,8567.15,8567.15,3528.3,9.0558,4586.78,MODERATE
POL006295,0,0,0.5,0.383221,5202.23,5202.23,1993.61,8.557,2591.69,MODERATE
POL006296,0,0,1.0,0.634238,10795.6,10795.6,6846.97,9.287,8901.07,HIGH
POL006297,0,0,0.5975,0.650492,2215.37,2215.37,1441.08,7.7036,1873.41,LOW
POL006298,1,4738,1.0,0.696803,4985.56,4985.56,3473.95,8.5145,4516.14,MODERATE
POL006299,0,0,0.2155,0.530349,23384.82,23384.82,12402.13,10.0599,16122.76,VERY_HIGH
POL006300,0,0,1.0,0.132935,7054.92,7054.92,937.85,8.8616,1219.2,LOW
POL006301,0,0,0.5,0.222784,12370.2,12370.2,2755.89,9.4231,3582.65,MODERATE
POL006302,0,0,0.25,0.507297,8842.61,8842.61,4485.83,9.0875,5831.58,MODERATE
POL006303,0,0,1.0,0.121709,6542.73,6542.73,796.31,8.7863,1035.2,LOW
POL006304,0,0,1.0,0.479679,3705.7,3705.7,1777.55,8.2179,2310.81,LOW
POL006305,0,0,1.0,0.545946,5877.6,5877.6,3208.85,8.6791,4171.51,MODERATE
POL006306,0,0,1.0,0.402862,5086.93,5086.93,2049.33,8.5346,2664.13,MODERATE
POL006307,1,6127,0.7369,0.479244,2729.78,2729.78,1308.23,7.9123,1700.7,LOW
POL006308,0,0,0.3494,0.463041,10611.16,10611.16,4913.4,9.2698,6387.42,MODERATE
POL006309,0,0,1.0,0.143193,7162.0,7162.0,1025.55,8.8767,1333.21,LOW
POL006310,0,0,0.2288,0.209349,30606.64,30606.64,6407.47,10.329,8329.71,HIGH
POL006311,1,11118,1.0,0.49217,6065.25,6065.25,2985.14,8.7105,3880.68,MODERATE
POL006312,0,0,0.25,0.554617,4782.89,4782.89,2652.67,8.473,3448.47,MODERATE
POL006313,1,14889,1.0,0.640423,65500.43,65500.43,41947.96,11.0898,54532.34,VERY_HIGH
POL006314,0,0,0.8639,0.476446,3978.55,3978.55,1895.57,8.2889,2464.23,MODERATE
POL006315,0,0,0.1384,0.187226,16235.02,16235.02,3039.62,9.695,3951.51,MODERATE
POL006316,0,0,0.3987,0.418275,23355.59,23355.59,9769.05,10.0586,12699.77,HIGH
POL006317,0,0,1.0,0.471316,5971.5,5971.5,2814.47,8.6949,3658.81,MODERATE
POL006318,0,0,1.0,0.14242,4618.27,4618.27,657.73,8.438,855.05,LOW
POL006319,0,0,0.5619,0.288727,14565.27,14565.27,4205.39,9.5865,5467.0,MODERATE
POL006320,1,6400,0.1688,0.376467,7901.5,7901.5,2974.66,8.9749,3867.05,MODERATE
POL006321,0,0,0.5,0.647324,6834.24,6834.24,4423.97,8.8298,5751.16,MODERATE
POL006322,1,22090,0.9679,0.864285,15110.77,15110.77,13060.02,9.6232,16978.02,VERY_HIGH
POL006323,0,0,0.5,0.566363,8612.88,8612.88,4878.01,9.0611,6341.42,MODERATE
POL006324,0,0,0.7226,0.37078,5905.32,5905.32,2189.57,8.6838,2846.45,MODERATE
POL006325,0,0,0.25,0.6355,12568.39,12568.39,7987.21,9.439,10383.38,HIGH
POL006326,0,0,1.0,0.230251,18923.6,18923.6,4357.18,9.8482,5664.34,MODERATE
POL006327,0,0,0.4702,0.171594,10722.9,10722.9,1839.98,9.2802,2391.98,MODERATE
POL006328,0,0,1.0,0.737398,2690.52,2690.52,1983.99,7.8979,2579.18,MODERATE
POL006329,0,0,1.0,0.620531,4279.19,4279.19,2655.37,8.3618,3451.98,MODERATE
POL006330,1,5232,0.5,0.742062,4735.42,4735.42,3513.98,8.463,4568.17,MODERATE
POL006331,0,0,0.2044,0.454939,5234.47,5234.47,2381.37,8.5632,3095.78,MODERATE
POL006332,0,0,1.0,0.303453,17099.44,17099.44,5188.88,9.7469,6745.54,MODERATE
POL006333,0,0,0.5,0.229946,4549.43,4549.43,1046.12,8.423,1359.96,LOW
POL006334,0,0,0.25,0.330395,6372.56,6372.56,2105.46,8.7599,2737.1,MODERATE
POL006335,0,0,0.5897,0.577182,9926.62,9926.62,5729.46,9.2031,7448.3,HIGH
POL006336,0,0,0.5744,0.685198,29320.78,29320.78,20090.54,10.2861,26117.7,VERY_HIGH
POL006337,0,0,0.6312,0.488159,35237.39,35237.39,17201.45,10.4699,22361.89,VERY_HIGH
POL006338,0,0,1.0,0.537386,4750.61,4750.61,2552.91,8.4662,3318.79,MODERATE
POL006339,1,22583,0.5028,0.717698,6753.4,6753.4,4846.9,8.818,6300.97,MODERATE
POL006340,0,0,0.6289,0.693544,19254.17,19254.17,13353.61,9.8655,17359.69,VERY_HIGH
POL006341,0,0,1.0,0.323383,7010.59,7010.59,2267.11,8.8553,2947.24,MODERATE
POL006342,1,3228104,1.0,0.453989,18346.08,18346.08,8328.92,9.8172,10827.6,HIGH
POL006343,0,0,0.687,0.383525,11294.1,11294.1,4331.57,9.3321,5631.04,MODERATE
POL006344,0,0,0.3419,0.554232,6356.18,6356.18,3522.8,8.7573,4579.64,MODERATE
POL006345,0,0,0.9104,0.319741,2019.45,2019.45,645.7,7.6111,839.41,LOW
POL006346,0,0,0.5,0.323147,4875.21,4875.21,1575.41,8.4921,2048.03,LOW
POL006347,0,0,1.0,0.233676,6276.41,6276.41,1466.65,8.7447,1906.64,LOW
POL006348,0,0,0.6262,0.15508,11191.35,11191.35,1735.56,9.323,2256.23,LOW
POL006349,0,0,0.5,0.535796,14033.13,14033.13,7518.9,9.5492,9774.56,HIGH
POL006350,0,0,1.0,0.287609,4946.0,4946.0,1422.51,8.5065,1849.27,LOW
POL006351,0,0,1.0,0.284467,7580.81,7580.81,2156.49,8.9335,2803.43,MODERATE
POL006352,1,4716,1.0,0.649349,7125.62,7125.62,4627.01,8.8716,6015.12,MODERATE
POL006353,0,0,1.0,0.310016,6178.9,6178.9,1915.55,8.7291,2490.22,MODERATE
POL006354,0,0,1.0,0.687081,17214.47,17214.47,11827.73,9.7536,15376.05,HIGH
POL006355,0,0,0.8654,0.259871,16404.49,16404.49,4263.06,9.7054,5541.97,MODERATE
POL006356,0,0,0.4802,0.750493,5027.23,5027.23,3772.9,8.5228,4904.77,MODERATE
POL006357,0,0,0.5,0.457994,7493.43,7493.43,3431.95,8.9219,4461.53,MODERATE
POL006358,0,0,1.0,0.566601,4589.99,4589.99,2600.69,8.4319,3380.9,MODERATE
POL006359,0,0,0.6138,0.344659,12502.82,12502.82,4309.21,9.4338,5601.98,MODERATE
POL006360,0,0,0.5307,0.327489,4951.71,4951.71,1621.63,8.5077,2108.12,LOW
POL006361,0,0,0.8719,0.33303,10187.12,10187.12,3392.62,9.229,4410.41,MODERATE
POL006362,0,0,0.25,0.349042,14350.44,14350.44,5008.91,9.5716,6511.59,MODERATE
POL006363,1,14528,0.5891,0.857923,32935.55,32935.55,28256.16,10.4023,36733.0,VERY_HIGH
POL006364,0,0,1.0,0.423009,6508.56,6508.56,2753.18,8.781,3579.13,MODERATE
POL006365,0,0,0.5,0.239039,3415.83,3415.83,816.52,8.1365,1061.47,LOW
POL006366,0,0,0.6874,0.173077,23443.02,23443.02,4057.46,10.0624,5274.69,MODERATE
POL006367,0,0,0.3662,0.512453,12313.88,12313.88,6310.29,9.4186,8203.38,HIGH
POL006368,0,0,0.556,0.209208,4597.4,4597.4,961.82,8.4335,1250.36,LOW
POL006369,0,0,0.25,0.235343,8420.96,8420.96,1981.81,9.0386,2576.35,MODERATE
POL006370,0,0,0.2532,0.256397,23752.34,23752.34,6090.02,10.0755,7917.03,HIGH
POL006371,1,13962,1.0,0.58276,6682.62,6682.62,3894.37,8.8074,5062.67,MODERATE
POL006372,0,0,1.0,0.544979,5804.26,5804.26,3163.2,8.6665,4112.16,MODERATE
POL006373,0,0,0.5,0.283544,5717.22,5717.22,1621.08,8.6514,2107.41,LOW
POL006374,0,0,1.0,0.505905,6959.31,6959.31,3520.75,8.848,4576.97,MODERATE
POL006375,0,0,1.0,0.410201,6407.84,6407.84,2628.5,8.7654,3417.05,MODERATE
POL006376,0,0,0.25,0.584582,12755.91,12755.91,7456.88,9.4538,9693.94,HIGH
POL006377,0,0,0.25,0.471235,17901.17,17901.17,8435.65,9.7927,10966.35,HIGH
POL006378,0,0,0.4466,0.225831,14081.54,14081.54,3180.04,9.5527,4134.06,MODERATE
POL006379,0,0,0.5,0.372934,11974.08,11974.08,4465.54,9.3906,5805.2,MODERATE
POL006380,0,0,1.0,0.79852,8240.74,8240.74,6580.39,9.017,8554.51,HIGH
POL006381,0,0,1.0,0.494654,4863.73,4863.73,2405.86,8.4898,3127.62,MODERATE
POL006382,0,0,0.6219,0.472079,16925.14,16925.14,7990.0,9.7366,10387.0,HIGH
POL006383,0,0,0.8332,0.471148,17312.85,17312.85,8156.91,9.7593,10603.99,HIGH
POL006384,0,0,0.25,0.456417,4953.14,4953.14,2260.7,8.508,2938.91,MODERATE
POL006385,1,1107,0.4471,0.749003,4674.07,4674.07,3500.89,8.45,4551.15,MODERATE
POL006386,0,0,0.7017,0.139555,4870.34,4870.34,679.68,8.4911,883.58,LOW
POL006387,1,9256,0.6956,0.78767,6867.82,6867.82,5409.57,8.8347,7032.44,MODERATE
POL006388,0,0,1.0,0.451177,7040.78,7040.78,3176.64,8.8596,4129.63,MODERATE
POL006389,0,0,0.8607,0.578217,14366.16,14366.16,8306.75,9.5727,10798.78,HIGH
POL006390,0,0,0.5017,0.337642,5666.06,5666.06,1913.1,8.6424,2487.03,MODERATE
POL006391,0,0,0.25,0.390068,14643.35,14643.35,5711.91,9.5918,7425.48,HIGH
POL006392,1,10326,0.4174,0.45817,13066.99,13066.99,5986.9,9.4779,7782.98,HIGH
POL006393,0,0,1.0,0.476534,11267.75,11267.75,5369.46,9.3298,6980.3,MODERATE
POL006394,1,7532,0.2305,0.429551,8121.0,8121.0,3488.39,9.0023,4534.9,MODERATE
POL006395,0,0,0.1003,0.167667,19564.14,19564.14,3280.25,9.8815,4264.33,MODERATE
POL006396,0,0,0.5,0.396366,4196.83,4196.83,1663.48,8.3423,2162.53,LOW
POL006397,0,0,0.5,0.185127,4848.21,4848.21,897.54,8.4866,1166.8,LOW
POL006398,0,0,0.2689,0.789731,23999.92,23999.92,18953.47,10.0858,24639.51,VERY_HIGH
POL006399,0,0,0.5,0.313556,2745.75,2745.75,860.95,7.9182,1119.23,LOW
POL006400,0,0,1.0,0.536713,5068.37,5068.37,2720.26,8.531,3536.33,MODERATE
POL006401,0,0,0.6826,0.466005,9197.99,9197.99,4286.31,9.1268,5572.2,MODERATE
POL006402,0,0,1.0,0.504906,8714.97,8714.97,4400.24,9.0729,5720.32,MODERATE
POL006403,0,0,1.0,0.479646,21014.74,21014.74,10079.63,9.953,13103.52,HIGH
POL006404,0,0,0.25,0.165777,25789.45,25789.45,4275.3,10.1578,5557.89,MODERATE
POL006405,0,0,0.991,0.310982,4860.75,4860.75,1511.61,8.4892,1965.09,LOW
POL006406,0,0,0.6854,0.631427,36983.35,36983.35,23352.29,10.5183,30357.97,VERY_HIGH
POL006407,0,0,0.9027,0.444999,13066.27,13066.27,5814.48,9.4779,7558.82,HIGH
POL006408,0,0,0.1339,0.20371,7753.04,7753.04,1579.37,8.956,2053.18,LOW
POL006409,0,0,0.5,0.329277,12941.78,12941.78,4261.44,9.4683,5539.87,MODERATE
POL006410,0,0,0.25,0.694703,7069.08,7069.08,4910.91,8.8636,6384.19,MODERATE
POL006411,0,0,0.4806,0.349364,17517.64,17517.64,6120.03,9.771,7956.03,HIGH
POL006412,0,0,1.0,0.461797,2105.65,2105.65,972.38,7.6529,1264.09,LOW
POL006413,0,0,1.0,0.43609,16378.62,16378.62,7142.56,9.7038,9285.32,HIGH
POL006414,0,0,1.0,0.625219,5023.65,5023.65,3140.88,8.5221,4083.15,MODERATE
POL006415,0,0,1.0,0.529737,3559.67,3559.67,1885.69,8.1777,2451.39,MODERATE
POL006416,0,0,1.0,0.53174,5744.63,5744.63,3054.65,8.6562,3971.05,MODERATE
POL006417,1,9384,0.5,0.881571,7266.45,7266.45,6405.9,8.8912,8327.67,HIGH
POL006418,0,0,0.1718,0.222561,18575.73,18575.73,4134.22,9.8297,5374.49,MODERATE
POL006419,1,13628,0.7585,0.680807,9404.34,9404.34,6402.53,9.149,8323.29,HIGH
POL006420,0,0,0.3105,0.527253,12688.37,12688.37,6689.98,9.4485,8696.98,HIGH
POL006421,0,0,0.6209,0.474053,4697.82,4697.82,2227.02,8.4551,2895.12,MODERATE
POL006422,0,0,1.0,0.327867,4175.86,4175.86,1369.13,8.3373,1779.87,LOW
POL006423,0,0,1.0,0.506296,5672.98,5672.98,2872.2,8.6436,3733.86,MODERATE
POL006424,0,0,0.9875,0.087595,5853.66,5853.66,512.75,8.675,666.58,LOW
POL006425,0,0,0.3745,0.354522,8108.47,8108.47,2874.63,9.0008,3737.02,MODERATE
POL006426,0,0,0.25,0.343008,3898.17,3898.17,1337.1,8.2685,1738.23,LOW
POL006427,0,0,0.5,0.291981,8856.94,8856.94,2586.06,9.0891,3361.88,MODERATE
POL006428,1,2536,0.2959,0.757368,15145.29,15145.29,11470.56,9.6255,14911.72,HIGH
POL006429,0,0,1.0,0.521079,5693.05,5693.05,2966.53,8.6472,3856.48,MODERATE
POL006430,1,1351228,1.0,0.58296,16581.14,16581.14,9666.14,9.7161,12565.98,HIGH
POL006431,1,10581,1.0,0.443675,18035.89,18035.89,8002.07,9.8002,10402.69,HIGH
POL006432,0,0,0.5,0.259874,7650.28,7650.28,1988.11,8.9426,2584.54,MODERATE
POL006433,0,0,0.6138,0.291787,7872.03,7872.03,2296.95,8.9712,2986.04,MODERATE
POL006434,0,0,0.6877,0.312401,2402.21,2402.21,750.45,7.7846,975.59,LOW
POL006435,0,0,0.4638,0.337449,9520.28,9520.28,3212.61,9.1613,4176.4,MODERATE
POL006436,1,12063,1.0,0.41607,11438.6,11438.6,4759.26,9.3448,6187.04,MODERATE
POL006437,0,0,0.3308,0.208666,23676.36,23676.36,4940.44,10.0723,6422.58,MODERATE
POL006438,0,0,1.0,0.28491,7262.04,7262.04,2069.03,8.8906,2689.74,MODERATE
POL006439,0,0,0.6098,0.35628,9473.41,9473.41,3375.19,9.1563,4387.75,MODERATE
POL006440,0,0,0.3244,0.437555,25107.91,25107.91,10986.1,10.131,14281.93,HIGH
POL006441,0,0,0.9598,0.65591,20561.46,20561.46,13486.47,9.9312,17532.41,VERY_HIGH
POL006442,0,0,1.0,0.39159,4950.99,4950.99,1938.76,8.5075,2520.39,MODERATE
POL006443,0,0,0.25,0.288552,6625.56,6625.56,1911.82,8.7988,2485.36,MODERATE
POL006444,1,8322,0.5,0.332709,27429.57,27429.57,9126.06,10.2194,11863.87,HIGH
POL006445,0,0,0.6466,0.465941,10734.31,10734.31,5001.55,9.2813,6502.02,MODERATE
POL006446,1,627690,1.0,0.817273,60839.24,60839.24,49722.28,11.016,64638.96,VERY_HIGH
POL006447,0,0,1.0,0.319766,9026.48,9026.48,2886.36,9.108,3752.27,MODERATE
POL006448,1,4848,1.0,0.708075,12596.67,12596.67,8919.38,9.4413,11595.2,HIGH
POL006449,0,0,0.8386,0.658358,3608.37,3608.37,2375.6,8.1913,3088.28,MODERATE
POL006450,0,0,0.25,0.741417,24595.5,24595.5,18235.52,10.1104,23706.18,VERY_HIGH
POL006451,0,0,0.5,0.436931,21871.95,21871.95,9556.54,9.993,12423.5,HIGH
POL006452,0,0,0.5,0.383608,3540.33,3540.33,1358.1,8.1723,1765.53,LOW
POL006453,0,0,0.25,0.66688,22358.72,22358.72,14910.58,10.015,19383.76,VERY_HIGH
POL006454,0,0,1.0,0.504697,5426.64,5426.64,2738.81,8.5993,3560.45,MODERATE
POL006455,0,0,0.5024,0.152407,32335.8,32335.8,4928.19,10.384,6406.65,MODERATE
POL006456,0,0,1.0,0.752059,18850.4,18850.4,14176.61,9.8443,18429.59,VERY_HIGH
POL006457,0,0,0.25,0.131318,14128.74,14128.74,1855.36,9.556,2411.97,MODERATE
POL006458,0,0,0.25,0.413752,7612.17,7612.17,3149.55,8.9376,4094.41,MODERATE
POL006459,0,0,1.0,0.234596,3346.3,3346.3,785.03,8.1159,1020.54,LOW
POL006460,0,0,1.0,0.396681,6306.05,6306.05,2501.49,8.7494,3251.94,MODERATE
POL006461,0,0,0.5,0.524463,8185.95,8185.95,4293.23,9.0103,5581.2,MODERATE
POL006462,0,0,1.0,0.316685,5331.55,5331.55,1688.42,8.5816,2194.95,LOW
POL006463,1,7529,0.5533,0.459812,19141.04,19141.04,8801.29,9.8596,11441.67,HIGH
POL006464,0,0,1.0,0.361083,3789.87,3789.87,1368.46,8.2404,1778.99,LOW
POL006465,0,0,0.25,0.621087,3663.26,3663.26,2275.2,8.2064,2957.76,MODERATE
POL006466,0,0,1.0,0.129667,4307.35,4307.35,558.52,8.3683,726.07,LOW
POL006467,0,0,0.5,0.155592,8657.83,8657.83,1347.09,9.0663,1751.21,LOW
POL006468,1,6237,0.5,0.553461,27606.51,27606.51,15279.12,10.2258,19862.86,VERY_HIGH
POL006469,0,0,0.5,0.152467,9307.9,9307.9,1419.15,9.1387,1844.9,LOW
POL006470,0,0,0.5731,0.289037,10946.49,10946.49,3163.94,9.3009,4113.12,MODERATE
POL006471,0,0,0.25,0.393573,7746.95,7746.95,3048.99,8.9552,3963.69,MODERATE
POL006472,1,15885,0.6155,0.602456,10943.96,10943.96,6593.25,9.3006,8571.23,HIGH
POL006473,0,0,0.5,0.139473,4552.8,4552.8,634.99,8.4237,825.49,LOW
POL006474,0,0,1.0,0.465382,35903.82,35903.82,16709.0,10.4886,21721.7,VERY_HIGH
POL006475,0,0,0.25,0.5225,11451.07,11451.07,5983.19,9.3459,7778.14,HIGH
POL006476,0,0,0.5,0.255225,4798.99,4798.99,1224.82,8.4764,1592.27,LOW
POL006477,0,0,0.5,0.583735,7529.23,7529.23,4395.07,8.9267,5713.59,MODERATE
POL006478,0,0,0.7118,0.220072,8289.44,8289.44,1824.27,9.0229,2371.55,MODERATE
POL006479,0,0,1.0,0.437615,12537.72,12537.72,5486.69,9.4366,7132.7,MODERATE
POL006480,0,0,0.3294,0.355244,27420.48,27420.48,9740.96,10.2191,12663.25,HIGH
POL006481,1,3404,0.4461,0.668436,14900.64,14900.64,9960.13,9.6092,12948.17,HIGH
POL006482,0,0,0.5967,0.211998,23115.13,23115.13,4900.36,10.0483,6370.47,MODERATE
POL006483,0,0,0.9181,0.420759,4922.27,4922.27,2071.09,8.5017,2692.41,MODERATE
POL006484,0,0,1.0,0.229066,4878.45,4878.45,1117.49,8.4928,1452.74,LOW
POL006485,1,4225,1.0,0.550869,3792.49,3792.49,2089.17,8.241,2715.92,MODERATE
POL006486,0,0,1.0,0.415122,4536.51,4536.51,1883.2,8.4201,2448.16,MODERATE
POL006487,0,0,0.5,0.517572,18194.25,18194.25,9416.83,9.8089,12241.88,HIGH
POL006488,0,0,1.0,0.429878,7498.63,7498.63,3223.5,8.9226,4190.55,MODERATE
POL006489,1,7649,1.0,0.863712,7127.55,7127.55,6156.15,8.8719,8002.99,HIGH
POL006490,0,0,0.1668,0.238894,12503.46,12503.46,2987.0,9.4338,3883.09,MODERATE
POL006491,0,0,0.25,0.257795,11231.65,11231.65,2895.47,9.3266,3764.11,MODERATE
POL006492,0,0,0.7472,0.522019,4784.77,4784.77,2497.74,8.4734,3247.06,MODERATE
POL006493,0,0,0.5,0.4126,5458.9,5458.9,2252.34,8.6052,2928.05,MODERATE
POL006494,0,0,0.407,0.229578,40564.18,40564.18,9312.65,10.6107,12106.45,HIGH
POL006495,0,0,0.3394,0.440284,14558.52,14558.52,6409.88,9.586,8332.85,HIGH
POL006496,0,0,0.2064,0.497882,10376.17,10376.17,5166.11,9.2474,6715.94,MODERATE
POL006497,0,0,0.25,0.16124,5946.03,5946.03,958.74,8.6906,1246.36,LOW
POL006498,0,0,0.709,0.247396,13634.69,13634.69,3373.17,9.5204,4385.12,MODERATE
POL006499,0,0,0.185,0.263695,8722.08,8722.08,2299.96,9.0737,2989.95,MODERATE
POL006500,1,1837,0.8158,0.847529,13123.89,13123.89,11122.88,9.4823,14459.74,HIGH
POL006501,1,3589,0.25,0.297128,5314.45,5314.45,1579.07,8.5784,2052.79,LOW
POL006502,0,0,0.5219,0.53999,7160.51,7160.51,3866.6,8.8765,5026.58,MODERATE
POL006503,0,0,0.8989,0.446859,15892.21,15892.21,7101.58,9.6736,9232.05,HIGH
POL006504,0,0,1.0,0.390588,5547.68,5547.68,2166.85,8.6213,2816.91,MODERATE
POL006505,0,0,0.1822,0.430695,13463.54,13463.54,5798.68,9.5078,7538.29,HIGH
POL006506,0,0,0.25,0.204309,15119.53,15119.53,3089.05,9.6238,4015.77,MODERATE
POL006507,0,0,1.0,0.524971,12977.12,12977.12,6812.61,9.471,8856.4,HIGH
POL006508,0,0,0.9768,0.274203,4856.34,4856.34,1331.62,8.4882,1731.11,LOW
POL006509,0,0,0.5,0.219574,4934.03,4934.03,1083.38,8.5041,1408.4,LOW
POL006510,0,0,0.5,0.24701,19004.73,19004.73,4694.35,9.8525,6102.65,MODERATE
POL006511,0,0,0.5,0.742051,5119.51,5119.51,3798.94,8.541,4938.62,MODERATE
POL006512,0,0,1.0,0.364762,6301.01,6301.01,2298.37,8.7486,2987.88,MODERATE
POL006513,0,0,1.0,0.362272,7490.93,7490.93,2713.75,8.9216,3527.88,MODERATE
POL006514,0,0,0.366,0.191756,18737.35,18737.35,3593.01,9.8383,4670.91,MODERATE
POL006515,0,0,0.25,0.680721,6542.92,6542.92,4453.9,8.7863,5790.08,MODERATE
POL006516,0,0,0.4953,0.356504,49842.77,49842.77,17769.17,10.8166,23099.92,VERY_HIGH
POL006517,0,0,1.0,0.298234,10019.75,10019.75,2988.23,9.2124,3884.7,MODERATE
POL006518,0,0,0.5,0.847552,26686.9,26686.9,22618.55,10.192,29404.12,VERY_HIGH
POL006519,0,0,0.4855,0.203074,8968.17,8968.17,1821.2,9.1015,2367.56,MODERATE
POL006520,0,0,1.0,0.113485,9059.16,9059.16,1028.08,9.1116,1336.51,LOW
POL006521,0,0,1.0,0.235824,5869.06,5869.06,1384.06,8.6776,1799.28,LOW
POL006522,0,0,0.4066,0.202322,11563.96,11563.96,2339.64,9.3557,3041.53,MODERATE
POL006523,0,0,0.2072,0.271167,17836.03,17836.03,4836.54,9.789,6287.5,MODERATE
POL006524,0,0,1.0,0.216631,6139.26,6139.26,1329.95,8.7226,1728.94,LOW
POL006525,0,0,1.0,0.358713,5343.23,5343.23,1916.69,8.5838,2491.69,MODERATE
POL006526,0,0,0.5,0.306461,10417.96,10417.96,3192.7,9.2514,4150.51,MODERATE
POL006527,0,0,0.4016,0.303076,50153.2,50153.2,15200.24,10.8229,19760.32,VERY_HIGH
POL006528,0,0,1.0,0.385873,22237.91,22237.91,8581.0,10.0096,11155.3,HIGH
POL006529,0,0,1.0,0.249065,3362.74,3362.74,837.54,8.1208,1088.8,LOW
POL006530,1,2032,1.0,0.86221,8230.14,8230.14,7096.11,9.0157,9224.94,HIGH
POL006531,1,11527,1.0,0.583575,7872.7,7872.7,4594.31,8.9713,5972.6,MODERATE
POL006532,0,0,0.9547,0.287012,11689.41,11689.41,3355.0,9.3665,4361.5,MODERATE
POL006533,0,0,0.6842,0.205436,12599.07,12599.07,2588.3,9.4415,3364.79,MODERATE
POL006534,0,0,0.116,0.383299,15305.79,15305.79,5866.7,9.6361,7626.7,HIGH
POL006535,0,0,0.3923,0.416355,4934.03,4934.03,2054.31,8.5041,2670.6,MODERATE
POL006536,0,0,0.959,0.720478,5138.29,5138.29,3702.02,8.5447,4812.63,MODERATE
POL006537,0,0,1.0,0.118133,6396.28,6396.28,755.61,8.7636,982.3,LOW
POL006538,0,0,0.5,0.762646,12626.81,12626.81,9629.78,9.4437,12518.72,HIGH
POL006539,0,0,1.0,0.28958,4495.86,4495.86,1301.91,8.4111,1692.48,LOW
POL006540,0,0,0.5,0.214802,6793.07,6793.07,1459.16,8.8238,1896.91,LOW
POL006541,0,0,0.5,0.319762,73114.07,73114.07,23379.11,11.1998,30392.84,VERY_HIGH
POL006542,0,0,0.1201,0.366368,17897.07,17897.07,6556.91,9.7924,8523.99,HIGH
POL006543,0,0,0.5536,0.331507,7641.53,7641.53,2533.22,8.9415,3293.18,MODERATE
POL006544,1,4101,0.4553,0.64127,5723.51,5723.51,3670.32,8.6525,4771.41,MODERATE
POL006545,0,0,1.0,0.33624,13991.9,13991.9,4704.64,9.5463,6116.04,MODERATE
POL006546,0,0,0.5,0.653936,13430.14,13430.14,8782.46,9.5053,11417.19,HIGH
POL006547,0,0,0.5,0.864344,35323.33,35323.33,30531.51,10.4723,39690.97,VERY_HIGH
POL006548,0,0,0.2201,0.265133,48408.58,48408.58,12834.7,10.7875,16685.11,VERY_HIGH
POL006549,0,0,0.2576,0.535785,16799.48,16799.48,9000.9,9.7292,11701.17,HIGH
POL006550,0,0,1.0,0.336813,3302.3,3302.3,1112.26,8.1027,1445.94,LOW
POL006551,0,0,0.3891,0.405835,21237.55,21237.55,8618.94,9.9636,11204.63,HIGH
POL006552,0,0,0.5,0.14212,6712.1,6712.1,953.93,8.8118,1240.1,LOW
POL006553,0,0,1.0,0.326465,5922.15,5922.15,1933.38,8.6866,2513.39,MODERATE
POL006554,0,0,1.0,0.579383,5578.43,5578.43,3232.05,8.6268,4201.66,MODERATE
POL006555,0,0,0.5,0.595345,17718.63,17718.63,10548.71,9.7824,13713.32,HIGH
POL006556,1,16404,0.7322,0.450463,4418.4,4418.4,1990.33,8.3938,2587.42,MODERATE
POL006557,0,0,0.2467,0.643297,10855.8,10855.8,6983.5,9.2925,9078.55,HIGH
POL006558,1,3437,0.2855,0.461914,16049.0,16049.0,7413.25,9.6835,9637.23,HIGH
POL006559,0,0,1.0,0.202126,5518.06,5518.06,1115.34,8.616,1449.95,LOW
POL006560,0,0,0.2643,0.291227,35098.88,35098.88,10221.74,10.466,13288.27,HIGH
POL006561,0,0,1.0,0.260642,4205.99,4205.99,1096.25,8.3445,1425.13,LOW
POL006562,0,0,0.7435,0.363817,5500.56,5500.56,2001.2,8.6128,2601.56,MODERATE
POL006563,0,0,1.0,0.396696,5473.51,5473.51,2171.32,8.6079,2822.72,MODERATE
POL006564,0,0,0.483,0.376721,7967.02,7967.02,3001.34,8.9832,3901.74,MODERATE
POL006565,0,0,0.8422,0.668669,5078.74,5078.74,3395.99,8.533,4414.79,MODERATE
POL006566,0,0,0.8296,0.867205,12025.48,12025.48,10428.56,9.3949,13557.13,HIGH
POL006567,0,0,0.7041,0.18471,17812.31,17812.31,3290.11,9.7877,4277.14,MODERATE
POL006568,1,730115,0.25,0.341055,208191.69,208191.69,71004.81,12.2462,92306.26,VERY_HIGH
POL006569,0,0,1.0,0.82419,4339.14,4339.14,3576.28,8.3757,4649.16,MODERATE
POL006570,0,0,1.0,0.433253,4410.75,4410.75,1910.97,8.392,2484.26,MODERATE
POL006571,0,0,0.8546,0.249976,6789.65,6789.65,1697.25,8.8233,2206.43,LOW
POL006572,1,6004,1.0,0.576746,8567.74,8567.74,4941.41,9.0559,6423.83,MODERATE
POL006573,1,9940,0.2959,0.76583,19108.21,19108.21,14633.64,9.8579,19023.73,VERY_HIGH
POL006574,0,0,0.5,0.410182,5154.1,5154.1,2114.12,8.5477,2748.36,MODERATE
POL006575,0,0,1.0,0.314155,10289.79,10289.79,3232.59,9.239,4202.36,MODERATE
POL006576,0,0,1.0,0.727877,3919.81,3919.81,2853.14,8.2741,3709.08,MODERATE
POL006577,0,0,0.5235,0.237912,20342.02,20342.02,4839.61,9.9205,6291.49,MODERATE
POL006578,0,0,1.0,0.795268,4736.79,4736.79,3767.01,8.4633,4897.12,MODERATE
POL006579,0,0,0.5693,0.363703,7725.22,7725.22,2809.68,8.9524,3652.58,MODERATE
POL006580,0,0,1.0,0.663261,24133.47,24133.47,16006.79,10.0914,20808.83,VERY_HIGH
POL006581,1,901839,0.6806,0.472111,112969.73,112969.73,53334.24,11.6349,69334.51,VERY_HIGH
POL006582,0,0,0.5,0.556065,13146.39,13146.39,7310.25,9.484,9503.33,HIGH
POL006583,0,0,0.5311,0.538898,4385.16,4385.16,2363.15,8.3862,3072.1,MODERATE
POL006584,0,0,0.5,0.292156,5250.75,5250.75,1534.04,8.5663,1994.25,LOW
POL006585,0,0,0.5,0.564432,17112.81,17112.81,9659.01,9.7476,12556.71,HIGH
POL006586,0,0,0.6777,0.372662,4308.13,4308.13,1605.47,8.3685,2087.12,LOW
POL006587,0,0,0.5,0.359591,20126.45,20126.45,7237.3,9.9098,9408.48,HIGH
POL006588,0,0,0.6323,0.185694,13015.97,13015.97,2416.98,9.474,3142.08,MODERATE
POL006589,0,0,0.2584,0.357105,12804.51,12804.51,4572.55,9.4576,5944.32,MODERATE
POL006590,0,0,0.5,0.188377,4646.61,4646.61,875.32,8.4441,1137.91,LOW
POL006591,0,0,0.9005,0.512233,11611.22,11611.22,5947.65,9.3598,7731.95,HIGH
POL006592,0,0,0.5,0.253075,3778.32,3778.32,956.2,8.2373,1243.06,LOW
POL006593,0,0,0.2969,0.431239,11158.61,11158.61,4812.02,9.3201,6255.63,MODERATE
POL006594,0,0,0.3652,0.419903,22920.57,22920.57,9624.42,10.0398,12511.74,HIGH
POL006595,0,0,1.0,0.474311,17373.48,17373.48,8240.44,9.7628,10712.57,HIGH
POL006596,0,0,0.5,0.340397,3529.5,3529.5,1201.43,8.1692,1561.86,LOW
POL006597,0,0,0.5,0.447042,6614.1,6614.1,2956.78,8.7971,3843.81,MODERATE
POL006598,0,0,1.0,0.554992,20262.2,20262.2,11245.36,9.9166,14618.97,HIGH
POL006599,0,0,0.4401,0.281007,14229.46,14229.46,3998.58,9.5631,5198.16,MODERATE
POL006600,0,0,1.0,0.453042,6673.09,6673.09,3023.19,8.806,3930.15,MODERATE
POL006601,0,0,0.4662,0.290876,12803.16,12803.16,3724.13,9.4575,4841.37,MODERATE
POL006602,0,0,0.5,0.495844,15999.26,15999.26,7933.14,9.6804,10313.08,HIGH
POL006603,0,0,0.4575,0.392572,22986.43,22986.43,9023.82,10.0427,11730.96,HIGH
POL006604,0,0,0.3285,0.701658,19943.35,19943.35,13993.42,9.9007,18191.45,VERY_HIGH
POL006605,0,0,0.3944,0.233364,24979.47,24979.47,5829.31,10.1258,7578.11,HIGH
POL006606,0,0,1.0,0.242267,4072.63,4072.63,986.66,8.3123,1282.66,LOW
POL006607,0,0,0.7419,0.409993,14017.5,14017.5,5747.08,9.5481,7471.21,HIGH
POL006608,0,0,0.4803,0.847147,6775.23,6775.23,5739.61,8.8212,7461.5,HIGH
POL006609,0,0,1.0,0.252489,5357.83,5357.83,1352.8,8.5865,1758.63,LOW
POL006610,0,0,0.6994,0.473768,7463.29,7463.29,3535.87,8.9179,4596.63,MODERATE
POL006611,0,0,0.25,0.316184,25224.6,25224.6,7975.62,10.1356,10368.3,HIGH
POL006612,0,0,0.5,0.568483,5123.69,5123.69,2912.73,8.5418,3786.55,MODERATE
POL006613,0,0,0.6803,0.193268,12314.96,12314.96,2380.09,9.4187,3094.12,MODERATE
POL006614,0,0,0.5,0.395504,15740.64,15740.64,6225.48,9.6641,8093.13,HIGH
POL006615,0,0,1.0,0.290121,5744.06,5744.06,1666.47,8.6561,2166.41,LOW
POL006616,0,0,0.5441,0.181401,4830.19,4830.19,876.2,8.4828,1139.06,LOW
POL006617,0,0,0.3606,0.304335,21742.57,21742.57,6617.03,9.9871,8602.13,HIGH
POL006618,0,0,0.25,0.441976,3240.86,3240.86,1432.38,8.0839,1862.1,LOW
POL006619,0,0,0.4726,0.379807,30317.14,30317.14,11514.67,10.3195,14969.07,HIGH
POL006620,0,0,1.0,0.687339,8804.87,8804.87,6051.93,9.0832,7867.5,HIGH
POL006621,0,0,0.3482,0.287107,18824.11,18824.11,5404.53,9.8429,7025.89,MODERATE
POL006622,1,4661,1.0,0.377295,2827.34,2827.34,1066.74,7.9474,1386.76,LOW
POL006623,0,0,0.5,0.30885,11995.11,11995.11,3704.69,9.3923,4816.1,MODERATE
POL006624,0,0,0.5,0.696033,4472.04,4472.04,3112.69,8.4058,4046.49,MODERATE
POL006625,0,0,1.0,0.50982,3605.13,3605.13,1837.97,8.1904,2389.36,MODERATE
POL006626,0,0,0.5,0.215082,4094.17,4094.17,880.58,8.3176,1144.76,LOW
POL006627,0,0,0.1525,0.460524,19783.82,19783.82,9110.92,9.8927,11844.19,HIGH
POL006628,0,0,0.4985,0.539517,46103.83,46103.83,24873.81,10.7387,32335.95,VERY_HIGH
POL006629,0,0,0.7086,0.431224,5939.9,5939.9,2561.42,8.6896,3329.85,MODERATE
POL006630,0,0,0.5,0.52858,5112.99,5112.99,2702.62,8.5397,3513.41,MODERATE
POL006631,0,0,1.0,0.311029,2956.52,2956.52,919.56,7.9921,1195.43,LOW
POL006632,0,0,1.0,0.562863,5117.72,5117.72,2880.57,8.5407,3744.75,MODERATE
POL006633,0,0,0.6049,0.444094,5489.56,5489.56,2437.88,8.6108,3169.25,MODERATE
POL006634,0,0,0.1995,0.14335,13948.1,13948.1,1999.47,9.5432,2599.31,MODERATE
POL006635,0,0,0.4582,0.320764,18336.96,18336.96,5881.83,9.8167,7646.37,HIGH
POL006636,1,7448,0.8452,0.490311,35703.0,35703.0,17505.56,10.483,22757.23,VERY_HIGH
POL006637,0,0,0.2732,0.458934,16447.45,16447.45,7548.29,9.708,9812.78,HIGH
POL006638,0,0,0.7891,0.37984,5581.66,5581.66,2120.14,8.6274,2756.18,MODERATE
POL006639,0,0,0.25,0.552928,6354.34,6354.34,3513.49,8.7571,4567.53,MODERATE
POL006640,0,0,0.25,0.680889,11340.94,11340.94,7721.92,9.3363,10038.5,HIGH
POL006641,0,0,0.25,0.446281,6010.95,6010.95,2682.58,8.7015,3487.35,MODERATE
POL006642,0,0,0.6109,0.390194,6487.22,6487.22,2531.28,8.7777,3290.66,MODERATE
POL006643,0,0,0.1649,0.226441,14029.8,14029.8,3176.93,9.549,4130.0,MODERATE
POL006644,0,0,0.3691,0.318791,64282.16,64282.16,20492.59,11.0711,26640.36,VERY_HIGH
POL006645,0,0,1.0,0.287908,4787.59,4787.59,1378.38,8.474,1791.9,LOW
POL006646,0,0,1.0,0.723076,4672.3,4672.3,3378.42,8.4496,4391.95,MODERATE
POL006647,0,0,0.178,0.833155,21379.34,21379.34,17812.31,9.9702,23156.0,VERY_HIGH
POL006648,0,0,0.3732,0.279779,17427.04,17427.04,4875.72,9.7658,6338.44,MODERATE
POL006649,0,0,1.0,0.398868,5686.51,5686.51,2268.17,8.646,2948.62,MODERATE
POL006650,0,0,0.3215,0.379476,14950.23,14950.23,5673.25,9.6125,7375.23,HIGH
POL006651,0,0,0.4055,0.331007,7687.6,7687.6,2544.65,8.9475,3308.05,MODERATE
POL006652,0,0,0.5,0.420997,21626.14,21626.14,9104.53,9.9817,11835.89,HIGH
POL006653,0,0,1.0,0.241262,5024.48,5024.48,1212.22,8.5223,1575.88,LOW
POL006654,0,0,0.2453,0.903762,9991.15,9991.15,9029.62,9.2096,11738.51,HIGH
POL006655,0,0,0.527,0.847746,13948.32,13948.32,11824.63,9.5432,15372.02,HIGH
POL006656,0,0,1.0,0.30622,4870.44,4870.44,1491.42,8.4911,1938.85,LOW
POL006657,0,0,0.107,0.25119,20056.58,20056.58,5038.01,9.9064,6549.42,MODERATE
POL006658,0,0,0.2288,0.287934,12901.66,12901.66,3714.82,9.4652,4829.27,MODERATE
POL006659,0,0,0.25,0.357915,31670.2,31670.2,11335.23,10.3632,14735.8,HIGH
POL006660,0,0,0.5,0.37383,4792.23,4792.23,1791.48,8.475,2328.92,LOW
POL006661,0,0,0.2198,0.27001,14647.21,14647.21,3954.9,9.5921,5141.36,MODERATE
POL006662,0,0,0.7802,0.365931,4351.26,4351.26,1592.26,8.3785,2069.94,LOW
POL006663,0,0,0.5,0.686815,15920.29,15920.29,10934.3,9.6754,14214.58,HIGH
POL006664,0,0,0.5526,0.457428,17686.44,17686.44,8090.27,9.7806,10517.35,HIGH
POL006665,0,0,1.0,0.191303,28484.2,28484.2,5449.1,10.2571,7083.83,MODERATE
POL006666,0,0,1.0,0.284314,10042.48,10042.48,2855.21,9.2147,3711.78,MODERATE
POL006667,0,0,0.2836,0.435864,34963.53,34963.53,15239.35,10.4621,19811.16,VERY_HIGH
POL006668,1,9196,0.8421,0.898654,18953.13,18953.13,17032.3,9.8498,22141.99,VERY_HIGH
POL006669,0,0,1.0,0.530212,15929.4,15929.4,8445.97,9.676,10979.76,HIGH
POL006670,0,0,1.0,0.244635,12794.67,12794.67,3130.03,9.4569,4069.03,MODERATE
POL006671,1,35133,0.9672,0.35363,14753.08,14753.08,5217.13,9.5993,6782.27,MODERATE
POL006672,0,0,0.9018,0.427966,2968.33,2968.33,1270.34,7.9961,1651.44,LOW
POL006673,1,12653,0.5,0.817639,34744.98,34744.98,28408.87,10.4558,36931.53,VERY_HIGH
POL006674,0,0,0.2193,0.25659,13475.94,13475.94,3457.8,9.5087,4495.14,MODERATE
POL006675,0,0,0.3759,0.748987,18076.79,18076.79,13539.28,9.8024,17601.06,VERY_HIGH
POL006676,0,0,0.5,0.220335,9536.8,9536.8,2101.29,9.163,2731.68,MODERATE
POL006677,0,0,1.0,0.248014,10098.12,10098.12,2504.48,9.2202,3255.82,MODERATE
POL006678,0,0,1.0,0.668247,5103.66,5103.66,3410.51,8.5379,4433.66,MODERATE
POL006679,0,0,0.4358,0.348498,23499.99,23499.99,8189.7,10.0648,10646.61,HIGH
POL006680,0,0,0.905,0.235505,5998.4,5998.4,1412.65,8.6994,1836.45,LOW
POL006681,0,0,1.0,0.657318,5515.26,5515.26,3625.28,8.6155,4712.87,MODERATE
POL006682,0,0,0.3998,0.61303,11477.84,11477.84,7036.26,9.3483,9147.14,HIGH
POL006683,0,0,0.25,0.32489,8148.89,8148.89,2647.49,9.0058,3441.74,MODERATE
POL006684,1,9150,0.8166,0.489658,12425.46,12425.46,6084.23,9.4276,7909.5,HIGH
POL006685,0,0,0.5,0.389447,29504.61,29504.61,11490.49,10.2923,14937.63,HIGH
POL006686,0,0,0.3325,0.225671,19215.21,19215.21,4336.32,9.8635,5637.22,MODERATE
POL006687,0,0,1.0,0.296394,24261.77,24261.77,7191.04,10.0967,9348.35,HIGH
POL006688,0,0,0.5,0.433241,4926.41,4926.41,2134.32,8.5026,2774.62,MODERATE
POL006689,0,0,0.5647,0.620673,12224.58,12224.58,7587.46,9.4113,9863.7,HIGH
POL006690,0,0,0.5361,0.149947,9874.56,9874.56,1480.66,9.1978,1924.86,LOW
POL006691,0,0,0.4472,0.372371,20181.22,20181.22,7514.91,9.9126,9769.38,HIGH
POL006692,0,0,0.8403,0.382173,3953.27,3953.27,1510.83,8.2826,1964.08,LOW
POL006693,0,0,0.6802,0.3081,17768.43,17768.43,5474.45,9.7852,7116.79,MODERATE
POL006694,0,0,1.0,0.427587,4178.82,4178.82,1786.81,8.338,2322.85,LOW
POL006695,0,0,0.5,0.483675,4773.24,4773.24,2308.69,8.471,3001.3,MODERATE
POL006696,0,0,1.0,0.298102,3945.65,3945.65,1176.2,8.2806,1529.06,LOW
POL006697,0,0,0.9205,0.420965,7267.09,7267.09,3059.19,8.8912,3976.95,MODERATE
POL006698,0,0,1.0,0.167693,3216.93,3216.93,539.46,8.0765,701.29,LOW
POL006699,0,0,1.0,0.161449,6134.17,6134.17,990.36,8.7218,1287.46,LOW
POL006700,0,0,0.4148,0.204312,7057.11,7057.11,1441.86,8.8619,1874.41,LOW
POL006701,0,0,0.4956,0.771806,4183.69,4183.69,3229.0,8.3392,4197.7,MODERATE
POL006702,0,0,0.5,0.511927,4310.35,4310.35,2206.58,8.369,2868.56,MODERATE
POL006703,0,0,0.7724,0.395341,11531.12,11531.12,4558.73,9.3529,5926.34,MODERATE
POL006704,0,0,0.4327,0.220584,3239.59,3239.59,714.6,8.0835,928.98,LOW
POL006705,0,0,0.25,0.462509,5242.28,5242.28,2424.6,8.5647,3151.98,MODERATE
POL006706,0,0,0.5755,0.407402,13721.29,13721.29,5590.08,9.5268,7267.1,HIGH
POL006707,1,3943,0.3513,0.823512,7126.84,7126.84,5869.04,8.8718,7629.75,HIGH
POL006708,1,11988,1.0,0.716305,8141.38,8141.38,5831.71,9.0048,7581.22,HIGH
POL006709,0,0,1.0,0.527942,6069.95,6069.95,3204.58,8.7113,4165.96,MODERATE
POL006710,0,0,0.5,0.14149,18516.31,18516.31,2619.87,9.8265,3405.83,MODERATE
POL006711,0,0,0.4905,0.381589,10396.83,10396.83,3967.32,9.2494,5157.51,MODERATE
POL006712,0,0,0.3264,0.314981,9368.07,9368.07,2950.77,9.1452,3836.0,MODERATE
POL006713,0,0,0.25,0.404824,8123.04,8123.04,3288.4,9.0026,4274.92,MODERATE
POL006714,0,0,1.0,0.543436,10959.48,10959.48,5955.77,9.3021,7742.51,HIGH
POL006715,1,9659,1.0,0.626924,13895.82,13895.82,8711.63,9.5394,11325.11,HIGH
POL006716,1,7242,0.182,0.826841,10502.1,10502.1,8683.57,9.2594,11288.64,HIGH
POL006717,0,0,0.5,0.386449,5895.42,5895.42,2278.28,8.6821,2961.76,MODERATE
POL006718,0,0,0.5,0.337132,5019.38,5019.38,1692.19,8.5213,2199.85,LOW
POL006719,0,0,0.5,0.264003,4420.38,4420.38,1166.99,8.3942,1517.09,LOW
POL006720,0,0,0.2844,0.341745,23327.76,23327.76,7972.14,10.0574,10363.78,HIGH
POL006721,0,0,0.5,0.642182,9586.87,9586.87,6156.52,9.1683,8003.47,HIGH
POL006722,0,0,0.5,0.224117,9798.08,9798.08,2195.91,9.19,2854.69,MODERATE
POL006723,0,0,0.25,0.685806,6210.31,6210.31,4259.07,8.7341,5536.79,MODERATE
POL006724,0,0,0.5,0.290194,4127.2,4127.2,1197.69,8.3256,1557.0,LOW
POL006725,0,0,0.1355,0.402156,25657.06,25657.06,10318.13,10.1526,13413.57,HIGH
POL006726,0,0,0.9967,0.491308,4885.05,4885.05,2400.06,8.4941,3120.08,MODERATE
POL006727,0,0,0.5437,0.247908,7675.67,7675.67,1902.86,8.9459,2473.72,MODERATE
POL006728,0,0,0.2141,0.264657,63320.0,63320.0,16758.07,11.056,21785.49,VERY_HIGH
POL006729,0,0,0.7286,0.310464,13751.74,13751.74,4269.42,9.529,5550.25,MODERATE
POL006730,0,0,1.0,0.188369,16889.59,16889.59,3181.48,9.7345,4135.92,MODERATE
POL006731,0,0,0.4873,0.5588,2662.3,2662.3,1487.69,7.8873,1934.0,LOW
POL006732,0,0,0.5,0.325231,39011.08,39011.08,12687.62,10.5716,16493.91,VERY_HIGH
POL006733,0,0,0.8754,0.254092,8898.76,8898.76,2261.1,9.0938,2939.43,MODERATE
POL006734,0,0,0.2368,0.418837,8503.02,8503.02,3561.38,9.0483,4629.79,MODERATE
POL006735,0,0,0.8445,0.727134,5879.66,5879.66,4275.3,8.6794,5557.89,MODERATE
POL006736,0,0,0.4845,0.717,15055.96,15055.96,10795.12,9.6196,14033.65,HIGH
POL006737,0,0,0.3362,0.697633,23000.06,23000.06,16045.6,10.0433,20859.29,VERY_HIGH
POL006738,0,0,1.0,0.420741,4773.88,4773.88,2008.57,8.4711,2611.13,MODERATE
POL006739,1,5658,0.9871,0.484019,6033.83,6033.83,2920.49,8.7053,3796.63,MODERATE
POL006740,0,0,0.6352,0.425276,36923.75,36923.75,15702.79,10.5166,20413.63,VERY_HIGH
POL006741,0,0,0.4872,0.279755,28543.58,28543.58,7985.22,10.2592,10380.78,HIGH
POL006742,1,4954,1.0,0.813099,8998.49,8998.49,7316.66,9.1049,9511.66,HIGH
POL006743,0,0,0.6153,0.348726,16228.09,16228.09,5659.16,9.6946,7356.91,HIGH
POL006744,1,20351,0.6117,0.835903,16471.03,16471.03,13768.19,9.7094,17898.64,VERY_HIGH
POL006745,1,10799,1.0,0.635108,12609.09,12609.09,8008.13,9.4423,10410.57,HIGH
POL006746,0,0,0.3493,0.268845,7148.73,7148.73,1921.9,8.8748,2498.47,MODERATE
POL006747,0,0,0.3879,0.686627,9508.32,9508.32,6528.68,9.16,8487.28,HIGH
POL006748,0,0,0.506,0.280163,15588.98,15588.98,4367.46,9.6544,5677.69,MODERATE
POL006749,0,0,1.0,0.366148,5941.31,5941.31,2175.4,8.6899,2828.02,MODERATE
POL006750,0,0,0.5,0.269778,4373.44,4373.44,1179.86,8.3835,1533.82,LOW
POL006751,0,0,0.25,0.339413,8756.11,8756.11,2971.94,9.0776,3863.52,MODERATE
POL006752,0,0,0.9527,0.526912,7192.12,7192.12,3789.61,8.8809,4926.49,MODERATE
POL006753,0,0,0.8125,0.283578,4971.51,4971.51,1409.81,8.5117,1832.76,LOW
POL006754,0,0,1.0,0.49119,3923.85,3923.85,1927.35,8.2751,2505.56,MODERATE
POL006755,0,0,0.133,0.32339,7877.66,7877.66,2547.55,8.9719,3311.82,MODERATE
POL006756,0,0,0.25,0.239648,4960.1,4960.1,1188.68,8.5094,1545.28,LOW
POL006757,1,7292,0.7981,0.557059,9347.65,9347.65,5207.2,9.143,6769.36,MODERATE
POL006758,1,8398,0.15,0.873281,22709.68,22709.68,19831.94,10.0306,25781.53,VERY_HIGH
POL006759,0,0,0.2269,0.377324,13891.83,13891.83,5241.72,9.5391,6814.24,MODERATE
POL006760,0,0,0.6861,0.332339,5986.95,5986.95,1989.7,8.6975,2586.61,MODERATE
POL006761,0,0,1.0,0.255324,11277.45,11277.45,2879.4,9.3306,3743.22,MODERATE
POL006762,0,0,0.8476,0.761664,8844.8,8844.8,6736.76,9.0877,8757.79,HIGH
POL006763,0,0,0.7405,0.214833,17483.0,17483.0,3755.92,9.769,4882.69,MODERATE
POL006764,0,0,1.0,0.722789,16014.99,16014.99,11575.45,9.6813,15048.08,HIGH
POL006765,0,0,1.0,0.356773,18522.64,18522.64,6608.38,9.8268,8590.89,HIGH
POL006766,0,0,1.0,0.349974,7993.16,7993.16,2797.4,8.9865,3636.62,MODERATE
POL006767,0,0,1.0,0.370879,6112.02,6112.02,2266.82,8.7182,2946.87,MODERATE
POL006768,0,0,0.25,0.550944,6336.68,6336.68,3491.16,8.7543,4538.5,MODERATE
POL006769,0,0,1.0,0.223032,5614.3,5614.3,1252.17,8.6333,1627.82,LOW
POL006770,0,0,0.5947,0.330295,11594.99,11594.99,3829.77,9.3584,4978.7,MODERATE
POL006771,0,0,1.0,0.863445,6990.51,6990.51,6035.92,8.8525,7846.69,HIGH
POL006772,0,0,0.9595,0.744009,31797.76,31797.76,23657.83,10.3672,30755.19,VERY_HIGH
POL006773,1,9070,0.5,0.534394,16928.96,16928.96,9046.73,9.7368,11760.75,HIGH
POL006774,0,0,0.6629,0.462765,14358.71,14358.71,6644.71,9.5722,8638.12,HIGH
POL006775,0,0,0.8542,0.321181,6081.91,6081.91,1953.39,8.7132,2539.41,MODERATE
POL006776,0,0,0.5,0.323692,5390.63,5390.63,1744.9,8.5926,2268.37,LOW
POL006777,0,0,0.5,0.640953,16140.95,16140.95,10345.59,9.6892,13449.27,HIGH
POL006778,1,13709,0.5,0.743647,13215.92,13215.92,9827.97,9.4893,12776.37,HIGH
POL006779,0,0,1.0,0.264071,15688.89,15688.89,4142.98,9.6608,5385.87,MODERATE
POL006780,0,0,0.3005,0.236051,10845.63,10845.63,2560.12,9.2916,3328.15,MODERATE
POL006781,1,8609,0.25,0.456321,4963.87,4963.87,2265.12,8.5101,2944.66,MODERATE
POL006782,0,0,0.8778,0.255552,13623.96,13623.96,3481.63,9.5197,4526.12,MODERATE
POL006783,0,0,0.9171,0.397145,16999.68,16999.68,6751.35,9.741,8776.75,HIGH
POL006784,0,0,0.5,0.280928,3652.56,3652.56,1026.11,8.2035,1333.94,LOW
POL006785,0,0,0.4419,0.465553,7629.95,7629.95,3552.15,8.94,4617.8,MODERATE
POL006786,0,0,0.5,0.450888,11192.34,11192.34,5046.5,9.3231,6560.45,MODERATE
POL006787,0,0,0.9136,0.201302,8255.29,8255.29,1661.8,9.0187,2160.34,LOW
POL006788,0,0,0.3366,0.404254,128199.36,128199.36,51825.14,11.7613,67372.68,VERY_HIGH
POL006789,1,13459,0.5,0.735143,10236.22,10236.22,7525.08,9.2338,9782.6,HIGH
POL006790,0,0,0.5,0.678612,7280.18,7280.18,4940.42,8.893,6422.54,MODERATE
POL006791,0,0,0.1619,0.356776,30653.81,30653.81,10936.53,10.3305,14217.49,HIGH
POL006792,0,0,0.2844,0.276186,11607.19,11607.19,3205.74,9.3595,4167.47,MODERATE
POL006793,0,0,0.8074,0.760744,4040.92,4040.92,3074.11,8.3045,3996.34,MODERATE
POL006794,0,0,0.25,0.458817,5450.81,5450.81,2500.93,8.6037,3251.21,MODERATE
POL006795,0,0,0.5,0.383735,3232.79,3232.79,1240.54,8.0814,1612.7,LOW
POL006796,0,0,1.0,0.298019,4283.0,4283.0,1276.41,8.3626,1659.34,LOW
POL006797,0,0,1.0,0.513624,6175.36,6175.36,3171.81,8.7285,4123.35,MODERATE
POL006798,0,0,1.0,0.159703,11125.09,11125.09,1776.71,9.317,2309.72,LOW
POL006799,0,0,0.8278,0.209745,7608.07,7608.07,1595.76,8.9371,2074.48,LOW
POL006800,1,17856,0.25,0.81199,7543.03,7543.03,6124.87,8.9285,7962.33,HIGH
POL006801,0,0,0.6754,0.121995,34428.16,34428.16,4200.06,10.4467,5460.08,MODERATE
POL006802,0,0,0.2196,0.508328,22556.01,22556.01,11465.84,10.0238,14905.59,HIGH
POL006803,0,0,0.6334,0.227252,21263.59,21263.59,4832.2,9.9648,6281.86,MODERATE
POL006804,0,0,1.0,0.274791,14100.72,14100.72,3874.74,9.5541,5037.17,MODERATE
POL006805,0,0,0.5636,0.776936,8723.97,8723.97,6777.97,9.0739,8811.36,HIGH
POL006806,0,0,0.33,0.617955,16933.12,16933.12,10463.91,9.7371,13603.09,HIGH
POL006807,0,0,1.0,0.467257,3805.46,3805.46,1778.13,8.2445,2311.57,LOW
POL006808,1,11254,0.5,0.832911,7215.02,7215.02,6009.47,8.8841,7812.31,HIGH
POL006809,0,0,0.5,0.138233,8002.31,8002.31,1106.19,8.9876,1438.04,LOW
POL006810,0,0,0.8895,0.368743,4177.63,4177.63,1540.47,8.3377,2002.61,LOW
POL006811,0,0,0.8452,0.250861,15922.28,15922.28,3994.29,9.6755,5192.57,MODERATE
POL006812,0,0,0.25,0.518964,4642.04,4642.04,2409.05,8.4431,3131.76,MODERATE
POL006813,0,0,0.3347,0.740086,14428.17,14428.17,10678.09,9.577,13881.51,HIGH
POL006814,0,0,0.5,0.455301,5072.31,5072.31,2309.43,8.5317,3002.26,MODERATE
POL006815,0,0,0.25,0.333806,70422.26,70422.26,23507.38,11.1623,30559.59,VERY_HIGH
POL006816,0,0,0.5,0.397072,4173.5,4173.5,1657.18,8.3368,2154.34,LOW
POL006817,0,0,1.0,0.247439,7139.42,7139.42,1766.57,8.8735,2296.55,LOW
POL006818,0,0,1.0,0.589541,9881.89,9881.89,5825.78,9.1986,7573.51,HIGH
POL006819,0,0,0.8121,0.498926,9454.77,9454.77,4717.23,9.1544,6132.39,MODERATE
POL006820,0,0,0.7489,0.310065,25386.32,25386.32,7871.41,10.142,10232.83,HIGH
POL006821,1,4150,0.5,0.59694,4585.18,4585.18,2737.08,8.4308,3558.2,MODERATE
POL006822,0,0,0.7637,0.402819,5281.98,5281.98,2127.68,8.5722,2765.98,MODERATE
POL006823,0,0,0.7153,0.453675,19117.27,19117.27,8673.04,9.8584,11274.95,HIGH
POL006824,0,0,1.0,0.270662,5949.44,5949.44,1610.29,8.6912,2093.38,LOW
POL006825,0,0,0.402,0.346601,10354.91,10354.91,3589.02,9.2453,4665.72,MODERATE
POL006826,1,7595,1.0,0.2528,4992.22,4992.22,1262.03,8.5158,1640.64,LOW
POL006827,0,0,1.0,0.573896,8882.13,8882.13,5097.42,9.0919,6626.64,MODERATE
POL006828,0,0,0.8229,0.571595,3952.12,3952.12,2259.01,8.2823,2936.71,MODERATE
POL006829,0,0,0.1828,0.222705,14079.57,14079.57,3135.59,9.5526,4076.27,MODERATE
POL006830,0,0,0.5,0.295045,2617.12,2617.12,772.17,7.8702,1003.82,LOW
POL006831,0,0,0.2904,0.259493,22088.37,22088.37,5731.77,10.0029,7451.3,HIGH
POL006832,0,0,0.5534,0.477817,13444.83,13444.83,6424.16,9.5064,8351.41,HIGH
POL006833,0,0,0.5019,0.463804,4390.03,4390.03,2036.12,8.3873,2646.95,MODERATE
POL006834,0,0,1.0,0.214234,16868.52,16868.52,3613.81,9.7333,4697.95,MODERATE
POL006835,0,0,1.0,0.286662,29076.31,29076.31,8335.06,10.2777,10835.58,HIGH
POL006836,0,0,1.0,0.333671,4861.37,4861.37,1622.1,8.4893,2108.73,LOW
POL006837,0,0,1.0,0.450381,4177.09,4177.09,1881.28,8.3376,2445.67,MODERATE
POL006838,1,4091,0.25,0.481343,4660.31,4660.31,2243.2,8.4471,2916.17,MODERATE
POL006839,0,0,0.121,0.549929,24286.28,24286.28,13355.73,10.0977,17362.45,VERY_HIGH
POL006840,0,0,0.5907,0.841082,15486.72,15486.72,13025.6,9.6478,16933.29,VERY_HIGH
POL006841,0,0,1.0,0.32146,6702.5,6702.5,2154.58,8.8104,2800.96,MODERATE
POL006842,0,0,1.0,0.795131,7718.18,7718.18,6136.96,8.9515,7978.05,HIGH
POL006843,1,6990,0.1031,0.500995,9594.85,9594.85,4806.97,9.1691,6249.06,MODERATE
POL006844,0,0,0.5,0.534029,5923.17,5923.17,3163.15,8.6868,4112.09,MODERATE
POL006845,0,0,0.25,0.168244,10933.69,10933.69,1839.53,9.2997,2391.38,MODERATE
POL006846,0,0,0.5,0.368614,4673.55,4673.55,1722.73,8.4499,2239.55,LOW
POL006847,0,0,0.0717,0.266904,39452.27,39452.27,10529.97,10.5829,13688.96,HIGH
POL006848,0,0,0.7582,0.444647,11121.19,11121.19,4945.01,9.3167,6428.51,MODERATE
POL006849,0,0,1.0,0.226406,4430.86,4430.86,1003.17,8.3966,1304.13,LOW
POL006850,0,0,1.0,0.400697,5437.05,5437.05,2178.61,8.6012,2832.19,MODERATE
POL006851,0,0,1.0,0.698383,7681.27,7681.27,5364.47,8.9467,6973.81,MODERATE
POL006852,1,3326,0.5,0.401111,3770.15,3770.15,1512.25,8.2351,1965.92,LOW
POL006853,0,0,0.5,0.143058,15646.6,15646.6,2238.37,9.6581,2909.88,MODERATE
POL006854,0,0,0.4297,0.462055,11150.09,11150.09,5151.95,9.3193,6697.54,MODERATE
POL006855,0,0,1.0,0.281064,4706.5,4706.5,1322.82,8.4569,1719.67,LOW
POL006856,0,0,1.0,0.728749,9164.77,9164.77,6678.82,9.1232,8682.47,HIGH
POL006857,0,0,0.2276,0.359113,62152.05,62152.05,22319.6,11.0374,29015.48,VERY_HIGH
POL006858,0,0,1.0,0.457149,10162.97,10162.97,4645.99,9.2266,6039.79,MODERATE
POL006859,0,0,1.0,0.222776,8260.44,8260.44,1840.23,9.0194,2392.3,MODERATE
POL006860,0,0,0.2361,0.281009,12936.28,12936.28,3635.21,9.4679,4725.78,MODERATE
POL006861,0,0,0.4777,0.422731,13106.93,13106.93,5540.7,9.481,7202.91,HIGH
POL006862,0,0,1.0,0.149359,63307.2,63307.2,9455.49,11.0558,12292.14,HIGH
POL006863,0,0,1.0,0.303515,4524.89,4524.89,1373.37,8.4176,1785.38,LOW
POL006864,0,0,0.25,0.426295,6489.81,6489.81,2766.58,8.7781,3596.55,MODERATE
POL006865,0,0,0.4984,0.534447,25323.54,25323.54,13534.08,10.1395,17594.3,VERY_HIGH
POL006866,0,0,0.3676,0.098105,11428.29,11428.29,1121.17,9.3439,1457.52,LOW
POL006867,0,0,0.921,0.219009,10635.12,10635.12,2329.18,9.272,3027.94,MODERATE
POL006868,0,0,0.775,0.481302,4151.51,4151.51,1998.13,8.3315,2597.57,MODERATE
POL006869,0,0,0.7816,0.442027,16850.96,16850.96,7448.57,9.7322,9683.15,HIGH
POL006870,0,0,0.1238,0.150053,16087.97,16087.97,2414.04,9.6859,3138.26,MODERATE
POL006871,0,0,1.0,0.467829,6039.73,6039.73,2825.56,8.7063,3673.22,MODERATE
POL006872,0,0,1.0,0.494946,5273.97,5273.97,2610.33,8.5707,3393.43,MODERATE
POL006873,0,0,0.8876,0.298755,11968.44,11968.44,3575.64,9.3901,4648.33,MODERATE
POL006874,1,8622,0.138,0.917013,16101.81,16101.81,14765.57,9.6867,19195.24,VERY_HIGH
POL006875,0,0,0.5,0.14196,9495.52,9495.52,1347.99,9.1587,1752.38,LOW
POL006876,0,0,0.5,0.380666,13642.77,13642.77,5193.34,9.521,6751.34,MODERATE
POL006877,0,0,0.5,0.723609,13995.73,13995.73,10127.44,9.5466,13165.67,HIGH
POL006878,0,0,0.4283,0.335537,7126.77,7126.77,2391.29,8.8718,3108.68,MODERATE
POL006879,0,0,0.25,0.225675,8979.01,8979.01,2026.34,9.1028,2634.24,MODERATE
POL006880,0,0,0.5695,0.45062,4703.22,4703.22,2119.36,8.4562,2755.17,MODERATE
POL006881,0,0,0.25,0.72774,4055.42,4055.42,2951.29,8.3081,3836.68,MODERATE
POL006882,0,0,0.6763,0.515452,3869.21,3869.21,1994.39,8.2611,2592.71,MODERATE
POL006883,0,0,0.6291,0.087428,3712.24,3712.24,324.55,8.2197,500.0,LOW
POL006884,0,0,1.0,0.465242,2158.02,2158.02,1004.0,7.6774,1305.2,LOW
POL006885,0,0,0.5298,0.188307,18099.73,18099.73,3408.31,9.8037,4430.81,MODERATE
POL006886,0,0,0.5523,0.27939,30774.48,30774.48,8598.09,10.3345,11177.51,HIGH
POL006887,1,7510,0.5,0.594088,9100.29,9100.29,5406.38,9.1162,7028.29,MODERATE
POL006888,0,0,0.8919,0.310693,9761.31,9761.31,3032.77,9.1863,3942.6,MODERATE
POL006889,0,0,1.0,0.171186,5795.22,5795.22,992.06,8.665,1289.68,LOW
POL006890,0,0,1.0,0.21546,4390.64,4390.64,946.01,8.3875,1229.81,LOW
POL006891,0,0,0.7808,0.270365,8829.42,8829.42,2387.17,9.086,3103.32,MODERATE
POL006892,0,0,0.202,0.308779,17766.51,17766.51,5485.93,9.7851,7131.7,MODERATE
POL006893,0,0,1.0,0.137575,6846.29,6846.29,941.88,8.8316,1224.44,LOW
POL006894,1,19524,0.4934,0.547333,8513.17,8513.17,4659.53,9.0495,6057.39,MODERATE
POL006895,1,2270,1.0,0.391252,6550.01,6550.01,2562.71,8.7874,3331.52,MODERATE
POL006896,0,0,0.5,0.317099,9020.08,9020.08,2860.26,9.1073,3718.33,MODERATE
POL006897,0,0,0.5,0.462905,5410.24,5410.24,2504.43,8.5962,3255.75,MODERATE
POL006898,0,0,0.3375,0.491719,29174.24,29174.24,14345.52,10.2811,18649.17,VERY_HIGH
POL006899,1,5432,1.0,0.727726,6414.28,6414.28,4667.83,8.7664,6068.18,MODERATE
POL006900,0,0,0.25,0.746451,8176.72,8176.72,6103.52,9.0092,7934.57,HIGH
POL006901,0,0,0.0734,0.433696,12181.68,12181.68,5283.14,9.4078,6868.09,MODERATE
POL006902,0,0,0.5,0.27055,5859.26,5859.26,1585.22,8.6759,2060.79,LOW
POL006903,0,0,0.982,0.531427,5897.48,5897.48,3134.08,8.6824,4074.3,MODERATE
POL006904,0,0,0.7097,0.350994,9057.02,9057.02,3178.96,9.1114,4132.65,MODERATE
POL006905,0,0,0.5637,0.225118,9023.54,9023.54,2031.37,9.1077,2640.78,MODERATE
POL006906,0,0,1.0,0.77014,12687.37,12687.37,9771.04,9.4484,12702.36,HIGH
POL006907,0,0,0.4422,0.367945,4510.34,4510.34,1659.56,8.4144,2157.42,LOW
POL006908,0,0,0.5,0.120954,5418.03,5418.03,655.33,8.5977,851.93,LOW
POL006909,0,0,0.5976,0.749623,12673.44,12673.44,9500.31,9.4473,12350.4,HIGH
POL006910,0,0,0.8869,0.343265,16173.04,16173.04,5551.64,9.6912,7217.14,HIGH
POL006911,0,0,0.2546,0.858539,9700.45,9700.45,8328.22,9.18,10826.68,HIGH
POL006912,0,0,0.6444,0.363074,34436.49,34436.49,12502.98,10.4469,16253.88,VERY_HIGH
POL006913,1,3101,0.7725,0.787276,10662.75,10662.75,8394.53,9.2746,10912.89,HIGH
POL006914,0,0,1.0,0.675109,7421.1,7421.1,5010.05,8.9122,6513.07,MODERATE
POL006915,0,0,0.25,0.412403,34829.76,34829.76,14363.9,10.4583,18673.07,VERY_HIGH
POL006916,0,0,0.2436,0.245936,11015.89,11015.89,2709.21,9.3072,3521.97,MODERATE
POL006917,0,0,1.0,0.280924,3678.75,3678.75,1033.45,8.2106,1343.48,LOW
POL006918,0,0,0.25,0.266859,8460.86,8460.86,2257.85,9.0433,2935.21,MODERATE
POL006919,0,0,0.25,0.776592,16425.59,16425.59,12755.99,9.7067,16582.78,VERY_HIGH
POL006920,0,0,0.4307,0.343371,15598.57,15598.57,5356.09,9.655,6962.92,MODERATE
POL006921,0,0,0.3472,0.244324,20447.88,20447.88,4995.91,9.9257,6494.69,MODERATE
POL006922,0,0,0.5,0.268129,4983.92,4983.92,1336.33,8.5142,1737.23,LOW
POL006923,0,0,0.3492,0.564045,4650.29,4650.29,2622.97,8.4449,3409.86,MODERATE
POL006924,0,0,1.0,0.324682,5274.78,5274.78,1712.63,8.5709,2226.41,LOW
POL006925,0,0,1.0,0.377935,14137.96,14137.96,5343.24,9.5567,6946.21,MODERATE
POL006926,1,18396,1.0,0.706413,9072.49,9072.49,6408.93,9.1131,8331.61,HIGH
POL006927,0,0,1.0,0.389875,4216.08,4216.08,1643.74,8.3469,2136.87,LOW
POL006928,0,0,1.0,0.421324,3589.72,3589.72,1512.44,8.1861,1966.17,LOW
POL006929,0,0,0.5,0.291224,4372.2,4372.2,1273.29,8.3833,1655.28,LOW
POL006930,0,0,0.352,0.475884,46005.38,46005.38,21893.23,10.7365,28461.2,VERY_HIGH
POL006931,0,0,0.25,0.359905,14618.71,14618.71,5261.34,9.5901,6839.74,MODERATE
POL006932,0,0,1.0,0.434231,4551.46,4551.46,1976.39,8.4234,2569.3,MODERATE
POL006933,0,0,0.8007,0.229564,2907.38,2907.38,667.43,7.9754,867.66,LOW
POL006934,0,0,1.0,0.609991,4287.91,4287.91,2615.58,8.3638,3400.26,MODERATE
POL006935,0,0,0.5,0.148547,6642.51,6642.51,986.73,8.8014,1282.74,LOW
POL006936,0,0,0.5909,0.082194,141476.66,141476.66,11628.54,11.8599,15117.1,HIGH
POL006937,0,0,0.2482,0.27585,9183.96,9183.96,2533.4,9.1253,3293.42,MODERATE
POL006938,0,0,1.0,0.613692,15937.13,15937.13,9780.49,9.6765,12714.63,HIGH
POL006939,0,0,0.5,0.833068,32408.78,32408.78,26998.73,10.3862,35098.35,VERY_HIGH
POL006940,0,0,0.6655,0.253561,13565.2,13565.2,3439.61,9.5153,4471.49,MODERATE
POL006941,1,4274,0.5971,0.640269,4625.37,4625.37,2961.48,8.4395,3849.92,MODERATE
POL006942,1,3957,0.7184,0.444314,6240.85,6240.85,2772.9,8.739,3604.77,MODERATE
POL006943,0,0,1.0,0.683023,4377.08,4377.08,2989.65,8.3844,3886.54,MODERATE
POL006944,0,0,0.1952,0.490256,22852.15,22852.15,11203.4,10.0368,14564.43,HIGH
POL006945,1,4171,0.25,0.63572,3821.61,3821.61,2429.47,8.2487,3158.32,MODERATE
POL006946,0,0,0.8136,0.290097,2667.51,2667.51,773.84,7.8893,1005.99,LOW
POL006947,1,11718,1.0,0.83269,6650.28,6650.28,5537.63,8.8026,7198.91,HIGH
POL006948,0,0,1.0,0.6908,7228.58,7228.58,4993.5,8.8859,6491.56,MODERATE
POL006949,1,2230,0.9063,0.49742,7367.61,7367.61,3664.8,8.905,4764.24,MODERATE
POL006950,0,0,0.25,0.491635,4300.79,4300.79,2114.42,8.3668,2748.74,MODERATE
POL006951,0,0,0.8239,0.665492,6532.02,6532.02,4347.01,8.7846,5651.11,MODERATE
POL006952,1,10623,0.2613,0.636104,11670.1,11670.1,7423.41,9.3649,9650.43,HIGH
POL006953,0,0,1.0,0.379114,14039.86,14039.86,5322.71,9.5497,6919.53,MODERATE
POL006954,0,0,0.5651,0.787035,4076.36,4076.36,3208.24,8.3132,4170.71,MODERATE
POL006955,0,0,0.5,0.652031,4348.74,4348.74,2835.51,8.3779,3686.17,MODERATE
POL006956,0,0,0.4953,0.274925,11899.86,11899.86,3271.56,9.3844,4253.03,MODERATE
POL006957,0,0,0.5,0.380892,17126.8,17126.8,6523.46,9.7485,8480.49,HIGH
POL006958,0,0,0.2828,0.36234,16351.58,16351.58,5924.84,9.7021,7702.29,HIGH
POL006959,0,0,1.0,0.654472,6400.02,6400.02,4188.63,8.7642,5445.22,MODERATE
POL006960,0,0,0.5,0.498081,4702.98,4702.98,2342.47,8.4562,3045.21,MODERATE
POL006961,0,0,0.5,0.267164,9327.9,9327.9,2492.08,9.1409,3239.7,MODERATE
POL006962,0,0,0.6545,0.433767,14047.93,14047.93,6093.52,9.5503,7921.58,HIGH
POL006963,0,0,1.0,0.192207,6334.14,6334.14,1217.47,8.7539,1582.71,LOW
POL006964,0,0,0.25,0.39097,11196.28,11196.28,4377.4,9.3234,5690.63,MODERATE
POL006965,0,0,1.0,0.37533,5650.64,5650.64,2120.86,8.6397,2757.12,MODERATE
POL006966,0,0,1.0,0.36946,7960.88,7960.88,2941.23,8.9824,3823.6,MODERATE
POL006967,0,0,0.253,0.47355,17189.97,17189.97,8140.3,9.7521,10582.39,HIGH
POL006968,0,0,0.589,0.500766,15390.93,15390.93,7707.25,9.6416,10019.43,HIGH
POL006969,0,0,1.0,0.543343,4834.46,4834.46,2626.77,8.4837,3414.8,MODERATE
POL006970,0,0,0.5,0.306065,4738.28,4738.28,1450.22,8.4636,1885.29,LOW
POL006971,0,0,0.4968,0.368718,31694.79,31694.79,11686.46,10.3639,15192.39,HIGH
POL006972,0,0,1.0,0.73443,4993.75,4993.75,3667.56,8.5161,4767.83,MODERATE
POL006973,0,0,0.5,0.685687,5374.78,5374.78,3685.42,8.5897,4791.04,MODERATE
POL006974,0,0,1.0,0.866181,12351.89,12351.89,10698.98,9.4216,13908.67,HIGH
POL006975,0,0,0.9364,0.682596,17263.16,17263.16,11783.75,9.7564,15318.88,HIGH
POL006976,0,0,0.302,0.277361,8029.48,8029.48,2227.06,8.991,2895.18,MODERATE
POL006977,0,0,0.5,0.605533,36725.23,36725.23,22238.35,10.5112,28909.85,VERY_HIGH
POL006978,0,0,0.5,0.866194,17936.58,17936.58,15536.55,9.7947,20197.52,VERY_HIGH
POL006979,0,0,0.5,0.531797,3563.25,3563.25,1894.93,8.1787,2463.4,MODERATE
POL006980,0,0,0.2332,0.265646,8825.13,8825.13,2344.36,9.0855,3047.66,MODERATE
POL006981,1,16424,0.25,0.41911,4537.27,4537.27,1901.61,8.4203,2472.1,MODERATE
POL006982,0,0,0.9274,0.381349,3802.08,3802.08,1449.92,8.2436,1884.89,LOW
POL006983,0,0,1.0,0.362788,8826.31,8826.31,3202.08,9.0856,4162.71,MODERATE
POL006984,0,0,0.4002,0.444214,23996.43,23996.43,10659.55,10.0857,13857.42,HIGH
POL006985,0,0,0.8689,0.683476,6998.34,6998.34,4783.2,8.8536,6218.16,MODERATE
POL006986,0,0,0.25,0.64548,14720.58,14720.58,9501.84,9.5971,12352.39,HIGH
POL006987,0,0,0.7188,0.38037,4153.77,4153.77,1579.97,8.332,2053.96,LOW
POL006988,0,0,0.25,0.249803,9342.95,9342.95,2333.9,9.1425,3034.07,MODERATE
POL006989,0,0,0.3288,0.848625,14232.38,14232.38,12077.96,9.5633,15701.34,VERY_HIGH
POL006990,0,0,1.0,0.728767,17625.36,17625.36,12844.78,9.7772,16698.21,VERY_HIGH
POL006991,0,0,0.1545,0.164194,22641.42,22641.42,3717.58,10.0276,4832.86,MODERATE
POL006992,1,2979,1.0,0.553282,5276.04,5276.04,2919.14,8.5711,3794.88,MODERATE
POL006993,0,0,1.0,0.532152,9569.49,9569.49,5092.42,9.1664,6620.15,MODERATE
POL006994,0,0,0.25,0.368827,20449.99,20449.99,7542.51,9.9258,9805.26,HIGH
POL006995,0,0,0.6878,0.388096,5979.21,5979.21,2320.51,8.6962,3016.66,MODERATE
POL006996,0,0,0.25,0.161037,3442.73,3442.73,554.41,8.1443,720.73,LOW
POL006997,0,0,0.25,0.321887,6267.74,6267.74,2017.5,8.7433,2622.75,MODERATE
POL006998,0,0,0.25,0.160365,27543.32,27543.32,4416.99,10.2236,5742.08,MODERATE
POL006999,0,0,0.5,0.295303,4521.36,4521.36,1335.17,8.4168,1735.72,LOW
POL007000,0,0,0.25,0.386646,4481.1,4481.1,1732.6,8.4078,2252.38,LOW
POL007001,1,21618,0.4083,0.717796,14449.72,14449.72,10371.95,9.5785,13483.54,HIGH
POL007002,0,0,0.5645,0.207514,6351.32,6351.32,1317.99,8.7566,1713.38,LOW
POL007003,0,0,0.2914,0.929747,17322.8,17322.8,16105.83,9.7598,20937.58,VERY_HIGH
POL007004,0,0,0.996,0.728591,5646.16,5646.16,4113.74,8.6389,5347.86,MODERATE
POL007005,0,0,0.25,0.739543,4318.41,4318.41,3193.65,8.3709,4151.74,MODERATE
POL007006,0,0,0.7445,0.630409,5392.54,5392.54,3399.51,8.593,4419.36,MODERATE
POL007007,0,0,0.7873,0.540036,11783.89,11783.89,6363.72,9.3746,8272.84,HIGH
POL007008,0,0,0.2262,0.240383,11401.98,11401.98,2740.84,9.3416,3563.09,MODERATE
POL007009,0,0,0.5724,0.756475,32741.08,32741.08,24767.81,10.3964,32198.15,VERY_HIGH
POL007010,0,0,0.6695,0.36624,32820.16,32820.16,12020.04,10.3988,15626.06,VERY_HIGH
POL007011,0,0,0.2836,0.64538,8378.92,8378.92,5407.59,9.0336,7029.87,MODERATE
POL007012,0,0,0.5,0.376007,6489.72,6489.72,2440.18,8.7781,3172.24,MODERATE
POL007013,0,0,0.4102,0.462009,9064.75,9064.75,4187.99,9.1123,5444.39,MODERATE
POL007014,0,0,0.9255,0.48844,11405.53,11405.53,5570.92,9.3419,7242.2,HIGH
POL007015,0,0,0.5896,0.26159,15137.35,15137.35,3959.78,9.625,5147.72,MODERATE
POL007016,0,0,1.0,0.572069,7705.2,7705.2,4407.91,8.9498,5730.28,MODERATE
POL007017,0,0,0.5866,0.183968,19125.94,19125.94,3518.57,9.8589,4574.13,MODERATE
POL007018,0,0,0.7734,0.442524,9528.0,9528.0,4216.37,9.1621,5481.29,MODERATE
POL007019,0,0,0.5,0.239633,4607.2,4607.2,1104.04,8.4356,1435.25,LOW
POL007020,0,0,0.4096,0.446072,16233.04,16233.04,7241.11,9.6949,9413.44,HIGH
POL007021,0,0,1.0,0.281918,17645.95,17645.95,4974.7,9.7783,6467.12,MODERATE
POL007022,0,0,1.0,0.296432,7123.11,7123.11,2111.52,8.8712,2744.97,MODERATE
POL007023,0,0,0.25,0.529186,6300.9,6300.9,3334.35,8.7486,4334.65,MODERATE
POL007024,0,0,1.0,0.355948,5044.61,5044.61,1795.62,8.5263,2334.3,LOW
POL007025,0,0,0.25,0.155997,4565.59,4565.59,712.22,8.4265,925.88,LOW
POL007026,0,0,0.7552,0.711655,10318.29,10318.29,7343.07,9.2418,9545.98,HIGH
POL007027,0,0,0.25,0.82223,10172.34,10172.34,8364.01,9.2275,10873.21,HIGH
POL007028,0,0,1.0,0.35629,6672.37,6672.37,2377.3,8.8059,3090.49,MODERATE
POL007029,1,8486,0.5086,0.526308,2897.79,2897.79,1525.13,7.972,1982.67,LOW
POL007030,0,0,1.0,0.151022,5305.5,5305.5,801.25,8.5767,1041.62,LOW
POL007031,0,0,0.5,0.175767,13383.17,13383.17,2352.32,9.5018,3058.02,MODERATE
POL007032,0,0,1.0,0.187701,6622.65,6622.65,1243.08,8.7984,1616.0,LOW
POL007033,0,0,0.653,0.326415,9174.71,9174.71,2994.77,9.1243,3893.2,MODERATE
POL007034,0,0,0.5374,0.208871,66048.1,66048.1,13795.53,11.0982,17934.19,VERY_HIGH
POL007035,0,0,1.0,0.21887,4192.29,4192.29,917.57,8.3412,1192.84,LOW
POL007036,1,7918,1.0,0.836891,10340.2,10340.2,8653.61,9.2439,11249.7,HIGH
POL007037,0,0,0.25,0.675603,11779.71,11779.71,7958.41,9.3742,10345.93,HIGH
POL007038,0,0,0.25,0.619501,2679.87,2679.87,1660.18,7.8939,2158.24,LOW
POL007039,0,0,0.8977,0.754802,4112.28,4112.28,3103.96,8.322,4035.14,MODERATE
POL007040,0,0,0.7386,0.243782,9740.96,9740.96,2374.67,9.1842,3087.07,MODERATE
POL007041,0,0,0.25,0.280679,6680.24,6680.24,1875.01,8.8071,2437.51,MODERATE
POL007042,0,0,0.7704,0.483533,5124.14,5124.14,2477.69,8.5419,3221.0,MODERATE
POL007043,0,0,0.6799,0.443269,13077.29,13077.29,5796.76,9.4787,7535.79,HIGH
POL007044,0,0,0.2898,0.444504,15610.4,15610.4,6938.88,9.6558,9020.55,HIGH
POL007045,0,0,0.25,0.255325,33390.08,33390.08,8525.32,10.416,11082.92,HIGH
POL007046,0,0,0.3121,0.310505,17053.6,17053.6,5295.23,9.7442,6883.79,MODERATE
POL007047,0,0,0.5,0.217861,4728.6,4728.6,1030.18,8.4616,1339.23,LOW
POL007048,0,0,0.96,0.45903,3483.47,3483.47,1599.02,8.1561,2078.72,LOW
POL007049,0,0,0.6142,0.36948,10634.5,10634.5,3929.23,9.272,5108.0,MODERATE
POL007050,0,0,0.25,0.437736,8568.12,8568.12,3750.58,9.0559,4875.75,MODERATE
POL007051,0,0,0.5,0.470146,14678.44,14678.44,6901.01,9.5942,8971.31,HIGH
POL007052,0,0,1.0,0.461381,8695.38,8695.38,4011.88,9.0707,5215.45,MODERATE
POL007053,0,0,0.9095,0.16114,6786.77,6786.77,1093.62,8.8229,1421.7,LOW
POL007054,0,0,0.5,0.253531,5758.09,5758.09,1459.85,8.6585,1897.81,LOW
POL007055,0,0,0.2475,0.701278,19658.38,19658.38,13785.99,9.8863,17921.79,VERY_HIGH
POL007056,0,0,1.0,0.250836,3822.59,3822.59,958.84,8.2489,1246.5,LOW
POL007057,1,6095,1.0,0.409938,4569.13,4569.13,1873.06,8.4273,2434.98,MODERATE
POL007058,0,0,0.9485,0.586656,11693.46,11693.46,6860.04,9.3669,8918.05,HIGH
POL007059,0,0,0.5,0.479574,18705.59,18705.59,8970.72,9.8366,11661.94,HIGH
POL007060,0,0,1.0,0.367365,7896.21,7896.21,2900.79,8.9743,3771.03,MODERATE
POL007061,0,0,1.0,0.318422,14533.46,14533.46,4627.77,9.5843,6016.11,MODERATE
POL007062,0,0,0.1975,0.157031,14062.93,14062.93,2208.32,9.5514,2870.82,MODERATE
POL007063,0,0,1.0,0.878899,4725.37,4725.37,4153.13,8.4609,5399.06,MODERATE
POL007064,0,0,0.8087,0.544786,6103.75,6103.75,3325.24,8.7168,4322.81,MODERATE
POL007065,0,0,0.7018,0.222226,5483.83,5483.83,1218.65,8.6097,1584.25,LOW
POL007066,1,3193,0.635,0.720746,4959.21,4959.21,3574.33,8.5092,4646.63,MODERATE
POL007067,0,0,0.25,0.464898,7655.77,7655.77,3559.15,8.9433,4626.89,MODERATE
POL007068,0,0,0.5,0.418493,21924.19,21924.19,9175.12,9.9954,11927.66,HIGH
POL007069,0,0,0.2739,0.33391,23683.57,23683.57,7908.19,10.0726,10280.65,HIGH
POL007070,0,0,1.0,0.393789,10868.47,10868.47,4279.89,9.2937,5563.85,MODERATE
POL007071,0,0,0.25,0.38644,11468.45,11468.45,4431.86,9.3474,5761.42,MODERATE
POL007072,0,0,1.0,0.336507,5516.85,5516.85,1856.46,8.6157,2413.39,MODERATE
POL007073,0,0,0.5,0.148077,6503.43,6503.43,963.01,8.7802,1251.91,LOW
POL007074,0,0,0.8513,0.37739,10063.5,10063.5,3797.87,9.2168,4937.23,MODERATE
POL007075,0,0,0.6061,0.204888,3916.73,3916.73,802.49,8.2733,1043.24,LOW
POL007076,0,0,0.25,0.525133,5786.88,5786.88,3038.88,8.6635,3950.54,MODERATE
POL007077,0,0,0.25,0.324116,11437.3,11437.3,3707.02,9.3447,4819.12,MODERATE
POL007078,0,0,1.0,0.333016,3264.95,3264.95,1087.28,8.0913,1413.46,LOW
POL007079,0,0,1.0,0.563638,15843.9,15843.9,8930.22,9.6706,11609.29,HIGH
POL007080,1,2291,1.0,0.81741,9384.55,9384.55,7671.02,9.1469,9972.33,HIGH
POL007081,0,0,0.5,0.554319,25690.93,25690.93,14240.98,10.1539,18513.28,VERY_HIGH
POL007082,0,0,0.3669,0.413133,13496.66,13496.66,5575.91,9.5103,7248.68,HIGH
POL007083,0,0,1.0,0.36302,3306.58,3306.58,1200.36,8.104,1560.46,LOW
POL007084,0,0,1.0,0.451846,11236.65,11236.65,5077.24,9.327,6600.41,MODERATE
POL007085,0,0,1.0,0.135902,5384.69,5384.69,731.79,8.5915,951.33,LOW
POL007086,0,0,1.0,0.681339,8395.39,8395.39,5720.11,9.0356,7436.14,HIGH
POL007087,0,0,0.7062,0.217797,32462.06,32462.06,7070.14,10.3879,9191.18,HIGH
POL007088,0,0,1.0,0.186889,6577.32,6577.32,1229.23,8.7915,1598.0,LOW
POL007089,0,0,1.0,0.221391,4977.68,4977.68,1102.01,8.5129,1432.62,LOW
POL007090,0,0,0.6284,0.788301,13150.34,13150.34,10366.44,9.4843,13476.37,HIGH
POL007091,1,8070,0.195,0.331696,12335.74,12335.74,4091.72,9.4203,5319.23,MODERATE
POL007092,0,0,0.1545,0.096129,11214.63,11214.63,1078.05,9.3251,1401.46,LOW
POL007093,0,0,0.7993,0.716594,15826.96,15826.96,11341.51,9.6695,14743.96,HIGH
POL007094,0,0,0.1785,0.362103,13364.07,13364.07,4839.16,9.5004,6290.91,MODERATE
POL007095,0,0,1.0,0.702843,4699.54,4699.54,3303.04,8.4554,4293.95,MODERATE
POL007096,1,4293,0.5,0.856901,8921.77,8921.77,7645.07,9.0964,9938.59,HIGH
POL007097,0,0,1.0,0.248403,10305.92,10305.92,2560.02,9.2406,3328.02,MODERATE
POL007098,0,0,0.4516,0.217789,6194.82,6194.82,1349.17,8.7316,1753.92,LOW
POL007099,0,0,0.5931,0.31349,40408.7,40408.7,12667.71,10.6068,16468.03,VERY_HIGH
POL007100,0,0,0.5281,0.624727,9068.92,9068.92,5665.6,9.1127,7365.28,HIGH
POL007101,0,0,0.5,0.309025,5704.26,5704.26,1762.76,8.6491,2291.59,LOW
POL007102,0,0,0.63,0.23134,4422.96,4422.96,1023.21,8.3948,1330.17,LOW
POL007103,0,0,1.0,0.340457,6246.74,6246.74,2126.75,8.74,2764.77,MODERATE
POL007104,0,0,1.0,0.412404,70284.96,70284.96,28985.79,11.1603,37681.52,VERY_HIGH
POL007105,0,0,0.5,0.359511,8592.69,8592.69,3089.17,9.0588,4015.92,MODERATE
POL007106,0,0,1.0,0.311359,10019.36,10019.36,3119.62,9.2124,4055.5,MODERATE
POL007107,0,0,0.5,0.258811,4187.34,4187.34,1083.73,8.3401,1408.85,LOW
POL007108,0,0,0.4937,0.687361,30567.34,30567.34,21010.8,10.3277,27314.04,VERY_HIGH
POL007109,0,0,0.25,0.346447,19282.06,19282.06,6680.21,9.867,8684.27,HIGH
POL007110,0,0,0.6934,0.466187,5398.83,5398.83,2516.87,8.5941,3271.93,MODERATE
POL007111,0,0,0.6669,0.439214,11115.28,11115.28,4881.99,9.3162,6346.59,MODERATE
POL007112,0,0,0.9016,0.241556,21734.38,21734.38,5250.06,9.9867,6825.08,MODERATE
POL007113,0,0,1.0,0.378544,11063.21,11063.21,4187.91,9.3115,5444.29,MODERATE
POL007114,0,0,0.5946,0.826256,28707.79,28707.79,23719.98,10.265,30835.97,VERY_HIGH
POL007115,0,0,0.3037,0.340465,29342.81,29342.81,9990.19,10.2868,12987.25,HIGH
POL007116,0,0,0.5887,0.24428,16721.91,16721.91,4084.83,9.7245,5310.28,MODERATE
POL007117,0,0,0.4176,0.596742,9756.26,9756.26,5821.97,9.1858,7568.56,HIGH
POL007118,0,0,0.5192,0.375868,9775.57,9775.57,3674.33,9.1877,4776.63,MODERATE
POL007119,0,0,0.5,0.302592,20041.69,20041.69,6064.46,9.9056,7883.79,HIGH
POL007120,0,0,0.1221,0.291095,7393.92,7393.92,2152.34,8.9085,2798.04,MODERATE
POL007121,0,0,0.25,0.747102,14130.75,14130.75,10557.11,9.5562,13724.24,HIGH
POL007122,1,2988,0.5224,0.477879,4359.29,4359.29,2083.22,8.3803,2708.18,MODERATE
POL007123,0,0,1.0,0.179629,3774.33,3774.33,677.98,8.2362,881.37,LOW
POL007124,0,0,0.307,0.269649,67463.44,67463.44,18191.43,11.1194,23648.86,VERY_HIGH
POL007125,0,0,0.4348,0.206375,2534.11,2534.11,522.98,7.838,679.87,LOW
POL007126,0,0,0.5091,0.368982,3972.9,3972.9,1465.93,8.2875,1905.71,LOW
POL007127,0,0,0.5,0.220729,12809.47,12809.47,2827.43,9.458,3675.65,MODERATE
POL007128,0,0,0.877,0.507361,6354.48,6354.48,3224.01,8.7571,4191.22,MODERATE
POL007129,0,0,0.9997,0.275644,29522.62,29522.62,8137.73,10.2929,10579.05,HIGH
POL007130,0,0,0.2927,0.402269,56622.05,56622.05,22777.28,10.9442,29610.47,VERY_HIGH
POL007131,1,8058,0.4735,0.721523,15881.57,15881.57,11458.92,9.673,14896.59,HIGH
POL007132,0,0,0.2284,0.309356,8115.74,8115.74,2510.65,9.0017,3263.84,MODERATE
POL007133,0,0,0.25,0.409148,37546.44,37546.44,15362.07,10.5334,19970.69,VERY_HIGH
POL007134,0,0,1.0,0.36647,2500.69,2500.69,916.43,7.8247,1191.36,LOW
POL007135,0,0,0.8001,0.63857,7196.65,7196.65,4595.56,8.8815,5974.23,MODERATE
POL007136,0,0,0.3389,0.755487,10317.42,10317.42,7794.68,9.2417,10133.08,HIGH
POL007137,0,0,0.217,0.251934,24366.47,24366.47,6138.75,10.101,7980.37,HIGH
POL007138,0,0,0.2022,0.341276,28111.3,28111.3,9593.71,10.244,12471.83,HIGH
POL007139,0,0,0.5029,0.411423,41833.98,41833.98,17211.45,10.6415,22374.89,VERY_HIGH
POL007140,0,0,1.0,0.480377,7069.4,7069.4,3395.98,8.8637,4414.77,MODERATE
POL007141,0,0,0.8069,0.686104,7437.66,7437.66,5103.01,8.9144,6633.91,MODERATE
POL007142,0,0,0.5,0.468021,4145.04,4145.04,1939.96,8.3299,2521.95,MODERATE
POL007143,0,0,0.5,0.435433,9669.5,9669.5,4210.42,9.1768,5473.55,MODERATE
POL007144,0,0,1.0,0.476135,6773.43,6773.43,3225.07,8.8209,4192.59,MODERATE
POL007145,0,0,1.0,0.244681,9922.94,9922.94,2427.95,9.2027,3156.34,MODERATE
POL007146,0,0,1.0,0.552192,10377.16,10377.16,5730.18,9.2475,7449.24,HIGH
POL007147,0,0,0.5352,0.333891,12604.17,12604.17,4208.42,9.4419,5470.95,MODERATE
POL007148,0,0,0.4494,0.493209,19732.98,19732.98,9732.48,9.8901,12652.22,HIGH
POL007149,0,0,0.34,0.602049,8733.03,8733.03,5257.72,9.075,6835.03,MODERATE
POL007150,0,0,0.25,0.36175,5785.84,5785.84,2093.03,8.6633,2720.94,MODERATE
POL007151,0,0,0.25,0.233434,7909.41,7909.41,1846.33,8.9759,2400.23,MODERATE
POL007152,0,0,1.0,0.4222,3794.07,3794.07,1601.85,8.2415,2082.41,LOW
POL007153,1,4626,1.0,0.732147,5952.24,5952.24,4357.91,8.6917,5665.29,MODERATE
POL007154,0,0,0.9501,0.68531,13358.82,13358.82,9154.93,9.5,11901.41,HIGH
POL007155,0,0,0.8097,0.512532,6659.75,6659.75,3413.33,8.804,4437.33,MODERATE
POL007156,0,0,0.2392,0.204132,8240.46,8240.46,1682.14,9.0169,2186.79,LOW
POL007157,1,5691,0.25,0.548492,11992.37,11992.37,6577.72,9.3921,8551.04,HIGH
POL007158,0,0,0.2663,0.405344,30730.65,30730.65,12456.5,10.333,16193.45,VERY_HIGH
POL007159,0,0,0.9221,0.356276,17865.02,17865.02,6364.88,9.7907,8274.34,HIGH
POL007160,0,0,1.0,0.312802,5444.08,5444.08,1702.92,8.6025,2213.8,LOW
POL007161,0,0,0.5712,0.241975,12487.53,12487.53,3021.67,9.4326,3928.17,MODERATE
POL007162,0,0,0.2153,0.275608,5049.83,5049.83,1391.77,8.5273,1809.3,LOW
POL007163,0,0,0.5772,0.572093,5608.92,5608.92,3208.82,8.6323,4171.47,MODERATE
POL007164,0,0,1.0,0.850913,6881.36,6881.36,5855.44,8.8367,7612.07,HIGH
POL007165,0,0,0.5941,0.564817,15616.07,15616.07,8820.22,9.6561,11466.29,HIGH
POL007166,0,0,1.0,0.599632,15595.39,15595.39,9351.5,9.6548,12156.95,HIGH
POL007167,0,0,0.6091,0.60838,17376.36,17376.36,10571.43,9.7629,13742.86,HIGH
POL007168,0,0,1.0,0.677598,13230.32,13230.32,8964.84,9.4903,11654.29,HIGH
POL007169,0,0,0.5,0.358691,13286.5,13286.5,4765.75,9.4946,6195.47,MODERATE
POL007170,0,0,0.4805,0.37401,38276.66,38276.66,14315.87,10.5526,18610.63,VERY_HIGH
POL007171,1,3015,1.0,0.291948,6030.45,6030.45,1760.58,8.7047,2288.75,LOW
POL007172,0,0,1.0,0.542767,16559.41,16559.41,8987.91,9.7148,11684.28,HIGH
POL007173,0,0,1.0,0.345794,3014.04,3014.04,1042.24,8.0114,1354.91,LOW
POL007174,0,0,0.25,0.494646,8738.99,8738.99,4322.71,9.0757,5619.52,MODERATE
POL007175,0,0,0.2298,0.416291,6255.2,6255.2,2603.99,8.7413,3385.18,MODERATE
POL007176,0,0,0.4946,0.287975,17755.21,17755.21,5113.06,9.7845,6646.98,MODERATE
POL007177,0,0,0.5,0.625262,20712.32,20712.32,12950.63,9.9385,16835.82,VERY_HIGH
POL007178,0,0,1.0,0.521424,5747.34,5747.34,2996.8,8.6567,3895.84,MODERATE
POL007179,0,0,1.0,0.230258,6666.95,6666.95,1535.12,8.8051,1995.65,LOW
POL007180,0,0,0.399,0.342954,11170.98,11170.98,3831.13,9.3212,4980.47,MODERATE
POL007181,1,1831917,0.25,0.557285,20731.99,20731.99,11553.62,9.9395,15019.7,HIGH
POL007182,1,7566,1.0,0.601675,3072.62,3072.62,1848.72,8.0306,2403.34,MODERATE
POL007183,0,0,0.25,0.34508,3852.44,3852.44,1329.4,8.2567,1728.22,LOW
POL007184,0,0,0.3968,0.177831,12010.69,12010.69,2135.87,9.3936,2776.64,MODERATE
POL007185,0,0,1.0,0.340576,3665.84,3665.84,1248.5,8.2071,1623.05,LOW
POL007186,0,0,0.25,0.384362,10518.43,10518.43,4042.88,9.261,5255.75,MODERATE
POL007187,0,0,1.0,0.196269,7074.7,7074.7,1388.54,8.8644,1805.1,LOW
POL007188,1,5878,0.5,0.710368,14153.08,14153.08,10053.9,9.5578,13070.07,HIGH
POL007189,0,0,0.5159,0.391158,16462.61,16462.61,6439.48,9.7089,8371.33,HIGH
POL007190,0,0,0.7528,0.289644,14315.08,14315.08,4146.28,9.5691,5390.16,MODERATE
POL007191,0,0,0.778,0.658669,7898.92,7898.92,5202.78,8.9746,6763.61,MODERATE
POL007192,0,0,1.0,0.383755,5467.77,5467.77,2098.28,8.6068,2727.76,MODERATE
POL007193,0,0,0.4326,0.224173,12833.5,12833.5,2876.93,9.4599,3740.01,MODERATE
POL007194,0,0,0.5929,0.298325,5492.81,5492.81,1638.64,8.6114,2130.23,LOW
POL007195,0,0,1.0,0.227855,21238.01,21238.01,4839.19,9.9636,6290.94,MODERATE
POL007196,1,6684,0.25,0.558474,4015.08,4015.08,2242.32,8.2981,2915.01,MODERATE
POL007197,0,0,0.5767,0.341774,19522.49,19522.49,6672.28,9.8794,8673.96,HIGH
POL007198,0,0,0.7893,0.521461,5786.59,5786.59,3017.48,8.6635,3922.73,MODERATE
POL007199,0,0,0.25,0.320722,13687.34,13687.34,4389.83,9.5243,5706.78,MODERATE
POL007200,1,13142,0.3563,0.585923,34223.86,34223.86,20052.54,10.4407,26068.3,VERY_HIGH
POL007201,0,0,0.4779,0.468111,11269.73,11269.73,5275.48,9.33,6858.13,MODERATE
POL007202,0,0,0.7043,0.370117,4791.82,4791.82,1773.53,8.4749,2305.59,LOW
POL007203,0,0,0.3024,0.554671,15479.19,15479.19,8585.86,9.6473,11161.62,HIGH
POL007204,0,0,0.25,0.391585,15856.11,15856.11,6209.02,9.6714,8071.73,HIGH
POL007205,0,0,0.5,0.284423,5628.29,5628.29,1600.82,8.6357,2081.06,LOW
POL007206,0,0,0.25,0.382456,13494.99,13494.99,5161.24,9.5101,6709.62,MODERATE
POL007207,0,0,0.6198,0.172289,10326.94,10326.94,1779.22,9.2426,2312.99,LOW
POL007208,0,0,0.5,0.301984,3230.27,3230.27,975.49,8.0806,1268.14,LOW
POL007209,0,0,0.6001,0.355345,5658.74,5658.74,2010.8,8.6411,2614.04,MODERATE
POL007210,0,0,0.2145,0.654872,10934.81,10934.81,7160.9,9.2998,9309.17,HIGH
POL007211,0,0,1.0,0.219779,5091.74,5091.74,1119.06,8.5356,1454.77,LOW
POL007212,0,0,1.0,0.351583,4710.14,4710.14,1656.01,8.4577,2152.81,LOW
POL007213,0,0,0.8338,0.409009,13431.94,13431.94,5493.79,9.5055,7141.92,MODERATE
POL007214,0,0,0.1715,0.633865,19038.64,19038.64,12067.93,9.8543,15688.31,VERY_HIGH
POL007215,0,0,0.25,0.302082,8340.93,8340.93,2519.65,9.029,3275.54,MODERATE
POL007216,0,0,0.2759,0.294136,16062.36,16062.36,4724.51,9.6843,6141.87,MODERATE
POL007217,0,0,0.3907,0.285849,20390.72,20390.72,5828.67,9.9229,7577.27,HIGH
POL007218,0,0,1.0,0.814209,8580.79,8580.79,6986.56,9.0574,9082.52,HIGH
POL007219,0,0,0.5,0.331114,8546.13,8546.13,2829.74,9.0534,3678.66,MODERATE
POL007220,0,0,0.491,0.371337,10122.56,10122.56,3758.88,9.2226,4886.54,MODERATE
POL007221,0,0,1.0,0.217719,8188.77,8188.77,1782.85,9.0106,2317.71,LOW
POL007222,0,0,0.5,0.282303,5847.27,5847.27,1650.7,8.6739,2145.91,LOW
POL007223,1,8484,1.0,0.835987,14872.13,14872.13,12432.91,9.6073,16162.78,VERY_HIGH
POL007224,0,0,0.5,0.542229,4821.14,4821.14,2614.16,8.481,3398.41,MODERATE
POL007225,0,0,1.0,0.689816,9145.6,9145.6,6308.78,9.1211,8201.42,HIGH
POL007226,0,0,0.9748,0.136461,7236.05,7236.05,987.44,8.887,1283.67,LOW
POL007227,0,0,0.25,0.305721,7687.36,7687.36,2350.19,8.9475,3055.25,MODERATE
POL007228,0,0,1.0,0.344832,6987.72,6987.72,2409.59,8.8521,3132.47,MODERATE
POL007229,0,0,0.6035,0.218809,114207.19,114207.19,24989.57,11.6458,32486.44,VERY_HIGH
POL007230,0,0,0.8115,0.265906,9211.76,9211.76,2449.46,9.1283,3184.3,MODERATE
POL007231,0,0,1.0,0.347816,10808.52,10808.52,3759.38,9.2882,4887.2,MODERATE
POL007232,1,12584,0.25,0.805822,4942.99,4942.99,3983.17,8.5059,5178.12,MODERATE
POL007233,0,0,0.5,0.243767,6959.1,6959.1,1696.4,8.8479,2205.32,LOW
POL007234,0,0,0.7275,0.343945,4629.62,4629.62,1592.33,8.4404,2070.03,LOW
POL007235,1,10624,0.5,0.60815,5732.5,5732.5,3486.22,8.6541,4532.08,MODERATE
POL007236,0,0,1.0,0.302702,5033.89,5033.89,1523.77,8.5241,1980.9,LOW
POL007237,0,0,1.0,0.321416,16247.38,16247.38,5222.18,9.6957,6788.83,MODERATE
POL007238,0,0,1.0,0.388631,9073.3,9073.3,3526.17,9.1132,4584.02,MODERATE
POL007239,0,0,1.0,0.586665,8149.38,8149.38,4780.96,9.0058,6215.25,MODERATE
POL007240,0,0,0.8127,0.680597,4126.8,4126.8,2808.69,8.3255,3651.3,MODERATE
POL007241,0,0,0.25,0.408261,6566.41,6566.41,2680.81,8.7899,3485.05,MODERATE
POL007242,0,0,0.5,0.174856,14535.55,14535.55,2541.63,9.5844,3304.11,MODERATE
POL007243,1,8742,1.0,0.759476,4552.39,4552.39,3457.43,8.4236,4494.66,MODERATE
POL007244,0,0,0.8226,0.531025,10804.91,10804.91,5737.68,9.2878,7458.98,HIGH
POL007245,0,0,1.0,0.230728,4800.87,4800.87,1107.69,8.4768,1440.0,LOW
POL007246,0,0,1.0,0.314574,11752.45,11752.45,3697.02,9.3719,4806.13,MODERATE
POL007247,0,0,0.5754,0.522456,8099.87,8099.87,4231.82,8.9997,5501.37,MODERATE
POL007248,0,0,0.9993,0.384731,6867.62,6867.62,2642.19,8.8347,3434.84,MODERATE
POL007249,0,0,0.245,0.355902,12261.6,12261.6,4363.92,9.4143,5673.1,MODERATE
POL007250,1,544221,0.3059,0.812026,25546.86,25546.86,20744.72,10.1483,26968.13,VERY_HIGH
POL007251,0,0,1.0,0.347711,16247.7,16247.7,5649.5,9.6958,7344.35,HIGH
POL007252,0,0,0.2208,0.441491,16054.04,16054.04,7087.72,9.6838,9214.03,HIGH
POL007253,0,0,1.0,0.21665,4947.84,4947.84,1071.95,8.5069,1393.54,LOW
POL007254,0,0,0.5,0.087909,7968.97,7968.97,700.55,8.9834,910.71,LOW
POL007255,0,0,0.5,0.348463,6253.8,6253.8,2179.22,8.7411,2832.98,MODERATE
POL007256,0,0,0.4958,0.234685,30150.42,30150.42,7075.86,10.314,9198.61,HIGH
POL007257,0,0,1.0,0.637708,4627.15,4627.15,2950.77,8.4399,3836.0,MODERATE
POL007258,1,3517,1.0,0.863811,7004.34,7004.34,6050.43,8.8544,7865.56,HIGH
POL007259,0,0,0.25,0.442522,14812.25,14812.25,6554.75,9.6033,8521.17,HIGH
POL007260,0,0,1.0,0.194378,5704.14,5704.14,1108.76,8.6491,1441.39,LOW
POL007261,0,0,1.0,0.529611,7111.27,7111.27,3766.21,8.8696,4896.07,MODERATE
POL007262,0,0,1.0,0.134938,6010.37,6010.37,811.03,8.7014,1054.33,LOW
POL007263,0,0,0.6012,0.440552,40352.12,40352.12,17777.2,10.6054,23110.36,VERY_HIGH
POL007264,0,0,1.0,0.451493,8334.33,8334.33,3762.89,9.0283,4891.76,MODERATE
POL007265,0,0,1.0,0.776077,4968.14,4968.14,3855.66,8.511,5012.36,MODERATE
POL007266,0,0,1.0,0.244763,4550.73,4550.73,1113.85,8.4233,1448.01,LOW
POL007267,0,0,1.0,0.43176,4854.95,4854.95,2096.17,8.488,2725.02,MODERATE
POL007268,0,0,0.5996,0.381647,10592.38,10592.38,4042.55,9.268,5255.31,MODERATE
POL007269,0,0,0.5,0.352932,4085.24,4085.24,1441.81,8.3154,1874.36,LOW
POL007270,0,0,0.5,0.250738,3149.62,3149.62,789.73,8.0554,1026.65,LOW
POL007271,0,0,0.6065,0.33078,5016.99,5016.99,1659.52,8.5208,2157.38,LOW
POL007272,0,0,0.3397,0.473384,13558.6,13558.6,6418.43,9.5149,8343.96,HIGH
POL007273,0,0,0.437,0.399606,21550.78,21550.78,8611.82,9.9782,11195.36,HIGH
POL007274,0,0,1.0,0.254375,3752.48,3752.48,954.54,8.2304,1240.9,LOW
POL007275,0,0,1.0,0.273587,3293.25,3293.25,900.99,8.0999,1171.29,LOW
POL007276,1,12255,1.0,0.36511,20479.86,20479.86,7477.39,9.9272,9720.61,HIGH
POL007277,0,0,0.5,0.284285,5945.1,5945.1,1690.1,8.6905,2197.13,LOW
POL007278,0,0,0.9958,0.396995,6516.01,6516.01,2586.82,8.7822,3362.87,MODERATE
POL007279,0,0,0.5,0.550913,11331.53,11331.53,6242.69,9.3354,8115.49,HIGH
POL007280,0,0,1.0,0.559218,8133.07,8133.07,4548.16,9.0038,5912.61,MODERATE
POL007281,0,0,0.2307,0.244454,40137.97,40137.97,9811.89,10.6001,12755.46,HIGH
POL007282,0,0,1.0,0.178235,3278.24,3278.24,584.3,8.0954,759.59,LOW
POL007283,0,0,0.2729,0.652705,21205.83,21205.83,13841.15,9.9621,17993.5,VERY_HIGH
POL007284,0,0,0.5,0.31627,6029.64,6029.64,1907.0,8.7046,2479.1,MODERATE
POL007285,1,5647,1.0,0.490349,5882.52,5882.52,2884.49,8.6799,3749.83,MODERATE
POL007286,0,0,0.25,0.499047,16238.87,16238.87,8103.96,9.6952,10535.15,HIGH
POL007287,0,0,0.8474,0.192226,6973.2,6973.2,1340.43,8.85,1742.56,LOW
POL007288,0,0,0.4089,0.157377,30808.59,30808.59,4848.57,10.3356,6303.15,MODERATE
POL007289,0,0,1.0,0.383734,13182.6,13182.6,5058.61,9.4867,6576.19,MODERATE
POL007290,0,0,0.8026,0.507242,8598.03,8598.03,4361.28,9.0594,5669.67,MODERATE
POL007291,0,0,0.25,0.290931,32795.18,32795.18,9541.13,10.3981,12403.48,HIGH
POL007292,0,0,0.5,0.2422,11385.25,11385.25,2757.51,9.3402,3584.77,MODERATE
POL007293,0,0,0.6155,0.160728,14981.34,14981.34,2407.92,9.6146,3130.29,MODERATE
POL007294,0,0,0.3179,0.866449,17667.95,17667.95,15308.38,9.7796,19900.89,VERY_HIGH
POL007295,0,0,0.7108,0.213299,5238.61,5238.61,1117.39,8.564,1452.61,LOW
POL007296,0,0,0.25,0.119382,17489.77,17489.77,2087.96,9.7694,2714.35,MODERATE
POL007297,0,0,0.5463,0.558101,18882.69,18882.69,10538.45,9.8461,13699.99,HIGH
POL007298,0,0,0.25,0.36899,29491.98,29491.98,10882.26,10.2919,14146.93,HIGH
POL007299,0,0,0.25,0.516346,10503.01,10503.01,5423.19,9.2595,7050.14,MODERATE
POL007300,0,0,1.0,0.149692,5464.44,5464.44,817.98,8.6062,1063.38,LOW
POL007301,0,0,0.5,0.226639,4093.78,4093.78,927.81,8.3175,1206.15,LOW
POL007302,0,0,1.0,0.415204,15564.4,15564.4,6462.41,9.6528,8401.13,HIGH
POL007303,0,0,0.1926,0.319319,7599.15,7599.15,2426.55,8.9359,3154.52,MODERATE
POL007304,1,3780,0.3891,0.662033,10237.62,10237.62,6777.65,9.2339,8810.94,HIGH
POL007305,0,0,0.68,0.403302,8240.57,8240.57,3323.44,9.0169,4320.47,MODERATE
POL007306,0,0,0.7955,0.250046,10536.62,10536.62,2634.64,9.2627,3425.04,MODERATE
POL007307,0,0,0.4351,0.599046,11320.5,11320.5,6781.5,9.3345,8815.95,HIGH
POL007308,0,0,0.3342,0.40061,10500.62,10500.62,4206.65,9.2593,5468.64,MODERATE
POL007309,0,0,0.6185,0.591725,7842.01,7842.01,4640.31,8.9674,6032.41,MODERATE
POL007310,0,0,0.2405,0.262832,9925.52,9925.52,2608.74,9.203,3391.36,MODERATE
POL007311,0,0,0.2382,0.384061,27658.47,27658.47,10622.54,10.2277,13809.3,HIGH
POL007312,0,0,1.0,0.134982,5870.01,5870.01,792.34,8.6778,1030.05,LOW
POL007313,0,0,1.0,0.37937,27547.04,27547.04,10450.53,10.2237,13585.69,HIGH
POL007314,0,0,1.0,0.235971,2819.06,2819.06,665.22,7.9445,864.78,LOW
POL007315,0,0,1.0,0.432688,4335.41,4335.41,1875.88,8.3748,2438.65,MODERATE
POL007316,0,0,1.0,0.336988,6786.6,6786.6,2287.0,8.8229,2973.1,MODERATE
POL007317,0,0,0.25,0.506457,6492.73,6492.73,3288.29,8.7786,4274.78,MODERATE
POL007318,0,0,0.3192,0.118185,12601.33,12601.33,1489.29,9.4416,1936.08,LOW
POL007319,0,0,1.0,0.706849,3897.24,3897.24,2754.76,8.2683,3581.19,MODERATE
POL007320,0,0,0.3159,0.309266,174471.44,174471.44,53958.13,12.0695,70145.57,VERY_HIGH
POL007321,0,0,0.7428,0.159334,10614.81,10614.81,1691.3,9.2701,2198.68,LOW
POL007322,0,0,1.0,0.184196,5090.02,5090.02,937.56,8.5352,1218.83,LOW
POL007323,0,0,0.5,0.553319,23735.09,23735.09,13133.09,10.0748,17073.01,VERY_HIGH
POL007324,0,0,0.3506,0.394425,2799.69,2799.69,1104.27,7.9376,1435.55,LOW
POL007325,0,0,1.0,0.415211,19640.17,19640.17,8154.81,9.8854,10601.25,HIGH
POL007326,0,0,0.6955,0.296786,6094.4,6094.4,1808.73,8.7153,2351.35,MODERATE
POL007327,0,0,0.5558,0.317804,5191.82,5191.82,1649.98,8.555,2144.97,LOW
POL007328,0,0,0.1071,0.355103,29476.43,29476.43,10467.18,10.2914,13607.33,HIGH
POL007329,0,0,1.0,0.368807,3780.4,3780.4,1394.24,8.2378,1812.51,LOW
POL007330,0,0,0.3508,0.580547,15517.64,15517.64,9008.72,9.6498,11711.34,HIGH
POL007331,0,0,0.5112,0.315627,7121.62,7121.62,2247.78,8.871,2922.11,MODERATE
POL007332,0,0,0.5,0.245223,18166.31,18166.31,4454.79,9.8074,5791.23,MODERATE
POL007333,1,1330990,0.5,0.274235,22016.9,22016.9,6037.8,9.9996,7849.13,HIGH
POL007334,0,0,0.465,0.751118,28919.16,28919.16,21721.69,10.2723,28238.2,VERY_HIGH
POL007335,0,0,0.4113,0.083564,3119.28,3119.28,260.66,8.0457,500.0,LOW
POL007336,1,7286,1.0,0.700536,5505.14,5505.14,3856.55,8.6136,5013.52,MODERATE
POL007337,1,10223,0.215,0.37493,12466.06,12466.06,4673.9,9.4308,6076.06,MODERATE
POL007338,0,0,0.5,0.389487,6897.71,6897.71,2686.57,8.8391,3492.54,MODERATE
POL007339,0,0,0.882,0.318434,23734.23,23734.23,7557.8,10.0747,9825.13,HIGH
POL007340,1,6023,0.4488,0.609639,17411.54,17411.54,10614.75,9.7649,13799.17,HIGH
POL007341,1,5269,1.0,0.219627,9575.63,9575.63,2103.07,9.1671,2733.99,MODERATE
POL007342,0,0,1.0,0.437997,7475.75,7475.75,3274.36,8.9196,4256.67,MODERATE
POL007343,1,1511,1.0,0.376072,7593.23,7593.23,2855.6,8.9351,3712.28,MODERATE
POL007344,0,0,0.7725,0.278477,17890.53,17890.53,4982.11,9.7921,6476.74,MODERATE
POL007345,0,0,1.0,0.229331,39142.67,39142.67,8976.62,10.575,11669.61,HIGH
POL007346,0,0,0.1923,0.35735,13805.0,13805.0,4933.22,9.5329,6413.18,MODERATE
POL007347,0,0,0.5,0.50058,3465.13,3465.13,1734.57,8.1508,2254.94,LOW
POL007348,0,0,1.0,0.267861,4899.45,4899.45,1312.37,8.4971,1706.08,LOW
POL007349,0,0,1.0,0.671103,2727.71,2727.71,1830.57,7.9116,2379.74,MODERATE
POL007350,0,0,0.3998,0.331715,15243.78,15243.78,5056.58,9.632,6573.56,MODERATE
POL007351,0,0,0.8684,0.22087,12129.28,12129.28,2678.99,9.4035,3482.69,MODERATE
POL007352,0,0,0.25,0.528393,13775.47,13775.47,7278.86,9.5307,9462.52,HIGH
POL007353,0,0,0.4144,0.186393,25327.31,25327.31,4720.83,10.1397,6137.08,MODERATE
POL007354,0,0,0.4251,0.229743,43928.04,43928.04,10092.15,10.6903,13119.79,HIGH
POL007355,0,0,0.25,0.263214,5163.78,5163.78,1359.18,8.5496,1766.93,LOW
POL007356,0,0,0.2975,0.376607,14202.13,14202.13,5348.62,9.5612,6953.2,MODERATE
POL007357,0,0,0.6704,0.330143,12451.98,12451.98,4110.93,9.4297,5344.21,MODERATE
POL007358,0,0,1.0,0.498675,7136.39,7136.39,3558.74,8.8731,4626.36,MODERATE
POL007359,0,0,1.0,0.578005,4905.54,4905.54,2835.43,8.4983,3686.05,MODERATE
POL007360,0,0,0.6058,0.2648,7535.07,7535.07,1995.29,8.9275,2593.88,MODERATE
POL007361,0,0,1.0,0.472903,4618.82,4618.82,2184.25,8.4381,2839.53,MODERATE
POL007362,0,0,1.0,0.25377,4047.71,4047.71,1027.19,8.3062,1335.34,LOW
POL007363,0,0,0.5,0.748843,7929.08,7929.08,5937.64,8.9784,7718.93,HIGH
POL007364,0,0,1.0,0.365126,7260.22,7260.22,2650.9,8.8903,3446.17,MODERATE
POL007365,0,0,0.5744,0.292319,16771.83,16771.83,4902.72,9.7275,6373.54,MODERATE
POL007366,1,10351,0.1382,0.919572,12894.55,12894.55,11857.47,9.4646,15414.71,HIGH
POL007367,0,0,1.0,0.407004,12562.46,12562.46,5112.98,9.4385,6646.87,MODERATE
POL007368,0,0,1.0,0.640501,9486.11,9486.11,6075.86,9.1577,7898.62,HIGH
POL007369,0,0,0.5031,0.405244,12120.33,12120.33,4911.69,9.4027,6385.2,MODERATE
POL007370,0,0,0.4605,0.449656,15515.28,15515.28,6976.54,9.6496,9069.5,HIGH
POL007371,1,1126,0.8694,0.39228,3991.1,3991.1,1565.63,8.2921,2035.32,LOW
POL007372,1,576500,0.5,0.463016,16745.32,16745.32,7753.35,9.7259,10079.36,HIGH
POL007373,0,0,1.0,0.323264,4906.3,4906.3,1586.03,8.4985,2061.84,LOW
POL007374,1,2626,0.25,0.54701,5816.09,5816.09,3181.46,8.6686,4135.9,MODERATE
POL007375,0,0,0.5,0.26582,7303.46,7303.46,1941.41,8.8962,2523.83,MODERATE
POL007376,0,0,0.5,0.5092,3642.2,3642.2,1854.61,8.2006,2410.99,MODERATE
POL007377,0,0,0.5,0.21805,3840.88,3840.88,837.51,8.2537,1088.76,LOW
POL007378,0,0,0.5,0.548348,5244.62,5244.62,2875.87,8.5651,3738.64,MODERATE
POL007379,0,0,0.4082,0.5602,16454.57,16454.57,9217.85,9.7084,11983.21,HIGH
POL007380,0,0,1.0,0.503272,4947.51,4947.51,2489.94,8.5068,3236.92,MODERATE
POL007381,0,0,0.375,0.569241,11767.7,11767.7,6698.66,9.3732,8708.26,HIGH
POL007382,0,0,0.4752,0.493562,12677.96,12677.96,6257.36,9.4477,8134.57,HIGH
POL007383,0,0,0.25,0.51169,8292.52,8292.52,4243.2,9.0232,5516.16,MODERATE
POL007384,0,0,0.5842,0.358772,6331.9,6331.9,2271.71,8.7535,2953.22,MODERATE
POL007385,0,0,0.6532,0.411428,7009.79,7009.79,2884.03,8.8552,3749.23,MODERATE
POL007386,0,0,1.0,0.357882,20084.74,20084.74,7187.97,9.9078,9344.36,HIGH
POL007387,0,0,0.9481,0.641975,12484.96,12484.96,8015.04,9.4324,10419.55,HIGH
POL007388,0,0,1.0,0.685139,7098.84,7098.84,4863.7,8.8678,6322.81,MODERATE
POL007389,0,0,1.0,0.48764,10977.31,10977.31,5352.97,9.3037,6958.87,MODERATE
POL007390,0,0,0.8438,0.340174,3010.86,3010.86,1024.22,8.0103,1331.48,LOW
POL007391,0,0,1.0,0.481516,6603.82,6603.82,3179.84,8.7956,4133.8,MODERATE
POL007392,0,0,0.7441,0.850155,14533.25,14533.25,12355.52,9.5843,16062.18,VERY_HIGH
POL007393,0,0,0.2106,0.682448,17591.18,17591.18,12005.07,9.7752,15606.59,VERY_HIGH
POL007394,0,0,0.25,0.329935,22422.54,22422.54,7397.98,10.0179,9617.38,HIGH
POL007395,0,0,0.5,0.37158,3754.94,3754.94,1395.26,8.2311,1813.84,LOW
POL007396,1,7059,0.8059,0.884607,6111.81,6111.81,5406.55,8.7181,7028.51,MODERATE
POL007397,0,0,1.0,0.355156,16216.95,16216.95,5759.55,9.6939,7487.41,HIGH
POL007398,0,0,0.7311,0.381678,17743.93,17743.93,6772.46,9.7839,8804.2,HIGH
POL007399,0,0,1.0,0.366085,3962.16,3962.16,1450.48,8.2848,1885.63,LOW
POL007400,0,0,0.5,0.711639,5312.03,5312.03,3780.25,8.5779,4914.33,MODERATE
POL007401,0,0,0.25,0.589141,5725.27,5725.27,3372.99,8.6528,4384.89,MODERATE
POL007402,1,7140,0.5,0.670575,15211.29,15211.29,10200.31,9.6299,13260.4,HIGH
POL007403,0,0,0.806,0.624093,18119.84,18119.84,11308.47,9.8048,14701.01,HIGH
POL007404,0,0,0.4834,0.304588,4276.79,4276.79,1302.66,8.3612,1693.46,LOW
POL007405,0,0,0.897,0.458103,4437.8,4437.8,2032.97,8.3981,2642.86,MODERATE
POL007406,0,0,0.4912,0.288142,25848.29,25848.29,7447.97,10.16,9682.36,HIGH
POL007407,0,0,0.7097,0.463324,12341.84,12341.84,5718.27,9.4208,7433.75,HIGH
POL007408,0,0,0.5,0.328614,4044.54,4044.54,1329.09,8.3054,1727.82,LOW
POL007409,0,0,1.0,0.136579,13110.87,13110.87,1790.67,9.4813,2327.88,LOW
POL007410,0,0,0.9965,0.254238,14980.42,14980.42,3808.59,9.6146,4951.17,MODERATE
POL007411,0,0,1.0,0.648128,10802.09,10802.09,7001.14,9.2876,9101.48,HIGH
POL007412,0,0,0.5,0.189219,5028.58,5028.58,951.5,8.5231,1236.95,LOW
POL007413,1,15188,1.0,0.564287,10105.97,10105.97,5702.67,9.221,7413.47,HIGH
POL007414,0,0,1.0,0.11159,4898.01,4898.01,546.57,8.4968,710.54,LOW
POL007415,0,0,0.5535,0.267945,23567.42,23567.42,6314.77,10.0677,8209.2,HIGH
POL007416,0,0,0.4353,0.878379,5516.9,5516.9,4845.93,8.6158,6299.7,MODERATE
POL007417,0,0,0.4073,0.292025,28487.36,28487.36,8319.03,10.2573,10814.74,HIGH
POL007418,0,0,0.543,0.349127,5263.26,5263.26,1837.55,8.5687,2388.81,MODERATE
POL007419,0,0,0.7549,0.320885,3924.83,3924.83,1259.42,8.2753,1637.24,LOW
POL007420,0,0,0.25,0.682823,7313.87,7313.87,4994.07,8.8977,6492.3,MODERATE
POL007421,0,0,0.25,0.670334,6888.61,6888.61,4617.67,8.8378,6002.98,MODERATE
POL007422,0,0,1.0,0.386564,10571.85,10571.85,4086.69,9.266,5312.7,MODERATE
POL007423,0,0,1.0,0.142866,3530.7,3530.7,504.42,8.1695,655.74,LOW
POL007424,0,0,0.25,0.559839,8147.91,8147.91,4561.51,9.0056,5929.97,MODERATE
POL007425,0,0,1.0,0.501218,6705.81,6705.81,3361.07,8.8109,4369.39,MODERATE
POL007426,0,0,1.0,0.399435,3847.28,3847.28,1536.74,8.2554,1997.76,LOW
POL007427,0,0,0.1535,0.450591,52722.61,52722.61,23756.31,10.8728,30883.21,VERY_HIGH
POL007428,0,0,0.3841,0.387928,12731.55,12731.55,4938.92,9.4519,6420.6,MODERATE
POL007429,0,0,0.1622,0.838263,17413.13,17413.13,14596.78,9.765,18975.82,VERY_HIGH
POL007430,0,0,0.5,0.381367,7814.49,7814.49,2980.19,8.9639,3874.25,MODERATE
POL007431,0,0,0.932,0.87713,3822.89,3822.89,3353.17,8.249,4359.12,MODERATE
POL007432,1,13391,0.1384,0.901721,12342.48,12342.48,11129.47,9.4209,14468.31,HIGH
POL007433,0,0,1.0,0.310854,7776.83,7776.83,2417.46,8.959,3142.7,MODERATE
POL007434,0,0,0.1804,0.512006,10577.92,10577.92,5415.96,9.2666,7040.75,MODERATE
POL007435,0,0,0.5,0.277334,3617.3,3617.3,1003.2,8.1938,1304.16,LOW
POL007436,0,0,0.25,0.368252,6923.28,6923.28,2549.51,8.8428,3314.36,MODERATE
POL007437,0,0,0.5,0.511902,31253.9,31253.9,15998.94,10.3499,20798.62,VERY_HIGH
POL007438,0,0,0.5598,0.206028,14258.13,14258.13,2937.58,9.5652,3818.85,MODERATE
POL007439,1,27509,0.392,0.635728,17455.56,17455.56,11096.98,9.7675,14426.08,HIGH
POL007440,1,4469,0.2219,0.920987,8881.15,8881.15,8179.42,9.0918,10633.25,HIGH
POL007441,0,0,0.4192,0.604679,14310.27,14310.27,8653.13,9.5688,11249.07,HIGH
POL007442,0,0,1.0,0.154909,15772.65,15772.65,2443.33,9.6661,3176.33,MODERATE
POL007443,1,24415,0.8087,0.866158,16282.68,16282.68,14103.37,9.6979,18334.39,VERY_HIGH
POL007444,1,15309,0.5117,0.575881,12883.11,12883.11,7419.13,9.4637,9644.88,HIGH
POL007445,0,0,0.25,0.358358,12266.98,12266.98,4395.97,9.4147,5714.77,MODERATE
POL007446,0,0,0.25,0.510971,10380.83,10380.83,5304.3,9.2478,6895.59,MODERATE
POL007447,0,0,1.0,0.431162,21858.45,21858.45,9424.54,9.9924,12251.9,HIGH
POL007448,0,0,1.0,0.142297,10287.07,10287.07,1463.82,9.2387,1902.97,LOW
POL007449,0,0,0.5,0.433091,5824.56,5824.56,2522.56,8.67,3279.33,MODERATE
POL007450,0,0,1.0,0.51332,5410.77,5410.77,2777.45,8.5963,3610.69,MODERATE
POL007451,1,7292,1.0,0.935983,7533.33,7533.33,7051.07,8.9272,9166.39,HIGH
POL007452,0,0,1.0,0.463275,3281.27,3281.27,1520.13,8.0963,1976.17,LOW
POL007453,0,0,0.2457,0.290684,16694.06,16694.06,4852.69,9.7229,6308.5,MODERATE
POL007454,0,0,0.4605,0.205192,8993.04,8993.04,1845.3,9.1043,2398.89,MODERATE
POL007455,0,0,1.0,0.189558,6489.61,6489.61,1230.16,8.7781,1599.2,LOW
POL007456,0,0,0.5509,0.322768,51982.65,51982.65,16778.36,10.8587,21811.87,VERY_HIGH
POL007457,1,19555,0.5427,0.829658,12105.89,12105.89,10043.74,9.4015,13056.87,HIGH
POL007458,0,0,1.0,0.32412,3161.99,3161.99,1024.86,8.0593,1332.32,LOW
POL007459,0,0,0.5,0.194396,2589.75,2589.75,503.44,7.8597,654.47,LOW
POL007460,0,0,0.5,0.388255,18716.41,18716.41,7266.74,9.8372,9446.76,HIGH
POL007461,0,0,1.0,0.306973,4101.66,4101.66,1259.1,8.3194,1636.83,LOW
POL007462,0,0,1.0,0.368128,5869.19,5869.19,2160.61,8.6776,2808.8,MODERATE
POL007463,0,0,1.0,0.152165,7278.71,7278.71,1107.56,8.8928,1439.83,LOW
POL007464,0,0,0.2955,0.252154,6716.36,6716.36,1693.56,8.8125,2201.63,LOW
POL007465,0,0,0.4601,0.31268,9588.74,9588.74,2998.21,9.1684,3897.67,MODERATE
POL007466,0,0,1.0,0.398702,4635.49,4635.49,1848.18,8.4417,2402.63,MODERATE
POL007467,0,0,0.5731,0.546552,5400.87,5400.87,2951.86,8.5945,3837.41,MODERATE
POL007468,0,0,0.341,0.344989,16301.66,16301.66,5623.9,9.6991,7311.07,HIGH
POL007469,1,10119,0.085,0.735423,16941.19,16941.19,12458.94,9.7376,16196.62,VERY_HIGH
POL007470,0,0,0.5,0.458885,14034.85,14034.85,6440.38,9.5494,8372.49,HIGH
POL007471,0,0,0.2085,0.24664,12800.64,12800.64,3157.15,9.4573,4104.3,MODERATE
POL007472,0,0,0.25,0.568216,18480.98,18480.98,10501.19,9.8246,13651.55,HIGH
POL007473,1,7647,1.0,0.704331,10078.7,10078.7,7098.74,9.2183,9228.36,HIGH
POL007474,0,0,0.8019,0.641798,6371.22,6371.22,4089.04,8.7597,5315.75,MODERATE
POL007475,0,0,1.0,0.367456,4885.14,4885.14,1795.07,8.4942,2333.6,LOW
POL007476,0,0,0.7188,0.473682,10720.93,10720.93,5078.31,9.28,6601.8,MODERATE
POL007477,0,0,0.5,0.338097,9244.46,9244.46,3125.52,9.1319,4063.18,MODERATE
POL007478,0,0,0.5,0.74387,3869.01,3869.01,2878.04,8.261,3741.46,MODERATE
POL007479,0,0,0.255,0.257257,59812.69,59812.69,15387.21,10.999,20003.38,VERY_HIGH
POL007480,0,0,0.4809,0.426841,30624.51,30624.51,13071.8,10.3296,16993.34,VERY_HIGH
POL007481,0,0,1.0,0.224938,7762.98,7762.98,1746.19,8.9573,2270.04,LOW
POL007482,0,0,1.0,0.795647,3831.77,3831.77,3048.74,8.2513,3963.36,MODERATE
POL007483,0,0,1.0,0.623798,3992.49,3992.49,2490.5,8.2924,3237.66,MODERATE
POL007484,0,0,1.0,0.352178,5365.28,5365.28,1889.54,8.5879,2456.4,MODERATE
POL007485,0,0,0.2345,0.737814,17206.21,17206.21,12694.99,9.7531,16503.49,VERY_HIGH
POL007486,0,0,0.2849,0.478202,10419.59,10419.59,4982.66,9.2515,6477.46,MODERATE
POL007487,0,0,1.0,0.645,14506.28,14506.28,9356.56,9.5824,12163.52,HIGH
POL007488,0,0,0.5,0.397611,14389.64,14389.64,5721.49,9.5743,7437.93,HIGH
POL007489,0,0,0.25,0.685701,21394.28,21394.28,14670.08,9.9709,19071.1,VERY_HIGH
POL007490,1,6021,1.0,0.88543,18584.24,18584.24,16455.05,9.8301,21391.57,VERY_HIGH
POL007491,0,0,1.0,0.634585,8185.71,8185.71,5194.53,9.0103,6752.89,MODERATE
POL007492,0,0,0.533,0.299669,11921.16,11921.16,3572.4,9.3862,4644.12,MODERATE
POL007493,1,4989,1.0,0.569386,6326.43,6326.43,3602.18,8.7527,4682.84,MODERATE
POL007494,0,0,0.5,0.386402,6415.02,6415.02,2478.77,8.7666,3222.4,MODERATE
POL007495,0,0,0.5,0.314585,5944.75,5944.75,1870.13,8.6904,2431.16,MODERATE
POL007496,0,0,0.3449,0.26199,10013.2,10013.2,2623.35,9.2118,3410.36,MODERATE
POL007497,0,0,1.0,0.317708,10783.03,10783.03,3425.85,9.2858,4453.61,MODERATE
POL007498,0,0,1.0,0.806939,10415.31,10415.31,8404.52,9.2511,10925.88,HIGH
POL007499,0,0,0.25,0.533635,8187.86,8187.86,4369.33,9.0105,5680.12,MODERATE
POL007500,0,0,0.7173,0.785314,14838.19,14838.19,11652.64,9.605,15148.43,HIGH
POL007501,0,0,0.6981,0.256813,8131.93,8131.93,2088.38,9.0037,2714.9,MODERATE
POL007502,0,0,1.0,0.343051,7754.46,7754.46,2660.18,8.9562,3458.23,MODERATE
POL007503,1,606510,0.2784,0.520482,12096.82,12096.82,6296.18,9.4008,8185.03,HIGH
POL007504,0,0,1.0,0.263034,6763.82,6763.82,1779.11,8.8195,2312.85,LOW
POL007505,1,12778,1.0,0.610145,6435.4,6435.4,3926.53,8.7697,5104.49,MODERATE
POL007506,0,0,0.5,0.227278,6254.71,6254.71,1421.56,8.7412,1848.02,LOW
POL007507,0,0,1.0,0.404178,5868.52,5868.52,2371.93,8.6775,3083.51,MODERATE
POL007508,0,0,0.769,0.521028,4497.87,4497.87,2343.52,8.4116,3046.57,MODERATE
POL007509,0,0,1.0,0.262304,24208.23,24208.23,6349.91,10.0945,8254.89,HIGH
POL007510,0,0,0.5554,0.549766,26662.76,26662.76,14658.29,10.1911,19055.77,VERY_HIGH
POL007511,0,0,1.0,0.273159,9332.8,9332.8,2549.34,9.1414,3314.14,MODERATE
POL007512,0,0,0.5,0.4173,4689.26,4689.26,1956.83,8.4532,2543.87,MODERATE
POL007513,0,0,0.5891,0.126743,4361.37,4361.37,552.77,8.3808,718.61,LOW
POL007514,0,0,0.5,0.380707,10414.38,10414.38,3964.83,9.251,5154.27,MODERATE
POL007515,0,0,1.0,0.279795,4868.72,4868.72,1362.24,8.4908,1770.92,LOW
POL007516,0,0,0.6819,0.760583,6303.95,6303.95,4794.68,8.7491,6233.09,MODERATE
POL007517,0,0,0.5,0.222416,3731.73,3731.73,830.0,8.2249,1079.0,LOW
POL007518,0,0,0.6334,0.25944,9664.56,9664.56,2507.37,9.1763,3259.58,MODERATE
POL007519,0,0,1.0,0.457601,8015.8,8015.8,3668.03,8.9893,4768.44,MODERATE
POL007520,0,0,1.0,0.425364,9444.41,9444.41,4017.31,9.1533,5222.5,MODERATE
POL007521,0,0,0.9624,0.147226,13167.88,13167.88,1938.65,9.4856,2520.25,MODERATE
POL007522,0,0,0.9901,0.429683,8894.25,8894.25,3821.71,9.0933,4968.22,MODERATE
POL007523,0,0,1.0,0.462374,6760.58,6760.58,3125.92,8.819,4063.69,MODERATE
POL007524,1,6235,0.25,0.311828,4653.17,4653.17,1450.99,8.4455,1886.28,LOW
POL007525,0,0,0.5,0.139236,4840.07,4840.07,673.91,8.4849,876.09,LOW
POL007526,0,0,0.4624,0.443022,20782.95,20782.95,9207.29,9.9419,11969.48,HIGH
POL007527,0,0,1.0,0.399278,6389.32,6389.32,2551.11,8.7625,3316.45,MODERATE
POL007528,1,5815,1.0,0.774401,13441.09,13441.09,10408.8,9.5061,13531.44,HIGH
POL007529,0,0,0.4507,0.765904,28059.08,28059.08,21490.58,10.2421,27937.75,VERY_HIGH
POL007530,0,0,1.0,0.315072,7741.06,7741.06,2438.99,8.9544,3170.69,MODERATE
POL007531,0,0,1.0,0.401799,3360.8,3360.8,1350.36,8.1202,1755.47,LOW
POL007532,1,4470,0.5,0.791213,3973.54,3973.54,3143.92,8.2877,4087.09,MODERATE
POL007533,0,0,0.5,0.259557,38132.6,38132.6,9897.57,10.5489,12866.84,HIGH
POL007534,0,0,1.0,0.820554,8403.39,8403.39,6895.43,9.0365,8964.06,HIGH
POL007535,1,7851,0.475,0.824681,30004.22,30004.22,24743.91,10.3091,32167.08,VERY_HIGH
POL007536,0,0,1.0,0.663254,8299.37,8299.37,5504.59,9.0241,7155.96,HIGH
POL007537,0,0,0.5,0.416476,11004.75,11004.75,4583.21,9.3062,5958.18,MODERATE
POL007538,1,5209,1.0,0.663747,4847.15,4847.15,3217.28,8.4864,4182.47,MODERATE
POL007539,0,0,0.25,0.690436,4354.02,4354.02,3006.17,8.3791,3908.02,MODERATE
POL007540,0,0,0.5,0.526987,6558.18,6558.18,3456.08,8.7886,4492.9,MODERATE
POL007541,0,0,0.8122,0.249407,14255.23,14255.23,3555.35,9.5649,4621.95,MODERATE
POL007542,0,0,0.8485,0.363116,26809.41,26809.41,9734.94,10.1965,12655.42,HIGH
POL007543,0,0,0.9847,0.658249,10426.73,10426.73,6863.38,9.2522,8922.39,HIGH
POL007544,0,0,1.0,0.757268,25572.54,25572.54,19365.28,10.1493,25174.86,VERY_HIGH
POL007545,0,0,1.0,0.369081,4299.89,4299.89,1587.01,8.3666,2063.11,LOW
POL007546,0,0,0.5,0.139966,4286.02,4286.02,599.9,8.3633,779.87,LOW
POL007547,0,0,1.0,0.489145,4239.65,4239.65,2073.8,8.3525,2695.95,MODERATE
POL007548,0,0,0.25,0.237012,6106.85,6106.85,1447.4,8.7173,1881.62,LOW
POL007549,0,0,0.7551,0.71011,23491.53,23491.53,16681.58,10.0644,21686.06,VERY_HIGH
POL007550,0,0,0.3301,0.425762,13172.99,13172.99,5608.56,9.486,7291.13,HIGH
POL007551,0,0,0.2874,0.147312,36597.63,36597.63,5391.28,10.5078,7008.66,MODERATE
POL007552,0,0,0.9397,0.526407,7371.08,7371.08,3880.19,8.9055,5044.25,MODERATE
POL007553,0,0,0.25,0.237973,13779.34,13779.34,3279.11,9.531,4262.84,MODERATE
POL007554,0,0,0.25,0.281788,5141.32,5141.32,1448.76,8.5453,1883.39,LOW
POL007555,0,0,0.4908,0.836944,38725.49,38725.49,32411.08,10.5643,42134.4,VERY_HIGH
POL007556,0,0,1.0,0.246905,2277.48,2277.48,562.32,7.7313,731.02,LOW
POL007557,1,3268,0.4798,0.255926,18050.03,18050.03,4619.47,9.801,6005.31,MODERATE
POL007558,0,0,0.5,0.367522,5741.26,5741.26,2110.04,8.6556,2743.05,MODERATE
POL007559,0,0,1.0,0.682843,16973.25,16973.25,11590.06,9.7395,15067.07,HIGH
POL007560,0,0,0.3723,0.593025,11586.18,11586.18,6870.9,9.3577,8932.17,HIGH
POL007561,0,0,1.0,0.444922,6235.68,6235.68,2774.39,8.7382,3606.7,MODERATE
POL007562,0,0,1.0,0.398801,4296.0,4296.0,1713.25,8.3657,2227.23,LOW
POL007563,1,990,0.7413,0.3158,4157.07,4157.07,1312.8,8.3328,1706.65,LOW
POL007564,1,4529,0.2746,0.486802,13004.62,13004.62,6330.68,9.4731,8229.89,HIGH
POL007565,0,0,1.0,0.444718,4304.08,4304.08,1914.11,8.3676,2488.34,MODERATE
POL007566,0,0,0.5,0.165865,5555.39,5555.39,921.44,8.6227,1197.88,LOW
POL007567,0,0,0.9595,0.309381,39023.53,39023.53,12073.13,10.5719,15695.07,VERY_HIGH
POL007568,0,0,0.5,0.69619,6661.49,6661.49,4637.66,8.8042,6028.96,MODERATE
POL007569,0,0,0.3022,0.381309,15406.92,15406.92,5874.79,9.6426,7637.23,HIGH
POL007570,0,0,0.5559,0.676817,12411.23,12411.23,8400.14,9.4264,10920.18,HIGH
POL007571,0,0,0.4977,0.533946,4793.31,4793.31,2559.36,8.4752,3327.17,MODERATE
POL007572,1,19044,0.5,0.766839,7884.26,7884.26,6045.96,8.9727,7859.74,HIGH
POL007573,0,0,0.553,0.470978,7730.96,7730.96,3641.11,8.9531,4733.44,MODERATE
POL007574,0,0,0.5,0.270589,6243.28,6243.28,1689.36,8.7394,2196.17,LOW
POL007575,0,0,0.9502,0.201841,16837.09,16837.09,3398.42,9.7314,4417.94,MODERATE
POL007576,0,0,0.25,0.395279,4142.66,4142.66,1637.5,8.3293,2128.75,LOW
POL007577,0,0,0.3128,0.186412,9220.07,9220.07,1718.73,9.1292,2234.35,LOW
POL007578,0,0,1.0,0.340083,4251.83,4251.83,1445.97,8.3553,1879.77,LOW
POL007579,0,0,1.0,0.254647,9317.61,9317.61,2372.7,9.1398,3084.51,MODERATE
POL007580,1,2956,1.0,0.48009,6023.29,6023.29,2891.72,8.7036,3759.24,MODERATE
POL007581,0,0,0.208,0.53572,11965.65,11965.65,6410.24,9.3899,8333.32,HIGH
POL007582,0,0,0.2011,0.441151,7026.35,7026.35,3099.68,8.8576,4029.58,MODERATE
POL007583,0,0,1.0,0.343786,4112.16,4112.16,1413.7,8.3219,1837.82,LOW
POL007584,0,0,1.0,0.417763,9458.53,9458.53,3951.43,9.1548,5136.86,MODERATE
POL007585,1,3135,1.0,0.65693,3531.62,3531.62,2320.03,8.1698,3016.04,MODERATE
POL007586,0,0,0.2121,0.494905,13920.38,13920.38,6889.27,9.5412,8956.05,HIGH
POL007587,0,0,0.2993,0.243628,14617.33,14617.33,3561.18,9.59,4629.54,MODERATE
POL007588,0,0,0.57,0.448601,19596.78,19596.78,8791.14,9.8832,11428.48,HIGH
POL007589,0,0,0.5,0.513274,25934.2,25934.2,13311.35,10.1634,17304.76,VERY_HIGH
POL007590,0,0,0.5858,0.304191,6881.31,6881.31,2093.23,8.8367,2721.2,MODERATE
POL007591,0,0,1.0,0.576788,17410.86,17410.86,10042.38,9.7649,13055.09,HIGH
POL007592,0,0,1.0,0.712037,11894.97,11894.97,8469.66,9.384,11010.56,HIGH
POL007593,0,0,0.5,0.4899,4081.96,4081.96,1999.75,8.3146,2599.68,MODERATE
POL007594,0,0,1.0,0.224834,26773.9,26773.9,6019.67,10.1952,7825.57,HIGH
POL007595,0,0,0.25,0.375223,32429.57,32429.57,12168.34,10.3869,15818.84,VERY_HIGH
POL007596,0,0,0.5,0.361142,8907.52,8907.52,3216.88,9.0948,4181.95,MODERATE
POL007597,1,10556,1.0,0.302065,3835.95,3835.95,1158.7,8.2524,1506.32,LOW
POL007598,0,0,0.8992,0.422402,8423.64,8423.64,3558.16,9.0389,4625.61,MODERATE
POL007599,0,0,0.5,0.644362,22169.19,22169.19,14284.98,10.0065,18570.47,VERY_HIGH
POL007600,0,0,1.0,0.663208,12394.84,12394.84,8220.36,9.4251,10686.47,HIGH
POL007601,0,0,0.8386,0.222881,7614.84,7614.84,1697.21,8.938,2206.37,LOW
POL007602,0,0,0.5,0.31567,7803.67,7803.67,2463.38,8.9625,3202.4,MODERATE
POL007603,0,0,1.0,0.362115,4729.47,4729.47,1712.61,8.4618,2226.39,LOW
POL007604,0,0,0.3252,0.140965,60398.62,60398.62,8514.07,11.0087,11068.3,HIGH
POL007605,0,0,1.0,0.235222,11811.25,11811.25,2778.26,9.3769,3611.74,MODERATE
POL007606,0,0,1.0,0.28444,5328.92,5328.92,1515.76,8.5811,1970.48,LOW
POL007607,0,0,0.4977,0.342047,4960.27,4960.27,1696.65,8.5094,2205.64,LOW
POL007608,0,0,0.1586,0.44721,15531.09,15531.09,6945.65,9.6507,9029.35,HIGH
POL007609,0,0,0.5,0.201632,4359.21,4359.21,878.96,8.3803,1142.65,LOW
POL007610,0,0,0.25,0.5327,7240.59,7240.59,3857.07,8.8876,5014.18,MODERATE
POL007611,0,0,0.3995,0.44081,12100.0,12100.0,5333.8,9.401,6933.94,MODERATE
POL007612,0,0,0.7378,0.57825,12289.64,12289.64,7106.48,9.4166,9238.42,HIGH
POL007613,0,0,1.0,0.224377,24518.26,24518.26,5501.33,10.1072,7151.73,HIGH
POL007614,0,0,0.212,0.587878,5706.11,5706.11,3354.5,8.6495,4360.85,MODERATE
POL007615,0,0,0.5,0.422764,6579.09,6579.09,2781.4,8.7918,3615.82,MODERATE
POL007616,0,0,0.7996,0.340892,2383.88,2383.88,812.65,7.7769,1056.44,LOW
POL007617,0,0,0.25,0.326517,4671.84,4671.84,1525.43,8.4495,1983.06,LOW
POL007618,0,0,1.0,0.109012,16392.87,16392.87,1787.02,9.7047,2323.13,LOW
POL007619,1,12149,1.0,0.773103,8905.66,8905.66,6884.99,9.0946,8950.49,HIGH
POL007620,0,0,1.0,0.453043,3541.46,3541.46,1604.44,8.1726,2085.77,LOW
POL007621,0,0,0.1739,0.510944,18823.82,18823.82,9617.93,9.8429,12503.3,HIGH
POL007622,0,0,1.0,0.514474,14554.9,14554.9,7488.12,9.5858,9734.55,HIGH
POL007623,1,8772,0.25,0.671117,4599.22,4599.22,3086.61,8.4339,4012.6,MODERATE
POL007624,1,9048,1.0,0.861182,6401.75,6401.75,5513.07,8.7645,7166.99,HIGH
POL007625,0,0,1.0,0.378477,18488.83,18488.83,6997.59,9.825,9096.87,HIGH
POL007626,0,0,0.8331,0.457019,11550.5,11550.5,5278.8,9.3546,6862.44,MODERATE
POL007627,0,0,0.25,0.402708,17288.05,17288.05,6962.04,9.7578,9050.66,HIGH
POL007628,0,0,0.4571,0.419909,13329.18,13329.18,5597.04,9.4978,7276.16,HIGH
POL007629,0,0,1.0,0.352185,7847.48,7847.48,2763.76,8.9681,3592.89,MODERATE
POL007630,0,0,0.25,0.812734,7503.68,7503.68,6098.5,8.9233,7928.04,HIGH
POL007631,0,0,0.5,0.474688,10958.44,10958.44,5201.84,9.302,6762.39,MODERATE
POL007632,0,0,0.5,0.442161,6516.35,6516.35,2881.28,8.7822,3745.66,MODERATE
POL007633,0,0,0.9588,0.277316,21389.5,21389.5,5931.64,9.9707,7711.14,HIGH
POL007634,0,0,0.25,0.407431,3735.36,3735.36,1521.9,8.2259,1978.47,LOW
POL007635,0,0,0.5,0.642735,5102.88,5102.88,3279.8,8.5378,4263.75,MODERATE
POL007636,0,0,0.1427,0.358403,11216.23,11216.23,4019.93,9.3252,5225.9,MODERATE
POL007637,0,0,0.5,0.133428,7570.81,7570.81,1010.16,8.9322,1313.21,LOW
POL007638,0,0,1.0,0.315363,7053.32,7053.32,2224.36,8.8614,2891.66,MODERATE
POL007639,0,0,0.5,0.316283,11480.01,11480.01,3630.94,9.3484,4720.22,MODERATE
POL007640,0,0,0.5344,0.685015,14033.67,14033.67,9613.28,9.5493,12497.26,HIGH
POL007641,0,0,1.0,0.132037,3666.53,3666.53,484.12,8.2073,629.35,LOW
POL007642,0,0,0.5,0.177766,3280.41,3280.41,583.15,8.096,758.09,LOW
POL007643,0,0,0.2839,0.680775,22825.27,22825.27,15538.86,10.0357,20200.52,VERY_HIGH
POL007644,0,0,0.5796,0.441567,16692.12,16692.12,7370.68,9.7228,9581.89,HIGH
POL007645,0,0,1.0,0.781945,6083.92,6083.92,4757.29,8.7136,6184.48,MODERATE
POL007646,0,0,1.0,0.738631,5117.0,5117.0,3779.57,8.5405,4913.44,MODERATE
POL007647,0,0,0.5945,0.460839,6797.25,6797.25,3132.44,8.8244,4072.18,MODERATE
POL007648,0,0,0.25,0.596521,7909.75,7909.75,4718.33,8.976,6133.83,MODERATE
POL007649,0,0,1.0,0.398785,13057.7,13057.7,5207.22,9.4772,6769.38,MODERATE
POL007650,0,0,0.2438,0.799418,23087.41,23087.41,18456.49,10.0471,23993.44,VERY_HIGH
POL007651,0,0,0.7103,0.533669,3577.26,3577.26,1909.07,8.1826,2481.79,MODERATE
POL007652,1,2086,0.9941,0.558641,3361.71,3361.71,1877.99,8.1205,2441.39,MODERATE
POL007653,0,0,1.0,0.194889,12750.15,12750.15,2484.86,9.4534,3230.32,MODERATE
POL007654,0,0,0.4535,0.340252,11605.05,11605.05,3948.64,9.3593,5133.23,MODERATE
POL007655,0,0,0.9212,0.34006,10782.08,10782.08,3666.55,9.2857,4766.51,MODERATE
POL007656,0,0,0.5,0.443757,4549.44,4549.44,2018.85,8.423,2624.5,MODERATE
POL007657,0,0,1.0,0.438583,4050.7,4050.7,1776.57,8.3069,2309.54,LOW
POL007658,0,0,0.8784,0.55203,6672.18,6672.18,3683.24,8.8059,4788.21,MODERATE
POL007659,0,0,0.3653,0.306562,14317.04,14317.04,4389.06,9.5693,5705.77,MODERATE
POL007660,1,8560,0.5,0.884155,14139.13,14139.13,12501.18,9.5568,16251.54,VERY_HIGH
POL007661,0,0,1.0,0.386214,6659.5,6659.5,2571.99,8.8039,3343.59,MODERATE
POL007662,0,0,0.8055,0.504096,12432.62,12432.62,6267.23,9.4282,8147.4,HIGH
POL007663,1,25630,0.3536,0.779976,11032.4,11032.4,8605.01,9.3087,11186.51,HIGH
POL007664,0,0,1.0,0.658537,8985.96,8985.96,5917.59,9.1035,7692.86,HIGH
POL007665,1,26451,1.0,0.47457,9951.36,9951.36,4722.62,9.2056,6139.4,MODERATE
POL007666,0,0,1.0,0.659322,16637.71,16637.71,10969.6,9.7195,14260.48,HIGH
POL007667,0,0,1.0,0.289933,5567.82,5567.82,1614.3,8.6249,2098.59,LOW
POL007668,0,0,1.0,0.210943,4140.56,4140.56,873.42,8.3288,1135.45,LOW
POL007669,0,0,1.0,0.259531,9363.95,9363.95,2430.23,9.1447,3159.3,MODERATE
POL007670,0,0,0.5,0.227484,16583.89,16583.89,3772.57,9.7162,4904.34,MODERATE
POL007671,0,0,0.5,0.46057,17225.41,17225.41,7933.51,9.7542,10313.56,HIGH
POL007672,1,5335,0.3612,0.270892,7777.76,7777.76,2106.94,8.9592,2739.02,MODERATE
POL007673,0,0,0.7596,0.360367,37725.21,37725.21,13594.91,10.5381,17673.38,VERY_HIGH
POL007674,0,0,1.0,0.638697,5369.2,5369.2,3429.3,8.5886,4458.09,MODERATE
POL007675,1,4740,1.0,0.613739,14634.29,14634.29,8981.63,9.5912,11676.12,HIGH
POL007676,0,0,1.0,0.181655,7551.63,7551.63,1371.79,8.9297,1783.33,LOW
POL007677,0,0,0.5,0.267865,5204.8,5204.8,1394.18,8.5575,1812.44,LOW
POL007678,0,0,0.9544,0.437773,4228.67,4228.67,1851.2,8.3499,2406.56,MODERATE
POL007679,0,0,1.0,0.31532,5175.22,5175.22,1631.85,8.5518,2121.41,LOW
POL007680,0,0,0.9201,0.46886,6686.45,6686.45,3135.01,8.808,4075.51,MODERATE
POL007681,0,0,0.7016,0.235066,16116.6,16116.6,3788.47,9.6877,4925.01,MODERATE
POL007682,0,0,1.0,0.128533,7150.13,7150.13,919.03,8.875,1194.73,LOW
POL007683,0,0,0.5,0.357398,7003.21,7003.21,2502.93,8.8543,3253.81,MODERATE
POL007684,0,0,0.5,0.293187,30942.27,30942.27,9071.86,10.3399,11793.41,HIGH
POL007685,0,0,1.0,0.2364,4694.52,4694.52,1109.78,8.4544,1442.72,LOW
POL007686,0,0,0.5,0.756868,4146.49,4146.49,3138.34,8.3303,4079.85,MODERATE
POL007687,0,0,0.4809,0.491645,10144.73,10144.73,4987.61,9.2248,6483.89,MODERATE
POL007688,0,0,0.5,0.853922,4149.5,4149.5,3543.35,8.331,4606.35,MODERATE
POL007689,0,0,0.25,0.219579,12249.98,12249.98,2689.83,9.4134,3496.78,MODERATE
POL007690,0,0,0.8321,0.208225,5524.59,5524.59,1150.36,8.6171,1495.47,LOW
POL007691,0,0,0.0801,0.456805,12832.61,12832.61,5862.0,9.4598,7620.6,HIGH
POL007692,0,0,0.6075,0.507502,55893.01,55893.01,28365.8,10.9312,36875.54,VERY_HIGH
POL007693,1,33339,1.0,0.747669,30164.7,30164.7,22553.22,10.3145,29319.18,VERY_HIGH
POL007694,0,0,0.5,0.417421,4896.42,4896.42,2043.87,8.4965,2657.03,MODERATE
POL007695,0,0,1.0,0.200236,7220.56,7220.56,1445.82,8.8848,1879.56,LOW
POL007696,0,0,0.25,0.312178,7419.87,7419.87,2316.32,8.9121,3011.22,MODERATE
POL007697,0,0,1.0,0.220059,38493.3,38493.3,8470.78,10.5583,11012.02,HIGH
POL007698,0,0,0.25,0.542846,4907.2,4907.2,2663.85,8.4987,3463.01,MODERATE
POL007699,0,0,1.0,0.237733,8051.41,8051.41,1914.08,8.9937,2488.31,MODERATE
POL007700,0,0,0.113,0.707793,32619.78,32619.78,23088.06,10.3927,30014.47,VERY_HIGH
POL007701,0,0,1.0,0.504779,4910.41,4910.41,2478.67,8.4993,3222.27,MODERATE
POL007702,0,0,0.794,0.229762,18757.03,18757.03,4309.66,9.8394,5602.56,MODERATE
POL007703,0,0,0.382,0.562604,25177.58,25177.58,14165.02,10.1337,18414.52,VERY_HIGH
POL007704,0,0,1.0,0.229468,4712.94,4712.94,1081.47,8.4583,1405.91,LOW
POL007705,0,0,0.5,0.53267,10191.33,10191.33,5428.61,9.2294,7057.2,MODERATE
POL007706,0,0,1.0,0.861683,11080.91,11080.91,9548.24,9.3131,12412.71,HIGH
POL007707,0,0,0.5886,0.459447,5713.96,5713.96,2625.26,8.6508,3412.84,MODERATE
POL007708,0,0,0.1956,0.204257,16216.21,16216.21,3312.27,9.6938,4305.96,MODERATE
POL007709,0,0,0.5,0.576697,5741.59,5741.59,3311.16,8.6557,4304.5,MODERATE
POL007710,0,0,0.9335,0.459447,7397.91,7397.91,3398.95,8.9091,4418.63,MODERATE
POL007711,0,0,0.5,0.346629,22753.84,22753.84,7887.14,10.0325,10253.28,HIGH
POL007712,0,0,1.0,0.650335,11673.03,11673.03,7591.38,9.3651,9868.79,HIGH
POL007713,0,0,1.0,0.480321,5173.49,5173.49,2484.94,8.5515,3230.42,MODERATE
POL007714,0,0,1.0,0.152434,4401.62,4401.62,670.96,8.39,872.24,LOW
POL007715,0,0,1.0,0.368565,10405.34,10405.34,3835.05,9.2502,4985.56,MODERATE
POL007716,0,0,0.9103,0.152599,3896.47,3896.47,594.6,8.2681,772.98,LOW
POL007717,0,0,0.4838,0.418576,10655.83,10655.83,4460.28,9.274,5798.36,MODERATE
POL007718,0,0,0.5,0.410716,6767.85,6767.85,2779.66,8.8201,3613.56,MODERATE
POL007719,0,0,1.0,0.27825,4995.45,4995.45,1389.99,8.5165,1806.98,LOW
POL007720,0,0,0.577,0.393384,4391.87,4391.87,1727.69,8.3877,2246.0,LOW
POL007721,0,0,0.5,0.657871,6234.27,6234.27,4101.35,8.738,5331.75,MODERATE
POL007722,0,0,0.6603,0.1963,7227.38,7227.38,1418.73,8.8858,1844.35,LOW
POL007723,0,0,1.0,0.247908,4009.18,4009.18,993.91,8.2966,1292.08,LOW
POL007724,0,0,1.0,0.269725,8307.54,8307.54,2240.75,9.025,2912.98,MODERATE
POL007725,0,0,0.9833,0.31895,21456.45,21456.45,6843.53,9.9738,8896.59,HIGH
POL007726,0,0,1.0,0.890957,5537.93,5537.93,4934.06,8.6196,6414.27,MODERATE
POL007727,0,0,0.4957,0.371435,3203.41,3203.41,1189.86,8.0723,1546.81,LOW
POL007728,0,0,0.9196,0.265037,3042.62,3042.62,806.41,8.0208,1048.33,LOW
POL007729,0,0,1.0,0.235188,7151.64,7151.64,1681.98,8.8752,2186.58,LOW
POL007730,0,0,1.0,0.363979,5674.66,5674.66,2065.46,8.6439,2685.09,MODERATE
POL007731,0,0,0.9432,0.265105,5724.48,5724.48,1517.59,8.6527,1972.86,LOW
POL007732,0,0,0.5,0.454885,4985.75,4985.75,2267.94,8.5145,2948.32,MODERATE
POL007733,0,0,0.2129,0.370487,11947.58,11947.58,4426.42,9.3884,5754.34,MODERATE
POL007734,0,0,0.5,0.493882,5316.02,5316.02,2625.49,8.5787,3413.14,MODERATE
POL007735,0,0,0.2874,0.537279,16318.35,16318.35,8767.5,9.7001,11397.75,HIGH
POL007736,0,0,0.4505,0.502074,13848.59,13848.59,6953.01,9.536,9038.91,HIGH
POL007737,0,0,0.5,0.212681,9289.12,9289.12,1975.62,9.1367,2568.31,MODERATE
POL007738,0,0,0.5,0.504885,4217.71,4217.71,2129.46,8.3473,2768.3,MODERATE
POL007739,0,0,0.6249,0.294829,7244.62,7244.62,2135.92,8.8882,2776.7,MODERATE
POL007740,0,0,0.5,0.228222,4134.91,4134.91,943.68,8.3275,1226.78,LOW
POL007741,0,0,0.2765,0.435065,9681.68,9681.68,4212.16,9.1781,5475.81,MODERATE
POL007742,0,0,0.5,0.219334,4494.44,4494.44,985.78,8.4108,1281.52,LOW
POL007743,0,0,0.5,0.547125,9453.42,9453.42,5172.2,9.1542,6723.86,MODERATE
POL007744,1,3967,0.25,0.51439,13358.52,13358.52,6871.48,9.5,8932.93,HIGH
POL007745,0,0,1.0,0.16932,10409.45,10409.45,1762.52,9.2506,2291.28,LOW
POL007746,0,0,0.25,0.428195,4250.02,4250.02,1819.84,8.3549,2365.79,MODERATE
POL007747,0,0,1.0,0.721584,6679.87,6679.87,4820.09,8.807,6266.12,MODERATE
POL007748,0,0,0.1004,0.571122,13060.11,13060.11,7458.92,9.4774,9696.6,HIGH
POL007749,0,0,0.5066,0.163666,8627.72,8627.72,1412.07,9.0629,1835.69,LOW
POL007750,0,0,1.0,0.520424,4538.9,4538.9,2362.15,8.4207,3070.79,MODERATE
POL007751,0,0,0.5,0.329266,13635.32,13635.32,4489.64,9.5205,5836.54,MODERATE
POL007752,0,0,1.0,0.466682,5013.87,5013.87,2339.88,8.5202,3041.84,MODERATE
POL007753,0,0,1.0,0.401094,15125.02,15125.02,6066.55,9.6242,7886.52,HIGH
POL007754,0,0,0.7421,0.408665,30272.41,30272.41,12371.27,10.318,16082.65,VERY_HIGH
POL007755,0,0,1.0,0.288321,4154.53,4154.53,1197.84,8.3322,1557.19,LOW
POL007756,0,0,0.6548,0.396936,4583.82,4583.82,1819.48,8.4305,2365.33,MODERATE
POL007757,0,0,0.25,0.397306,5127.01,5127.01,2036.99,8.5425,2648.09,MODERATE
POL007758,0,0,1.0,0.572031,7354.64,7354.64,4207.08,8.9032,5469.21,MODERATE
POL007759,0,0,0.3071,0.499937,35449.47,35449.47,17722.5,10.4759,23039.25,VERY_HIGH
POL007760,0,0,1.0,0.432203,9183.44,9183.44,3969.11,9.1253,5159.84,MODERATE
POL007761,0,0,1.0,0.508649,5399.82,5399.82,2746.62,8.5943,3570.6,MODERATE
POL007762,0,0,0.3998,0.59635,6411.97,6411.97,3823.78,8.7661,4970.91,MODERATE
POL007763,0,0,1.0,0.371162,9090.48,9090.48,3374.04,9.1151,4386.25,MODERATE
POL007764,0,0,1.0,0.45526,5567.41,5567.41,2534.62,8.6249,3295.0,MODERATE
POL007765,0,0,0.2057,0.629426,16025.98,16025.98,10087.16,9.682,13113.31,HIGH
POL007766,0,0,0.5134,0.734915,9505.34,9505.34,6985.61,9.1597,9081.3,HIGH
POL007767,0,0,0.8285,0.158375,6642.1,6642.1,1051.94,8.8013,1367.52,LOW
POL007768,0,0,0.7678,0.521941,3926.06,3926.06,2049.17,8.2756,2663.92,MODERATE
POL007769,0,0,0.9556,0.472859,4260.16,4260.16,2014.46,8.3573,2618.79,MODERATE
POL007770,0,0,1.0,0.276036,4180.24,4180.24,1153.9,8.3384,1500.07,LOW
POL007771,0,0,0.451,0.349401,5361.34,5361.34,1873.26,8.5872,2435.24,MODERATE
POL007772,0,0,0.4705,0.470464,9541.82,9541.82,4489.08,9.1635,5835.81,MODERATE
POL007773,0,0,0.3683,0.438296,6650.9,6650.9,2915.06,8.8027,3789.58,MODERATE
POL007774,0,0,0.3199,0.618356,12671.97,12671.97,7835.79,9.4472,10186.52,HIGH
POL007775,0,0,0.7111,0.758612,18899.6,18899.6,14337.46,9.8469,18638.7,VERY_HIGH
POL007776,0,0,0.6526,0.479915,2916.29,2916.29,1399.57,7.9784,1819.44,LOW
POL007777,0,0,0.25,0.315841,3538.31,3538.31,1117.54,8.1717,1452.81,LOW
POL007778,0,0,0.5425,0.303445,15373.28,15373.28,4664.95,9.6405,6064.43,MODERATE
POL007779,0,0,0.3048,0.431948,13723.95,13723.95,5928.03,9.527,7706.44,HIGH
POL007780,0,0,1.0,0.131963,4862.19,4862.19,641.63,8.4894,834.12,LOW
POL007781,0,0,1.0,0.594967,12913.93,12913.93,7683.36,9.4661,9988.37,HIGH
POL007782,0,0,1.0,0.666186,8161.8,8161.8,5437.28,9.0073,7068.46,MODERATE
POL007783,0,0,0.6608,0.489633,15043.21,15043.21,7365.65,9.6187,9575.34,HIGH
POL007784,0,0,0.5,0.435725,10459.89,10459.89,4557.64,9.2554,5924.93,MODERATE
POL007785,0,0,0.5,0.228628,10632.44,10632.44,2430.88,9.2718,3160.14,MODERATE
POL007786,0,0,0.2427,0.370248,16530.59,16530.59,6120.41,9.713,7956.53,HIGH
POL007787,0,0,1.0,0.351954,9775.34,9775.34,3440.47,9.1877,4472.61,MODERATE
POL007788,0,0,1.0,0.298987,6638.89,6638.89,1984.94,8.8009,2580.42,MODERATE
POL007789,0,0,0.2159,0.148663,8811.17,8811.17,1309.89,9.0839,1702.86,LOW
POL007790,0,0,0.5,0.386347,12948.17,12948.17,5002.48,9.4688,6503.23,MODERATE
POL007791,0,0,1.0,0.741429,6734.66,6734.66,4993.27,8.8152,6491.25,MODERATE
POL007792,0,0,0.9586,0.360464,20221.94,20221.94,7289.28,9.9146,9476.07,HIGH
POL007793,0,0,0.5,0.27192,3440.81,3440.81,935.62,8.1438,1216.31,LOW
POL007794,0,0,0.9728,0.386276,8770.42,8770.42,3387.81,9.0793,4404.15,MODERATE
POL007795,0,0,0.3254,0.442121,13104.87,13104.87,5793.94,9.4808,7532.12,HIGH
POL007796,0,0,0.25,0.280969,79391.68,79391.68,22306.61,11.2822,28998.6,VERY_HIGH
POL007797,0,0,0.88,0.409455,14885.34,14885.34,6094.87,9.6082,7923.33,HIGH
POL007798,0,0,0.5,0.201237,3698.21,3698.21,744.22,8.2159,967.48,LOW
POL007799,0,0,1.0,0.161139,63674.81,63674.81,10260.52,11.0616,13338.68,HIGH
POL007800,0,0,0.2988,0.369601,7780.22,7780.22,2875.58,8.9595,3738.25,MODERATE
POL007801,0,0,0.25,0.913752,7357.83,7357.83,6723.23,8.9037,8740.2,HIGH
POL007802,0,0,0.25,0.823309,26473.47,26473.47,21795.84,10.1839,28334.6,VERY_HIGH
POL007803,0,0,1.0,0.270607,4178.55,4178.55,1130.74,8.338,1469.96,LOW
POL007804,0,0,1.0,0.190984,13164.24,13164.24,2514.17,9.4853,3268.42,MODERATE
POL007805,0,0,1.0,0.756909,5255.21,5255.21,3977.71,8.5672,5171.03,MODERATE
POL007806,0,0,1.0,0.287311,3869.23,3869.23,1111.67,8.2611,1445.18,LOW
POL007807,0,0,0.6819,0.363406,6153.8,6153.8,2236.33,8.725,2907.23,MODERATE
POL007808,0,0,0.7468,0.363938,9843.35,9843.35,3582.37,9.1947,4657.08,MODERATE
POL007809,0,0,0.5,0.228816,5531.98,5531.98,1265.81,8.6185,1645.55,LOW
POL007810,0,0,0.25,0.204501,4236.46,4236.46,866.36,8.3517,1126.27,LOW
POL007811,0,0,0.25,0.65452,8681.77,8681.77,5682.39,9.0691,7387.11,HIGH
POL007812,0,0,0.2458,0.59741,19162.04,19162.04,11447.59,9.8607,14881.87,HIGH
POL007813,0,0,0.4765,0.465386,11560.64,11560.64,5380.16,9.3554,6994.21,MODERATE
POL007814,0,0,1.0,0.145493,10661.02,10661.02,1551.11,9.2744,2016.44,LOW
POL007815,1,3198,1.0,0.364937,11523.59,11523.59,4205.39,9.3522,5467.0,MODERATE
POL007816,0,0,0.2356,0.406414,13002.78,13002.78,5284.51,9.473,6869.86,MODERATE
POL007817,1,2819,1.0,0.461369,4085.85,4085.85,1885.09,8.3155,2450.61,MODERATE
POL007818,0,0,0.25,0.298005,7585.43,7585.43,2260.5,8.9341,2938.65,MODERATE
POL007819,0,0,0.4801,0.228303,10046.49,10046.49,2293.64,9.2151,2981.74,MODERATE
POL007820,0,0,1.0,0.325487,7142.95,7142.95,2324.94,8.874,3022.42,MODERATE
POL007821,0,0,0.2264,0.481304,9649.3,9649.3,4644.25,9.1747,6037.53,MODERATE
POL007822,0,0,0.5995,0.536931,10016.61,10016.61,5378.23,9.2121,6991.7,MODERATE
POL007823,0,0,1.0,0.248178,3748.8,3748.8,930.37,8.2295,1209.48,LOW
POL007824,0,0,1.0,0.405189,55661.72,55661.72,22553.52,10.9271,29319.57,VERY_HIGH
POL007825,0,0,0.25,0.390772,4816.17,4816.17,1882.03,8.4799,2446.63,MODERATE
POL007826,1,1336181,0.2423,0.370017,102965.69,102965.69,38099.04,11.5422,49528.75,VERY_HIGH
POL007827,0,0,0.7083,0.269197,15812.67,15812.67,4256.72,9.6686,5533.73,MODERATE
POL007828,0,0,1.0,0.409632,4403.61,4403.61,1803.86,8.3904,2345.02,MODERATE
POL007829,0,0,1.0,0.198664,4706.9,4706.9,935.09,8.457,1215.62,LOW
POL007830,0,0,1.0,0.523141,4569.5,4569.5,2390.49,8.4274,3107.64,MODERATE
POL007831,0,0,1.0,0.173266,3302.31,3302.31,572.18,8.1027,743.83,LOW
POL007832,0,0,1.0,0.242153,3535.29,3535.29,856.08,8.1708,1112.91,LOW
POL007833,0,0,1.0,0.34336,12831.21,12831.21,4405.73,9.4597,5727.44,MODERATE
POL007834,1,6256,0.25,0.4931,18213.64,18213.64,8981.14,9.81,11675.48,HIGH
POL007835,0,0,0.5,0.342199,12052.75,12052.75,4124.44,9.3971,5361.78,MODERATE
POL007836,0,0,0.1254,0.20517,20712.63,20712.63,4249.61,9.9385,5524.5,MODERATE
POL007837,0,0,1.0,0.221926,4121.29,4121.29,914.62,8.3242,1189.01,LOW
POL007838,1,2374,1.0,0.294359,6568.1,6568.1,1933.38,8.7901,2513.39,MODERATE
POL007839,0,0,0.2516,0.52431,7290.19,7290.19,3822.32,8.8944,4969.01,MODERATE
POL007840,0,0,0.845,0.391156,8961.98,8961.98,3505.53,9.1009,4557.19,MODERATE
POL007841,0,0,0.5,0.637684,16688.41,16688.41,10641.93,9.7225,13834.51,HIGH
POL007842,0,0,0.1913,0.186174,6659.75,6659.75,1239.87,8.804,1611.84,LOW
POL007843,1,1324,0.5,0.648206,3820.48,3820.48,2476.46,8.2484,3219.4,MODERATE
POL007844,0,0,0.1773,0.435315,23942.96,23942.96,10422.72,10.0835,13549.54,HIGH
POL007845,1,14626,1.0,0.711226,6339.74,6339.74,4508.99,8.7548,5861.69,MODERATE
POL007846,0,0,0.2874,0.385873,13404.64,13404.64,5172.49,9.5034,6724.24,MODERATE
POL007847,0,0,0.9243,0.436158,5324.28,5324.28,2322.23,8.5802,3018.9,MODERATE
POL007848,0,0,0.5,0.234813,4219.0,4219.0,990.68,8.3476,1287.88,LOW
POL007849,0,0,0.7251,0.12641,12569.82,12569.82,1588.96,9.4391,2065.64,LOW
POL007850,0,0,0.2146,0.198759,8501.1,8501.1,1689.67,9.0481,2196.57,LOW
POL007851,0,0,0.4743,0.309294,9169.76,9169.76,2836.15,9.1238,3687.0,MODERATE
POL007852,1,5408,0.8401,0.908093,6141.71,6141.71,5577.24,8.723,7250.41,HIGH
POL007853,0,0,0.4714,0.650257,27312.72,27312.72,17760.29,10.2151,23088.37,VERY_HIGH
POL007854,0,0,0.2716,0.307216,8234.11,8234.11,2529.65,9.0162,3288.55,MODERATE
POL007855,1,12080,1.0,0.434098,10559.65,10559.65,4583.92,9.2649,5959.1,MODERATE
POL007856,0,0,0.5,0.805761,18245.11,18245.11,14701.21,9.8117,19111.57,VERY_HIGH
POL007857,0,0,0.2936,0.515562,14117.59,14117.59,7278.49,9.5552,9462.04,HIGH
POL007858,0,0,0.2872,0.292338,20186.57,20186.57,5901.29,9.9128,7671.68,HIGH
POL007859,0,0,1.0,0.268783,10156.94,10156.94,2730.01,9.226,3549.02,MODERATE
POL007860,0,0,0.9353,0.517355,5731.51,5731.51,2965.22,8.6539,3854.79,MODERATE
POL007861,0,0,0.6795,0.657683,3526.64,3526.64,2319.41,8.1684,3015.23,MODERATE
POL007862,0,0,0.2823,0.495812,24628.54,24628.54,12211.14,10.1117,15874.48,VERY_HIGH
POL007863,0,0,0.4266,0.612473,15507.67,15507.67,9498.02,9.6492,12347.43,HIGH
POL007864,0,0,0.6319,0.493146,5123.85,5123.85,2526.8,8.5419,3284.85,MODERATE
POL007865,1,15989,0.3862,0.564305,5795.41,5795.41,3270.38,8.665,4251.49,MODERATE
POL007866,0,0,0.5,0.254468,3701.88,3701.88,942.01,8.2169,1224.61,LOW
POL007867,1,2986,0.25,0.411315,4148.71,4148.71,1706.43,8.3308,2218.35,LOW
POL007868,0,0,0.5,0.431891,3670.79,3670.79,1585.38,8.2084,2060.99,LOW
POL007869,0,0,1.0,0.34314,5258.59,5258.59,1804.43,8.5678,2345.77,MODERATE
POL007870,0,0,0.6665,0.323085,5592.32,5592.32,1806.79,8.6293,2348.83,MODERATE
POL007871,0,0,0.7878,0.425289,4771.76,4771.76,2029.38,8.4707,2638.19,MODERATE
POL007872,0,0,0.3682,0.703967,15882.59,15882.59,11180.81,9.673,14535.06,HIGH
POL007873,0,0,1.0,0.551282,9682.41,9682.41,5337.74,9.1782,6939.06,MODERATE
POL007874,0,0,0.8821,0.43204,26196.45,26196.45,11317.92,10.1734,14713.3,HIGH
POL007875,1,580621,0.7381,0.566942,18617.4,18617.4,10554.98,9.8319,13721.47,HIGH
POL007876,0,0,0.5,0.337409,18903.02,18903.02,6378.04,9.8471,8291.45,HIGH
POL007877,1,3464,0.5,0.444509,7628.46,7628.46,3390.92,8.9398,4408.19,MODERATE
POL007878,0,0,0.5,0.426143,2772.56,2772.56,1181.51,7.9279,1535.96,LOW
POL007879,0,0,1.0,0.269747,3584.23,3584.23,966.84,8.1846,1256.89,LOW
POL007880,1,4013,0.5,0.868768,12000.9,12000.9,10426.0,9.3928,13553.8,HIGH
POL007881,0,0,1.0,0.285376,5314.29,5314.29,1516.57,8.5783,1971.54,LOW
POL007882,0,0,1.0,0.634647,3361.11,3361.11,2133.12,8.1203,2773.05,MODERATE
POL007883,0,0,0.557,0.551805,10338.34,10338.34,5704.75,9.2437,7416.17,HIGH
POL007884,0,0,0.2546,0.557245,19869.8,19869.8,11072.34,9.897,14394.04,HIGH
POL007885,0,0,0.5,0.604644,5248.62,5248.62,3173.55,8.5659,4125.61,MODERATE
POL007886,0,0,0.5,0.292715,7752.73,7752.73,2269.34,8.9559,2950.15,MODERATE
POL007887,0,0,1.0,0.263249,5625.53,5625.53,1480.91,8.6352,1925.19,LOW
POL007888,1,1134,1.0,0.648142,3644.12,3644.12,2361.9,8.2011,3070.48,MODERATE
POL007889,0,0,0.5,0.387241,4112.49,4112.49,1592.53,8.322,2070.28,LOW
POL007890,0,0,1.0,0.636424,3904.5,3904.5,2484.92,8.2701,3230.39,MODERATE
POL007891,0,0,0.4303,0.384669,9816.09,9816.09,3775.95,9.1919,4908.73,MODERATE
POL007892,0,0,0.25,0.252949,10540.5,10540.5,2666.21,9.2631,3466.07,MODERATE
POL007893,0,0,0.5,0.693475,6730.64,6730.64,4667.53,8.8146,6067.79,MODERATE
POL007894,0,0,0.25,0.468061,7395.48,7395.48,3461.53,8.9088,4500.0,MODERATE
POL007895,0,0,0.9853,0.126054,3217.85,3217.85,405.62,8.0768,527.31,LOW
POL007896,0,0,0.5,0.560059,8307.96,8307.96,4652.94,9.0251,6048.83,MODERATE
POL007897,0,0,0.9075,0.444576,4810.04,4810.04,2138.43,8.4787,2779.96,MODERATE
POL007898,0,0,1.0,0.833708,6013.11,6013.11,5013.18,8.7019,6517.13,MODERATE
POL007899,0,0,0.6802,0.326589,10280.93,10280.93,3357.63,9.2381,4364.92,MODERATE
POL007900,0,0,0.2317,0.547546,21234.1,21234.1,11626.65,9.9634,15114.64,HIGH
POL007901,0,0,0.5,0.257592,5786.21,5786.21,1490.48,8.6634,1937.62,LOW
POL007902,0,0,0.5,0.57661,13377.77,13377.77,7713.75,9.5014,10027.87,HIGH
POL007903,1,10357,1.0,0.690847,5767.22,5767.22,3984.27,8.6601,5179.55,MODERATE
POL007904,0,0,0.6007,0.229358,18555.85,18555.85,4255.94,9.8286,5532.72,MODERATE
POL007905,0,0,0.7943,0.218305,4618.26,4618.26,1008.19,8.438,1310.65,LOW
POL007906,0,0,1.0,0.666028,3350.44,3350.44,2231.49,8.1171,2900.93,MODERATE
POL007907,0,0,0.6712,0.102717,7955.23,7955.23,817.14,8.9817,1062.28,LOW
POL007908,0,0,0.5,0.579649,2874.51,2874.51,1666.21,7.964,2166.07,LOW
POL007909,0,0,0.5,0.242157,5164.83,5164.83,1250.7,8.5498,1625.91,LOW
POL007910,0,0,0.422,0.290047,11826.06,11826.06,3430.11,9.3781,4459.14,MODERATE
POL007911,0,0,0.25,0.365229,24551.04,24551.04,8966.76,10.1086,11656.79,HIGH
POL007912,0,0,1.0,0.504544,9878.14,9878.14,4983.95,9.1982,6479.13,MODERATE
POL007913,0,0,0.25,0.416914,4589.21,4589.21,1913.31,8.4317,2487.3,MODERATE
POL007914,0,0,0.2747,0.579925,13497.62,13497.62,7827.6,9.5103,10175.89,HIGH
POL007915,1,4126,0.2222,0.572627,20794.08,20794.08,11907.25,9.9425,15479.42,HIGH
POL007916,0,0,0.5715,0.31093,54844.11,54844.11,17052.67,10.9123,22168.47,VERY_HIGH
POL007917,0,0,0.5,0.317033,10752.17,10752.17,3408.79,9.283,4431.43,MODERATE
POL007918,0,0,0.5,0.613349,23145.58,23145.58,14196.31,10.0496,18455.21,VERY_HIGH
POL007919,1,6472,0.4137,0.385197,8707.86,8707.86,3354.24,9.0721,4360.51,MODERATE
POL007920,0,0,0.5,0.653851,5255.14,5255.14,3436.08,8.5672,4466.91,MODERATE
POL007921,1,5334,0.9763,0.563865,2777.5,2777.5,1566.13,7.9297,2035.97,LOW
POL007922,0,0,0.5,0.804546,20719.66,20719.66,16669.93,9.9389,21670.91,VERY_HIGH
POL007923,0,0,0.3031,0.470081,12685.71,12685.71,5963.31,9.4483,7752.31,HIGH
POL007924,0,0,0.5214,0.345719,11511.42,11511.42,3979.72,9.3512,5173.63,MODERATE
POL007925,0,0,0.5,0.265458,9551.48,9551.48,2535.52,9.1646,3296.17,MODERATE
POL007926,0,0,0.25,0.467903,6610.74,6610.74,3093.18,8.7966,4021.14,MODERATE
POL007927,0,0,0.4365,0.301805,6723.84,6723.84,2029.29,8.8136,2638.07,MODERATE
POL007928,0,0,1.0,0.318704,4880.93,4880.93,1555.57,8.4933,2022.24,LOW
POL007929,0,0,0.3867,0.409257,7634.9,7634.9,3124.64,8.9406,4062.03,MODERATE
POL007930,0,0,0.5,0.63807,4368.28,4368.28,2787.27,8.3824,3623.45,MODERATE
POL007931,0,0,0.6373,0.523553,6961.58,6961.58,3644.75,8.8483,4738.18,MODERATE
POL007932,0,0,0.5,0.38248,3911.99,3911.99,1496.26,8.2721,1945.14,LOW
POL007933,0,0,0.4853,0.395566,12577.89,12577.89,4975.39,9.4398,6468.0,MODERATE
POL007934,0,0,0.25,0.471553,24709.78,24709.78,11651.96,10.115,15147.55,HIGH
POL007935,0,0,1.0,0.345696,5320.4,5320.4,1839.24,8.5795,2391.01,MODERATE
POL007936,0,0,0.271,0.345326,13484.1,13484.1,4656.41,9.5093,6053.33,MODERATE
POL007937,1,19872,0.8045,0.403035,25851.51,25851.51,10419.05,10.1602,13544.77,HIGH
POL007938,0,0,0.9348,0.433868,6528.64,6528.64,2832.57,8.7841,3682.34,MODERATE
POL007939,0,0,0.3515,0.922155,12724.97,12724.97,11734.4,9.4514,15254.72,HIGH
POL007940,0,0,0.4749,0.592027,4892.9,4892.9,2896.73,8.4957,3765.75,MODERATE
POL007941,0,0,0.25,0.482355,12740.72,12740.72,6145.55,9.4526,7989.22,HIGH
POL007942,0,0,0.9688,0.270085,16586.07,16586.07,4479.66,9.7164,5823.55,MODERATE
POL007943,0,0,0.2393,0.160629,21862.2,21862.2,3511.7,9.9926,4565.21,MODERATE
POL007944,0,0,1.0,0.531905,3565.35,3565.35,1896.43,8.1793,2465.36,MODERATE
POL007945,0,0,1.0,0.26073,2871.53,2871.53,748.7,7.9629,973.3,LOW
POL007946,1,5445,0.4796,0.361859,5901.72,5901.72,2135.59,8.6832,2776.27,MODERATE
POL007947,0,0,0.4734,0.273769,14342.34,14342.34,3926.49,9.571,5104.44,MODERATE
POL007948,1,9418,0.25,0.694208,6193.2,6193.2,4299.37,8.7314,5589.18,MODERATE
POL007949,0,0,1.0,0.140068,33119.24,33119.24,4638.93,10.4079,6030.61,MODERATE
POL007950,0,0,1.0,0.325317,5725.33,5725.33,1862.55,8.6528,2421.31,MODERATE
POL007951,0,0,1.0,0.227407,4576.54,4576.54,1040.74,8.4289,1352.96,LOW
POL007952,1,5625,1.0,0.270849,4401.75,4401.75,1192.21,8.39,1549.87,LOW
POL007953,0,0,0.4611,0.547826,11830.76,11830.76,6481.2,9.3785,8425.56,HIGH
POL007954,0,0,0.6117,0.32476,12012.99,12012.99,3901.34,9.3938,5071.74,MODERATE
POL007955,0,0,0.224,0.600946,11666.9,11666.9,7011.17,9.3646,9114.52,HIGH
POL007956,0,0,0.7649,0.126448,7687.11,7687.11,972.02,8.9474,1263.62,LOW
POL007957,1,592864,0.5,0.689195,19391.13,19391.13,13364.27,9.8726,17373.56,VERY_HIGH
POL007958,0,0,0.5,0.820639,7841.01,7841.01,6434.64,8.9673,8365.03,HIGH
POL007959,0,0,0.2919,0.284555,5057.77,5057.77,1439.21,8.5289,1870.98,LOW
POL007960,0,0,0.9689,0.734046,6394.11,6394.11,4693.57,8.7633,6101.64,MODERATE
POL007961,1,81022,1.0,0.537142,9574.86,9574.86,5143.06,9.167,6685.97,MODERATE
POL007962,1,3040,0.3095,0.418464,4719.79,4719.79,1975.06,8.4597,2567.58,MODERATE
POL007963,0,0,0.5,0.240801,4440.5,4440.5,1069.28,8.3987,1390.06,LOW
POL007964,0,0,0.5,0.584563,3163.07,3163.07,1849.01,8.0596,2403.72,MODERATE
POL007965,0,0,0.3851,0.42786,11130.76,11130.76,4762.4,9.3176,6191.13,MODERATE
POL007966,0,0,0.8157,0.234937,6393.56,6393.56,1502.08,8.7632,1952.71,LOW
POL007967,0,0,0.25,0.363033,15612.65,15612.65,5667.91,9.6559,7368.28,HIGH
POL007968,0,0,1.0,0.348127,7659.01,7659.01,2666.31,8.9438,3466.2,MODERATE
POL007969,0,0,0.9162,0.261536,10244.12,10244.12,2679.2,9.2346,3482.96,MODERATE
POL007970,0,0,0.4044,0.414124,17084.78,17084.78,7075.23,9.746,9197.8,HIGH
POL007971,0,0,0.8445,0.399462,14251.82,14251.82,5693.05,9.5647,7400.97,HIGH
POL007972,0,0,0.4233,0.430552,15614.45,15614.45,6722.84,9.656,8739.69,HIGH
POL007973,0,0,0.3132,0.27039,36406.64,36406.64,9844.01,10.5025,12797.21,HIGH
POL007974,0,0,0.7049,0.382129,35802.97,35802.97,13681.37,10.4858,17785.78,VERY_HIGH
POL007975,0,0,1.0,0.368861,7090.5,7090.5,2615.4,8.8667,3400.03,MODERATE
POL007976,0,0,0.499,0.306092,11668.86,11668.86,3571.74,9.3648,4643.27,MODERATE
POL007977,0,0,0.2417,0.265447,21073.22,21073.22,5593.82,9.9558,7271.97,HIGH
POL007978,0,0,0.6292,0.240424,4627.84,4627.84,1112.65,8.4401,1446.44,LOW
POL007979,0,0,0.5,0.240991,17697.85,17697.85,4265.01,9.7813,5544.52,MODERATE
POL007980,0,0,0.2196,0.707343,6480.3,6480.3,4583.79,8.7767,5958.93,MODERATE
POL007981,0,0,0.5,0.386623,11051.8,11051.8,4272.88,9.3104,5554.75,MODERATE
POL007982,0,0,0.6762,0.220346,5793.92,5793.92,1276.67,8.6647,1659.67,LOW
POL007983,0,0,0.1507,0.507412,63151.14,63151.14,32043.67,11.0533,41656.77,VERY_HIGH
POL007984,0,0,0.25,0.353451,3936.54,3936.54,1391.37,8.2783,1808.79,LOW
POL007985,0,0,1.0,0.327054,3277.0,3277.0,1071.76,8.095,1393.28,LOW
POL007986,0,0,0.5,0.309742,4547.15,4547.15,1408.44,8.4225,1830.97,LOW
POL007987,0,0,0.7255,0.198169,5070.85,5070.85,1004.89,8.5315,1306.35,LOW
POL007988,0,0,0.25,0.627076,15739.28,15739.28,9869.72,9.664,12830.63,HIGH
POL007989,0,0,0.7707,0.157117,3697.2,3697.2,580.89,8.2156,755.16,LOW
POL007990,0,0,0.2128,0.493037,15561.78,15561.78,7672.53,9.6526,9974.29,HIGH
POL007991,0,0,1.0,0.598211,5254.17,5254.17,3143.11,8.567,4086.04,MODERATE
POL007992,0,0,0.9836,0.773277,10303.7,10303.7,7967.62,9.2404,10357.9,HIGH
POL007993,0,0,0.5986,0.545859,3798.47,3798.47,2073.43,8.2426,2695.46,MODERATE
POL007994,0,0,0.2697,0.435165,4751.03,4751.03,2067.48,8.4663,2687.73,MODERATE
POL007995,0,0,0.5,0.303212,24198.84,24198.84,7337.37,10.0941,9538.58,HIGH
POL007996,0,0,0.5,0.252655,4616.94,4616.94,1166.49,8.4377,1516.44,LOW
POL007997,0,0,0.2372,0.357484,12013.87,12013.87,4294.76,9.3939,5583.19,MODERATE
POL007998,0,0,1.0,0.506025,3176.3,3176.3,1607.29,8.0638,2089.47,LOW
POL007999,0,0,1.0,0.06676,5747.72,5747.72,383.72,8.6567,500.0,LOW
POL008000,0,0,0.9902,0.361732,4677.18,4677.18,1691.88,8.4507,2199.45,LOW
POL008001,0,0,0.7304,0.323753,12939.76,12939.76,4189.29,9.4681,5446.07,MODERATE
POL008002,0,0,0.9373,0.408398,7324.84,7324.84,2991.45,8.8992,3888.89,MODERATE
POL008003,0,0,0.7971,0.300109,11379.29,11379.29,3415.03,9.3396,4439.53,MODERATE
POL008004,0,0,0.2613,0.523201,23233.9,23233.9,12155.99,10.0534,15802.79,VERY_HIGH
POL008005,0,0,0.5,0.658811,4527.46,4527.46,2982.74,8.4181,3877.56,MODERATE
POL008006,0,0,1.0,0.390939,4291.74,4291.74,1677.81,8.3647,2181.15,LOW
POL008007,1,10428,0.6927,0.592938,15987.49,15987.49,9479.58,9.6796,12323.46,HIGH
POL008008,0,0,0.4165,0.547533,8746.9,8746.9,4789.21,9.0766,6225.98,MODERATE
POL008009,0,0,0.5,0.632821,4653.99,4653.99,2945.14,8.4457,3828.68,MODERATE
POL008010,0,0,1.0,0.097994,4713.27,4713.27,461.87,8.4583,600.43,LOW
POL008011,0,0,1.0,0.479143,18022.31,18022.31,8635.26,9.7994,11225.84,HIGH
POL008012,0,0,0.4211,0.774149,12466.55,12466.55,9650.97,9.4309,12546.26,HIGH
POL008013,1,2330,1.0,0.379135,17457.31,17457.31,6618.67,9.7676,8604.27,HIGH
POL008014,0,0,0.5,0.661766,10514.27,10514.27,6957.99,9.2606,9045.38,HIGH
POL008015,0,0,0.6462,0.336401,10464.24,10464.24,3520.18,9.2558,4576.23,MODERATE
POL008016,1,3168,1.0,0.674078,5545.8,5545.8,3738.3,8.621,4859.79,MODERATE
POL008017,0,0,0.5,0.681149,4802.85,4802.85,3271.46,8.4772,4252.89,MODERATE
POL008018,1,29397,0.3063,0.893999,14331.5,14331.5,12812.35,9.5703,16656.06,VERY_HIGH
POL008019,0,0,0.6824,0.30704,20761.63,20761.63,6374.66,9.9409,8287.06,HIGH
POL008020,0,0,1.0,0.265517,6872.69,6872.69,1824.82,8.8355,2372.27,MODERATE
POL008021,0,0,0.6255,0.413416,4824.77,4824.77,1994.63,8.4817,2593.03,MODERATE
POL008022,0,0,1.0,0.419599,21188.09,21188.09,8890.49,9.9612,11557.64,HIGH
POL008023,0,0,1.0,0.442734,4828.66,4828.66,2137.82,8.4825,2779.16,MODERATE
POL008024,1,25967,1.0,0.814741,19283.53,19283.53,15711.09,9.8671,20424.41,VERY_HIGH
POL008025,0,0,0.3104,0.39125,12092.53,12092.53,4731.2,9.4004,6150.56,MODERATE
POL008026,0,0,0.3272,0.731497,10497.62,10497.62,7678.98,9.259,9982.67,HIGH
POL008027,0,0,0.6749,0.484575,3928.02,3928.02,1903.42,8.2761,2474.45,MODERATE
POL008028,0,0,0.7074,0.158416,10425.66,10425.66,1651.59,9.2521,2147.07,LOW
POL008029,0,0,1.0,0.205972,6594.97,6594.97,1358.38,8.7942,1765.89,LOW
POL008030,0,0,0.25,0.654325,23608.18,23608.18,15447.43,10.0694,20081.66,VERY_HIGH
POL008031,0,0,0.3849,0.218293,23920.95,23920.95,5221.78,10.0826,6788.32,MODERATE
POL008032,0,0,0.5554,0.407258,18028.12,18028.12,7342.09,9.7997,9544.71,HIGH
POL008033,0,0,0.5043,0.272992,6569.26,6569.26,1793.35,8.7903,2331.36,LOW
POL008034,0,0,1.0,0.254058,10833.33,10833.33,2752.29,9.2905,3577.98,MODERATE
POL008035,0,0,0.3193,0.22636,10596.81,10596.81,2398.69,9.2684,3118.3,MODERATE
POL008036,0,0,0.25,0.71316,5729.69,5729.69,4086.18,8.6536,5312.03,MODERATE
POL008037,0,0,0.8952,0.24582,5897.67,5897.67,1449.77,8.6825,1884.7,LOW
POL008038,0,0,0.9107,0.468854,11988.75,11988.75,5620.98,9.3918,7307.27,HIGH
POL008039,0,0,0.5276,0.569369,6671.74,6671.74,3798.69,8.8058,4938.29,MODERATE
POL008040,0,0,0.8403,0.476163,17128.71,17128.71,8156.06,9.7486,10602.87,HIGH
POL008041,0,0,1.0,0.418718,3782.9,3782.9,1583.97,8.2385,2059.16,LOW
POL008042,0,0,0.4437,0.738645,17577.98,17577.98,12983.88,9.7745,16879.05,VERY_HIGH
POL008043,0,0,1.0,0.269297,20451.56,20451.56,5507.55,9.9259,7159.82,HIGH
POL008044,0,0,0.2304,0.479645,13270.85,13270.85,6365.3,9.4934,8274.89,HIGH
POL008045,0,0,0.3648,0.538746,18230.93,18230.93,9821.84,9.8109,12768.39,HIGH
POL008046,0,0,1.0,0.394371,5230.98,5230.98,2062.95,8.5625,2681.83,MODERATE
POL008047,0,0,0.5,0.577198,9072.33,9072.33,5236.53,9.1131,6807.49,MODERATE
POL008048,0,0,1.0,0.637869,5114.27,5114.27,3262.23,8.54,4240.9,MODERATE
POL008049,0,0,0.5,0.397368,5275.56,5275.56,2096.34,8.571,2725.24,MODERATE
POL008050,0,0,0.5131,0.884995,14703.61,14703.61,13012.62,9.5959,16916.41,VERY_HIGH
POL008051,0,0,1.0,0.416883,3007.33,3007.33,1253.71,8.0091,1629.82,LOW
POL008052,0,0,0.25,0.410009,4683.45,4683.45,1920.26,8.452,2496.34,MODERATE
POL008053,0,0,0.25,0.706109,5830.83,5830.83,4117.2,8.6711,5352.36,MODERATE
POL008054,0,0,1.0,0.32652,13366.48,13366.48,4364.42,9.5006,5673.75,MODERATE
POL008055,0,0,0.25,0.478432,10100.89,10100.89,4832.59,9.2205,6282.37,MODERATE
POL008056,0,0,1.0,0.375165,5281.7,5281.7,1981.51,8.5722,2575.96,MODERATE
POL008057,0,0,0.4941,0.611045,20324.16,20324.16,12418.98,9.9196,16144.67,VERY_HIGH
POL008058,0,0,0.8831,0.444026,15074.58,15074.58,6693.5,9.6208,8701.55,HIGH
POL008059,0,0,0.5,0.338169,5611.84,5611.84,1897.75,8.6328,2467.07,MODERATE
POL008060,0,0,0.25,0.245429,28271.06,28271.06,6938.54,10.2496,9020.11,HIGH
POL008061,0,0,1.0,0.602699,6583.17,6583.17,3967.67,8.7924,5157.97,MODERATE
POL008062,0,0,1.0,0.715275,5923.12,5923.12,4236.66,8.6868,5507.66,MODERATE
POL008063,0,0,1.0,0.681771,35241.36,35241.36,24026.53,10.47,31234.49,VERY_HIGH
POL008064,0,0,0.5,0.753963,7224.19,7224.19,5446.77,8.8853,7080.8,MODERATE
POL008065,0,0,0.3578,0.105983,10367.81,10367.81,1098.81,9.2466,1428.45,LOW
POL008066,0,0,1.0,0.159437,7358.12,7358.12,1173.15,8.9037,1525.1,LOW
POL008067,0,0,1.0,0.224779,3274.96,3274.96,736.14,8.0944,956.99,LOW
POL008068,0,0,0.25,0.541941,11434.47,11434.47,6196.81,9.3445,8055.85,HIGH
POL008069,1,1713,1.0,0.30361,3593.96,3593.96,1091.16,8.1873,1418.51,LOW
POL008070,0,0,0.4352,0.845024,17514.67,17514.67,14800.32,9.7709,19240.41,VERY_HIGH
POL008071,0,0,1.0,0.36684,5254.85,5254.85,1927.69,8.5671,2505.99,MODERATE
POL008072,0,0,0.2786,0.470474,25653.92,25653.92,12069.5,10.1525,15690.35,VERY_HIGH
POL008073,1,13523,0.7108,0.770344,15854.65,15854.65,12213.54,9.6713,15877.6,VERY_HIGH
POL008074,0,0,0.7242,0.776427,6443.2,6443.2,5002.68,8.7709,6503.48,MODERATE
POL008075,0,0,0.4717,0.353919,23831.99,23831.99,8434.59,10.0788,10964.97,HIGH
POL008076,0,0,0.5,0.281061,7680.67,7680.67,2158.73,8.9466,2806.35,MODERATE
POL008077,0,0,1.0,0.446716,4301.1,4301.1,1921.37,8.3669,2497.78,MODERATE
POL008078,0,0,1.0,0.435569,4621.11,4621.11,2012.81,8.4386,2616.65,MODERATE
POL008079,0,0,1.0,0.307197,2244.35,2244.35,689.46,7.7166,896.3,LOW
POL008080,0,0,0.4577,0.333036,23425.71,23425.71,7801.61,10.0616,10142.1,HIGH
POL008081,0,0,1.0,0.245861,2821.38,2821.38,693.67,7.9453,901.77,LOW
POL008082,0,0,1.0,0.238577,11561.8,11561.8,2758.38,9.3555,3585.9,MODERATE
POL008083,0,0,0.5,0.411461,4878.59,4878.59,2007.35,8.4928,2609.55,MODERATE
POL008084,0,0,0.7039,0.860585,31645.41,31645.41,27233.56,10.3624,35403.63,VERY_HIGH
POL008085,0,0,0.25,0.432576,5140.71,5140.71,2223.75,8.5451,2890.87,MODERATE
POL008086,0,0,0.2271,0.573371,11179.38,11179.38,6409.94,9.3219,8332.92,HIGH
POL008087,0,0,1.0,0.302785,3760.87,3760.87,1138.73,8.2327,1480.36,LOW
POL008088,0,0,0.4298,0.366313,15275.49,15275.49,5595.62,9.6341,7274.3,HIGH
POL008089,0,0,0.4379,0.237922,11859.61,11859.61,2821.67,9.381,3668.17,MODERATE
POL008090,0,0,0.2078,0.60246,63074.51,63074.51,37999.85,11.0521,49399.81,VERY_HIGH
POL008091,1,17659,1.0,0.813065,9741.76,9741.76,7920.69,9.1843,10296.89,HIGH
POL008092,0,0,0.5,0.284119,3383.72,3383.72,961.38,8.127,1249.79,LOW
POL008093,0,0,0.4767,0.627671,12832.65,12832.65,8054.68,9.4598,10471.08,HIGH
POL008094,0,0,0.9166,0.192996,11490.44,11490.44,2217.6,9.3494,2882.88,MODERATE
POL008095,0,0,0.6693,0.229302,7124.17,7124.17,1633.59,8.8714,2123.66,LOW
POL008096,0,0,1.0,0.167754,6828.96,6828.96,1145.58,8.8291,1489.26,LOW
POL008097,1,18039,0.25,0.260602,13046.95,13046.95,3400.06,9.4764,4420.08,MODERATE
POL008098,0,0,1.0,0.436738,4606.68,4606.68,2011.91,8.4355,2615.49,MODERATE
POL008099,0,0,0.5,0.109426,12856.11,12856.11,1406.79,9.4617,1828.82,LOW
POL008100,0,0,0.7133,0.337483,4950.96,4950.96,1670.86,8.5075,2172.12,LOW
POL008101,0,0,1.0,0.357618,5011.91,5011.91,1792.35,8.5198,2330.05,LOW
POL008102,0,0,0.5361,0.368224,3585.67,3585.67,1320.33,8.185,1716.43,LOW
POL008103,0,0,0.9056,0.354553,2755.11,2755.11,976.83,7.9216,1269.88,LOW
POL008104,0,0,0.5281,0.662103,10104.67,10104.67,6690.34,9.2209,8697.44,HIGH
POL008105,0,0,0.5,0.44053,7445.91,7445.91,3280.15,8.9156,4264.19,MODERATE
POL008106,0,0,0.77,0.422297,6565.96,6565.96,2772.79,8.7898,3604.62,MODERATE
POL008107,0,0,1.0,0.395338,7875.98,7875.98,3113.68,8.9717,4047.78,MODERATE
POL008108,0,0,0.25,0.177311,8856.28,8856.28,1570.32,9.089,2041.41,LOW
POL008109,0,0,0.25,0.420562,9783.69,9783.69,4114.65,9.1886,5349.04,MODERATE
POL008110,0,0,1.0,0.418706,4483.3,4483.3,1877.19,8.4083,2440.34,MODERATE
POL008111,0,0,0.7675,0.381956,17233.76,17233.76,6582.54,9.7547,8557.3,HIGH
POL008112,0,0,1.0,0.513151,3773.22,3773.22,1936.23,8.2359,2517.1,MODERATE
POL008113,0,0,0.25,0.237014,13964.31,13964.31,3309.74,9.5443,4302.67,MODERATE
POL008114,0,0,1.0,0.290106,15824.12,15824.12,4590.68,9.6694,5967.88,MODERATE
POL008115,0,0,0.577,0.363937,3444.09,3444.09,1253.43,8.1447,1629.46,LOW
POL008116,0,0,0.5,0.648539,3475.42,3475.42,2253.95,8.1538,2930.13,MODERATE
POL008117,0,0,0.5,0.177163,15050.52,15050.52,2666.39,9.6192,3466.31,MODERATE
POL008118,0,0,0.3555,0.599918,13580.56,13580.56,8147.23,9.5165,10591.39,HIGH
POL008119,0,0,0.5041,0.464547,26592.37,26592.37,12353.39,10.1884,16059.41,VERY_HIGH
POL008120,0,0,0.1908,0.323464,12234.74,12234.74,3957.5,9.4121,5144.75,MODERATE
POL008121,1,5326,1.0,0.659188,14494.1,14494.1,9554.34,9.5816,12420.64,HIGH
POL008122,1,19230,0.25,0.901144,17144.67,17144.67,15449.82,9.7495,20084.76,VERY_HIGH
POL008123,0,0,0.4356,0.228803,30544.99,30544.99,6988.78,10.327,9085.41,HIGH
POL008124,0,0,1.0,0.534416,8238.51,8238.51,4402.79,9.0167,5723.62,MODERATE
POL008125,0,0,0.5,0.258264,8368.5,8368.5,2161.28,9.0323,2809.66,MODERATE
POL008126,0,0,0.5912,0.257329,3722.64,3722.64,957.94,8.2225,1245.33,LOW
POL008127,0,0,1.0,0.641119,4519.32,4519.32,2897.42,8.4163,3766.65,MODERATE
POL008128,0,0,0.4668,0.760977,26438.72,26438.72,20119.26,10.1826,26155.03,VERY_HIGH
POL008129,1,6326,0.25,0.404153,8043.12,8043.12,3250.65,8.9927,4225.84,MODERATE
POL008130,0,0,0.5,0.404417,17564.78,17564.78,7103.49,9.7737,9234.54,HIGH
POL008131,0,0,1.0,0.396642,4840.35,4840.35,1919.89,8.4849,2495.86,MODERATE
POL008132,0,0,0.5,0.574808,6354.1,6354.1,3652.39,8.757,4748.1,MODERATE
POL008133,0,0,1.0,0.407911,4289.94,4289.94,1749.91,8.3643,2274.89,LOW
POL008134,0,0,0.25,0.456616,11197.11,11197.11,5112.78,9.3235,6646.61,MODERATE
POL008135,0,0,0.5,0.364402,9938.44,9938.44,3621.59,9.2043,4708.06,MODERATE
POL008136,0,0,1.0,0.333827,5435.8,5435.8,1814.62,8.6009,2359.0,MODERATE
POL008137,1,3172,0.5,0.83656,5159.66,5159.66,4316.37,8.5488,5611.28,MODERATE
POL008138,0,0,1.0,0.659498,3761.12,3761.12,2480.45,8.2327,3224.59,MODERATE
POL008139,0,0,1.0,0.207737,4469.18,4469.18,928.42,8.4052,1206.94,LOW
POL008140,1,4190,1.0,0.394673,6361.89,6361.89,2510.87,8.7582,3264.13,MODERATE
POL008141,0,0,1.0,0.222292,5039.47,5039.47,1120.24,8.5253,1456.31,LOW
POL008142,0,0,0.25,0.332911,14809.83,14809.83,4930.36,9.6031,6409.47,MODERATE
POL008143,0,0,0.7557,0.528637,23027.19,23027.19,12173.02,10.0445,15824.92,VERY_HIGH
POL008144,0,0,1.0,0.297528,3058.63,3058.63,910.03,8.026,1183.03,LOW
POL008145,0,0,0.4308,0.159432,12133.2,12133.2,1934.42,9.4038,2514.74,MODERATE
POL008146,0,0,1.0,0.513213,4890.44,4890.44,2509.84,8.4952,3262.79,MODERATE
POL008147,0,0,0.7056,0.445921,19331.21,19331.21,8620.2,9.8695,11206.25,HIGH
POL008148,0,0,0.9515,0.162389,18602.0,18602.0,3020.77,9.8311,3927.0,MODERATE
POL008149,0,0,1.0,0.398869,5623.37,5623.37,2242.99,8.6349,2915.88,MODERATE
POL008150,0,0,0.7503,0.629313,59568.73,59568.73,37487.35,10.9949,48733.56,VERY_HIGH
POL008151,0,0,0.76,0.245444,6270.15,6270.15,1538.97,8.7437,2000.66,LOW
POL008152,0,0,0.25,0.872833,9913.56,9913.56,8652.88,9.2018,11248.75,HIGH
POL008153,0,0,1.0,0.445007,3091.69,3091.69,1375.83,8.0368,1788.57,LOW
POL008154,0,0,0.1975,0.165606,16921.48,16921.48,2802.29,9.7364,3642.98,MODERATE
POL008155,0,0,1.0,0.41055,16196.16,16196.16,6649.33,9.6926,8644.12,HIGH
POL008156,0,0,0.7352,0.332266,3991.8,3991.8,1326.34,8.2922,1724.24,LOW
POL008157,0,0,1.0,0.562911,7484.58,7484.58,4213.15,8.9207,5477.1,MODERATE
POL008158,0,0,0.3502,0.45166,22836.55,22836.55,10314.37,10.0362,13408.68,HIGH
POL008159,0,0,1.0,0.257178,2675.66,2675.66,688.12,7.8923,894.56,LOW
POL008160,0,0,1.0,0.461152,5366.83,5366.83,2474.92,8.5882,3217.4,MODERATE
POL008161,0,0,0.25,0.35457,7535.42,7535.42,2671.84,8.9275,3473.39,MODERATE
POL008162,0,0,0.2904,0.388839,12388.75,12388.75,4817.23,9.4246,6262.4,MODERATE
POL008163,0,0,1.0,0.472101,3400.51,3400.51,1605.38,8.132,2087.0,LOW
POL008164,0,0,0.5,0.0929,5863.61,5863.61,544.73,8.6767,708.15,LOW
POL008165,0,0,0.1913,0.302392,17623.07,17623.07,5329.08,9.777,6927.8,MODERATE
POL008166,0,0,0.9218,0.454873,3975.79,3975.79,1808.48,8.2882,2351.02,MODERATE
POL008167,0,0,0.5907,0.817675,5886.19,5886.19,4812.99,8.6805,6256.88,MODERATE
POL008168,0,0,0.4736,0.301669,8512.29,8512.29,2567.9,9.0494,3338.26,MODERATE
POL008169,0,0,0.2949,0.325679,21272.89,21272.89,6928.14,9.9652,9006.58,HIGH
POL008170,0,0,0.25,0.178,19034.7,19034.7,3388.17,9.8541,4404.62,MODERATE
POL008171,1,1894,0.8342,0.55341,3257.3,3257.3,1802.62,8.089,2343.41,MODERATE
POL008172,0,0,0.5,0.500417,6211.09,6211.09,3108.14,8.7343,4040.58,MODERATE
POL008173,0,0,0.5,0.205899,41895.3,41895.3,8626.2,10.643,11214.06,HIGH
POL008174,0,0,0.5,0.411545,24412.22,24412.22,10046.73,10.1029,13060.75,HIGH
POL008175,0,0,1.0,0.540122,6347.0,6347.0,3428.15,8.7559,4456.6,MODERATE
POL008176,0,0,0.2169,0.616038,13488.35,13488.35,8309.33,9.5097,10802.14,HIGH
POL008177,0,0,0.49,0.253628,18105.07,18105.07,4591.95,9.804,5969.54,MODERATE
POL008178,0,0,0.1714,0.277781,8784.78,8784.78,2440.24,9.0809,3172.32,MODERATE
POL008179,0,0,1.0,0.585366,2853.09,2853.09,1670.1,7.9565,2171.13,LOW
POL008180,0,0,0.25,0.391947,4633.82,4633.82,1816.21,8.4414,2361.07,MODERATE
POL008181,0,0,0.5935,0.683786,5409.93,5409.93,3699.23,8.5962,4809.0,MODERATE
POL008182,0,0,1.0,0.645239,13235.58,13235.58,8540.11,9.4907,11102.14,HIGH
POL008183,0,0,0.7685,0.508,13233.09,13233.09,6722.41,9.4906,8739.13,HIGH
POL008184,0,0,1.0,0.356976,3736.94,3736.94,1334.0,8.2263,1734.2,LOW
POL008185,0,0,0.5308,0.306357,4558.18,4558.18,1396.43,8.4249,1815.36,LOW
POL008186,0,0,0.7968,0.479111,8533.5,8533.5,4088.49,9.0519,5315.04,MODERATE
POL008187,0,0,0.4111,0.4231,9988.27,9988.27,4226.04,9.2093,5493.85,MODERATE
POL008188,0,0,0.25,0.312617,21849.4,21849.4,6830.49,9.992,8879.64,HIGH
POL008189,0,0,1.0,0.195522,6038.79,6038.79,1180.72,8.7061,1534.94,LOW
POL008190,1,10291,0.4684,0.753908,16034.51,16034.51,12088.55,9.6826,15715.12,VERY_HIGH
POL008191,0,0,1.0,0.264379,11198.27,11198.27,2960.59,9.3236,3848.76,MODERATE
POL008192,0,0,0.4749,0.607385,15908.67,15908.67,9662.69,9.6747,12561.5,HIGH
POL008193,0,0,0.6756,0.472917,22544.82,22544.82,10661.84,10.0233,13860.39,HIGH
POL008194,0,0,1.0,0.207619,4774.4,4774.4,991.26,8.4712,1288.63,LOW
POL008195,0,0,1.0,0.273577,9784.85,9784.85,2676.91,9.1887,3479.98,MODERATE
POL008196,0,0,0.9346,0.583382,4793.89,4793.89,2796.67,8.4753,3635.67,MODERATE
POL008197,1,6220,1.0,0.567669,17209.09,17209.09,9769.06,9.7533,12699.78,HIGH
POL008198,0,0,1.0,0.287542,25787.4,25787.4,7414.96,10.1577,9639.45,HIGH
POL008199,0,0,0.5,0.141104,5460.42,5460.42,770.49,8.6055,1001.63,LOW
POL008200,0,0,0.5,0.182367,16946.87,16946.87,3090.55,9.7379,4017.71,MODERATE
POL008201,0,0,1.0,0.528954,8952.06,8952.06,4735.23,9.0998,6155.8,MODERATE
POL008202,0,0,1.0,0.397635,3142.96,3142.96,1249.75,8.0532,1624.67,LOW
POL008203,0,0,1.0,0.571267,16197.91,16197.91,9253.33,9.6927,12029.32,HIGH
POL008204,0,0,0.2879,0.259247,9219.47,9219.47,2390.12,9.1292,3107.15,MODERATE
POL008205,0,0,1.0,0.307467,8107.54,8107.54,2492.8,9.0007,3240.64,MODERATE
POL008206,0,0,0.2431,0.503424,17472.32,17472.32,8795.98,9.7684,11434.78,HIGH
POL008207,0,0,1.0,0.332362,6080.33,6080.33,2020.87,8.713,2627.13,MODERATE
POL008208,0,0,0.5,0.474314,6122.02,6122.02,2903.76,8.7198,3774.89,MODERATE
POL008209,0,0,1.0,0.251459,6004.05,6004.05,1509.77,8.7004,1962.7,LOW
POL008210,0,0,0.3797,0.29884,10908.65,10908.65,3259.94,9.2974,4237.92,MODERATE
POL008211,0,0,1.0,0.409601,3344.11,3344.11,1369.75,8.1153,1780.68,LOW
POL008212,0,0,0.5,0.521116,5189.1,5189.1,2704.12,8.5545,3515.36,MODERATE
POL008213,0,0,1.0,0.254256,5191.85,5191.85,1320.06,8.555,1716.08,LOW
POL008214,1,12499,0.5,0.555461,3695.66,3695.66,2052.79,8.2152,2668.63,MODERATE
POL008215,0,0,1.0,0.448384,5673.65,5673.65,2543.98,8.6438,3307.17,MODERATE
POL008216,0,0,0.3173,0.454522,12725.13,12725.13,5783.85,9.4514,7519.01,HIGH
POL008217,1,7250,0.4674,0.26497,4244.29,4244.29,1124.61,8.3536,1461.99,LOW
POL008218,0,0,0.5,0.564587,4367.38,4367.38,2465.76,8.3821,3205.49,MODERATE
POL008219,0,0,1.0,0.312967,4692.81,4692.81,1468.7,8.454,1909.3,LOW
POL008220,0,0,0.5,0.666562,16020.65,16020.65,10678.75,9.6817,13882.38,HIGH
POL008221,0,0,1.0,0.45444,30070.37,30070.37,13665.17,10.3113,17764.72,VERY_HIGH
POL008222,0,0,1.0,0.251128,4756.96,4756.96,1194.61,8.4676,1552.99,LOW
POL008223,0,0,0.25,0.079074,6082.76,6082.76,480.99,8.7134,625.29,LOW
POL008224,0,0,1.0,0.591868,9576.94,9576.94,5668.29,9.1672,7368.78,HIGH
POL008225,1,4965,0.543,0.480137,2660.7,2660.7,1277.5,7.8867,1660.75,LOW
POL008226,0,0,0.9883,0.338558,3092.45,3092.45,1046.97,8.037,1361.06,LOW
POL008227,0,0,0.5,0.606717,7831.29,7831.29,4751.38,8.966,6176.79,MODERATE
POL008228,1,3605,0.25,0.421658,8657.75,8657.75,3650.61,9.0663,4745.79,MODERATE
POL008229,0,0,1.0,0.432084,6245.48,6245.48,2698.58,8.7398,3508.15,MODERATE
POL008230,0,0,0.7359,0.225439,4369.27,4369.27,985.01,8.3826,1280.51,LOW
POL008231,0,0,0.5,0.561771,5260.97,5260.97,2955.46,8.5683,3842.1,MODERATE
POL008232,0,0,0.5,0.37031,10724.01,10724.01,3971.21,9.2803,5162.57,MODERATE
POL008233,0,0,0.5344,0.558931,8039.44,8039.44,4493.49,8.9922,5841.54,MODERATE
POL008234,0,0,1.0,0.249183,9045.33,9045.33,2253.94,9.1101,2930.12,MODERATE
POL008235,0,0,0.6218,0.444141,27165.81,27165.81,12065.45,10.2098,15685.09,VERY_HIGH
POL008236,0,0,1.0,0.662976,4764.02,4764.02,3158.43,8.4691,4105.97,MODERATE
POL008237,0,0,0.3143,0.289492,20313.2,20313.2,5880.51,9.9191,7644.67,HIGH
POL008238,0,0,0.25,0.601503,4571.46,4571.46,2749.74,8.4278,3574.67,MODERATE
POL008239,0,0,0.2502,0.293603,9529.91,9529.91,2798.01,9.1623,3637.41,MODERATE
POL008240,0,0,0.5,0.386363,3266.26,3266.26,1261.96,8.0917,1640.55,LOW
POL008241,0,0,0.6975,0.747842,12152.92,12152.92,9088.46,9.4054,11815.0,HIGH
POL008242,0,0,0.5,0.617068,5516.74,5516.74,3404.21,8.6157,4425.47,MODERATE
POL008243,0,0,0.9182,0.419526,2901.46,2901.46,1217.24,7.9733,1582.41,LOW
POL008244,0,0,0.25,0.220315,9696.4,9696.4,2136.27,9.1796,2777.15,MODERATE
POL008245,0,0,1.0,0.453119,15215.73,15215.73,6894.53,9.6302,8962.89,HIGH
POL008246,0,0,0.8281,0.223752,20330.89,20330.89,4549.07,9.9199,5913.79,MODERATE
POL008247,0,0,1.0,0.199172,2770.85,2770.85,551.88,7.9273,717.44,LOW
POL008248,0,0,1.0,0.418586,11379.18,11379.18,4763.16,9.3396,6192.11,MODERATE
POL008249,0,0,0.6821,0.359804,15960.7,15960.7,5742.73,9.6779,7465.54,HIGH
POL008250,0,0,1.0,0.180168,3145.08,3145.08,566.64,8.0539,736.64,LOW
POL008251,0,0,0.25,0.191624,8015.45,8015.45,1535.95,8.9893,1996.73,LOW
POL008252,1,30927,0.4811,0.649398,7247.37,7247.37,4706.43,8.8885,6118.35,MODERATE
POL008253,0,0,0.6876,0.393298,6363.21,6363.21,2502.64,8.7584,3253.43,MODERATE
POL008254,1,3987,1.0,0.268957,4115.1,4115.1,1106.78,8.3227,1438.82,LOW
POL008255,0,0,0.9046,0.219039,9504.43,9504.43,2081.84,9.1596,2706.39,MODERATE
POL008256,0,0,0.25,0.317237,7843.37,7843.37,2488.21,8.9676,3234.67,MODERATE
POL008257,0,0,1.0,0.380162,5143.59,5143.59,1955.4,8.5457,2542.02,MODERATE
POL008258,0,0,0.5733,0.117758,3420.95,3420.95,402.84,8.138,523.7,LOW
POL008259,0,0,0.5,0.307942,15221.72,15221.72,4687.41,9.6305,6093.64,MODERATE
POL008260,0,0,1.0,0.472901,5289.9,5289.9,2501.6,8.5737,3252.08,MODERATE
POL008261,0,0,1.0,0.386544,10824.57,10824.57,4184.17,9.2897,5439.42,MODERATE
POL008262,0,0,0.6308,0.428178,8277.67,8277.67,3544.31,9.0214,4607.61,MODERATE
POL008263,0,0,0.4543,0.603225,10571.32,10571.32,6376.89,9.266,8289.95,HIGH
POL008264,0,0,1.0,0.46263,6662.45,6662.45,3082.25,8.8044,4006.92,MODERATE
POL008265,0,0,0.281,0.421687,8283.87,8283.87,3493.2,9.0222,4541.16,MODERATE
POL008266,0,0,0.9602,0.196202,3807.41,3807.41,747.02,8.245,971.13,LOW
POL008267,0,0,1.0,0.29341,9470.46,9470.46,2778.73,9.156,3612.35,MODERATE
POL008268,1,3529,1.0,0.507308,2551.08,2551.08,1294.18,7.8447,1682.44,LOW
POL008269,0,0,0.2383,0.47211,8047.15,8047.15,3799.14,8.9932,4938.88,MODERATE
POL008270,0,0,0.86,0.328042,29650.5,29650.5,9726.62,10.2973,12644.61,HIGH
POL008271,0,0,0.5,0.316797,5006.06,5006.06,1585.9,8.5186,2061.67,LOW
POL008272,0,0,0.5,0.270906,7383.82,7383.82,2000.32,8.9072,2600.42,MODERATE
POL008273,0,0,0.1265,0.347637,53055.75,53055.75,18444.15,10.8791,23977.39,VERY_HIGH
POL008274,0,0,0.5952,0.288078,6187.57,6187.57,1782.5,8.7305,2317.25,LOW
POL008275,0,0,0.5,0.283628,9325.22,9325.22,2644.9,9.1406,3438.37,MODERATE
POL008276,0,0,0.5,0.259209,4837.11,4837.11,1253.82,8.4843,1629.97,LOW
POL008277,0,0,0.5,0.555231,4304.45,4304.45,2389.96,8.3676,3106.95,MODERATE
POL008278,0,0,1.0,0.490011,6639.88,6639.88,3253.62,8.801,4229.7,MODERATE
POL008279,0,0,0.7038,0.445836,3325.07,3325.07,1482.44,8.1095,1927.17,LOW
POL008280,0,0,0.6951,0.2828,8381.08,8381.08,2370.17,9.0339,3081.22,MODERATE
POL008281,0,0,0.5,0.674006,25619.89,25619.89,17267.95,10.1512,22448.34,VERY_HIGH
POL008282,0,0,1.0,0.166431,3930.36,3930.36,654.13,8.2767,850.37,LOW
POL008283,0,0,0.5,0.188857,19601.19,19601.19,3701.83,9.8834,4812.38,MODERATE
POL008284,0,0,1.0,0.424457,13306.14,13306.14,5647.88,9.4961,7342.24,HIGH
POL008285,0,0,1.0,0.497187,8072.65,8072.65,4013.62,8.9964,5217.7,MODERATE
POL008286,0,0,0.646,0.683808,15188.27,15188.27,10385.85,9.6283,13501.61,HIGH
POL008287,0,0,0.3726,0.34162,8748.82,8748.82,2988.77,9.0768,3885.41,MODERATE
POL008288,0,0,1.0,0.770265,6906.24,6906.24,5319.64,8.8403,6915.53,MODERATE
POL008289,0,0,0.4093,0.323146,11068.46,11068.46,3576.73,9.3119,4649.74,MODERATE
POL008290,0,0,1.0,0.409769,3409.91,3409.91,1397.28,8.1347,1816.46,LOW
POL008291,0,0,1.0,0.870452,14000.42,14000.42,12186.69,9.5469,15842.7,VERY_HIGH
POL008292,0,0,0.5,0.592656,4947.54,4947.54,2932.19,8.5068,3811.84,MODERATE
POL008293,0,0,0.3244,0.43896,15137.55,15137.55,6644.77,9.625,8638.21,HIGH
POL008294,0,0,0.2325,0.429025,47133.48,47133.48,20221.45,10.7608,26287.89,VERY_HIGH
POL008295,1,1668,0.568,0.456925,8492.79,8492.79,3880.57,9.0471,5044.74,MODERATE
POL008296,0,0,0.5,0.429492,7861.5,7861.5,3376.45,8.9699,4389.39,MODERATE
POL008297,0,0,0.5539,0.340163,7065.41,7065.41,2403.39,8.8631,3124.41,MODERATE
POL008298,1,5349,0.5,0.809311,6595.42,6595.42,5337.75,8.7943,6939.07,MODERATE
POL008299,0,0,1.0,0.464233,4417.35,4417.35,2050.68,8.3935,2665.88,MODERATE
POL008300,0,0,0.5,0.50936,15723.69,15723.69,8009.02,9.663,10411.73,HIGH
POL008301,0,0,0.5805,0.476624,14458.76,14458.76,6891.39,9.5791,8958.81,HIGH
POL008302,0,0,0.25,0.535028,10038.88,10038.88,5371.08,9.2143,6982.41,MODERATE
POL008303,0,0,0.25,0.376897,3740.27,3740.27,1409.7,8.2272,1832.61,LOW
POL008304,0,0,0.8728,0.745902,5613.05,5613.05,4186.79,8.633,5442.82,MODERATE
POL008305,0,0,0.6181,0.405091,28067.66,28067.66,11369.97,10.2424,14780.96,HIGH
POL008306,0,0,0.4497,0.319751,12492.62,12492.62,3994.53,9.433,5192.89,MODERATE
POL008307,0,0,0.6164,0.690218,6946.87,6946.87,4794.86,8.8462,6233.31,MODERATE
POL008308,0,0,0.25,0.54235,7554.66,7554.66,4097.27,8.9301,5326.46,MODERATE
POL008309,0,0,0.4554,0.14422,14220.79,14220.79,2050.93,9.5625,2666.2,MODERATE
POL008310,0,0,0.237,0.354224,10503.84,10503.84,3720.72,9.2596,4836.93,MODERATE
POL008311,0,0,0.5,0.192336,10756.15,10756.15,2068.79,9.2833,2689.43,MODERATE
POL008312,0,0,0.7103,0.509195,15318.91,15318.91,7800.32,9.6369,10140.41,HIGH
POL008313,0,0,1.0,0.222861,5939.78,5939.78,1323.74,8.6896,1720.87,LOW
POL008314,0,0,0.2956,0.678414,5578.2,5578.2,3784.33,8.6268,4919.62,MODERATE
POL008315,0,0,0.25,0.87597,15800.5,15800.5,13840.77,9.6679,17993.0,VERY_HIGH
POL008316,0,0,0.7157,0.2976,16555.52,16555.52,4926.92,9.7145,6404.99,MODERATE
POL008317,0,0,0.4456,0.618626,18222.98,18222.98,11273.2,9.8105,14655.16,HIGH
POL008318,1,6972,0.5,0.815107,10076.53,10076.53,8213.45,9.2181,10677.49,HIGH
POL008319,0,0,1.0,0.567076,8385.36,8385.36,4755.14,9.0344,6181.68,MODERATE
POL008320,0,0,1.0,0.466377,6050.37,6050.37,2821.75,8.708,3668.28,MODERATE
POL008321,0,0,0.349,0.320453,10599.36,10599.36,3396.59,9.2686,4415.57,MODERATE
POL008322,0,0,1.0,0.365961,15286.13,15286.13,5594.13,9.6348,7272.37,HIGH
POL008323,0,0,0.5677,0.29158,4215.75,4215.75,1229.23,8.3468,1598.0,LOW
POL008324,0,0,1.0,0.366532,3493.65,3493.65,1280.53,8.159,1664.69,LOW
POL008325,0,0,0.3216,0.348511,8326.86,8326.86,2902.0,9.0274,3772.6,MODERATE
POL008326,0,0,0.25,0.375042,11367.89,11367.89,4263.44,9.3386,5542.47,MODERATE
POL008327,0,0,0.5094,0.544849,17117.66,17117.66,9326.53,9.7479,12124.49,HIGH
POL008328,0,0,1.0,0.357466,15163.52,15163.52,5420.45,9.6267,7046.58,MODERATE
POL008329,0,0,1.0,0.305553,7009.08,7009.08,2141.65,8.8551,2784.14,MODERATE
POL008330,0,0,0.754,0.29232,3848.48,3848.48,1124.99,8.2557,1462.48,LOW
POL008331,0,0,0.8601,0.140488,84976.76,84976.76,11938.23,11.3501,15519.7,HIGH
POL008332,0,0,0.3643,0.365868,8405.12,8405.12,3075.17,9.0367,3997.72,MODERATE
POL008333,0,0,1.0,0.612696,4923.55,4923.55,3016.64,8.502,3921.63,MODERATE
POL008334,1,2245,0.6598,0.522889,3748.3,3748.3,1959.94,8.2293,2547.93,MODERATE
POL008335,1,6734,0.4465,0.562726,6891.29,6891.29,3877.91,8.8382,5041.28,MODERATE
POL008336,1,13627,1.0,0.808335,9871.11,9871.11,7979.17,9.1975,10372.92,HIGH
POL008337,0,0,1.0,0.357896,11735.17,11735.17,4199.97,9.3704,5459.97,MODERATE
POL008338,1,17868,0.1897,0.212988,13689.46,13689.46,2915.68,9.5245,3790.39,MODERATE
POL008339,0,0,1.0,0.306568,6471.09,6471.09,1983.83,8.7753,2578.98,MODERATE
POL008340,0,0,1.0,0.24909,4827.85,4827.85,1202.57,8.4824,1563.34,LOW
POL008341,0,0,0.9558,0.502951,4365.58,4365.58,2195.67,8.3817,2854.37,MODERATE
POL008342,0,0,0.5,0.35102,7274.44,7274.44,2553.47,8.8923,3319.51,MODERATE
POL008343,0,0,0.6323,0.328712,9378.41,9378.41,3082.8,9.1463,4007.63,MODERATE
POL008344,0,0,0.5,0.603822,17414.01,17414.01,10514.97,9.7651,13669.46,HIGH
POL008345,0,0,0.4433,0.580018,4956.69,4956.69,2874.97,8.5087,3737.46,MODERATE
POL008346,1,4857,1.0,0.832339,4922.97,4922.97,4097.58,8.5019,5326.85,MODERATE
POL008347,0,0,0.5,0.246932,2938.11,2938.11,725.51,7.9859,943.17,LOW
POL008348,0,0,0.5477,0.297733,9337.5,9337.5,2780.09,9.1419,3614.11,MODERATE
POL008349,1,5494,1.0,0.73301,6211.22,6211.22,4552.89,8.7343,5918.75,MODERATE
POL008350,0,0,1.0,0.65753,5969.64,5969.64,3925.22,8.6946,5102.78,MODERATE
POL008351,0,0,0.1956,0.510423,18541.44,18541.44,9463.98,9.8278,12303.18,HIGH
POL008352,0,0,0.4694,0.673239,14012.73,14012.73,9433.92,9.5478,12264.09,HIGH
POL008353,0,0,1.0,0.423481,23617.41,23617.41,10001.52,10.0698,13001.97,HIGH
POL008354,1,16433,0.9984,0.794823,8232.7,8232.7,6543.54,9.016,8506.6,HIGH
POL008355,0,0,0.2458,0.217413,7353.06,7353.06,1598.65,8.903,2078.25,LOW
POL008356,0,0,1.0,0.3706,6809.24,6809.24,2523.5,8.8262,3280.56,MODERATE
POL008357,0,0,1.0,0.587569,14178.05,14178.05,8330.58,9.5595,10829.76,HIGH
POL008358,1,2871,1.0,0.364126,3844.32,3844.32,1399.82,8.2546,1819.76,LOW
POL008359,0,0,0.9895,0.515323,3905.14,3905.14,2012.41,8.2703,2616.13,MODERATE
POL008360,1,2844,1.0,0.646646,6790.96,6790.96,4391.35,8.8235,5708.75,MODERATE
POL008361,0,0,0.4236,0.397408,3611.6,3611.6,1435.28,8.1922,1865.86,LOW
POL008362,1,11003,0.5,0.494219,7298.49,7298.49,3607.05,8.8956,4689.17,MODERATE
POL008363,0,0,0.975,0.384941,22710.22,22710.22,8742.1,10.0306,11364.74,HIGH
POL008364,0,0,0.5,0.386136,6278.54,6278.54,2424.37,8.7451,3151.68,MODERATE
POL008365,1,1510,1.0,0.617341,4813.89,4813.89,2971.81,8.4795,3863.36,MODERATE
POL008366,0,0,0.6324,0.852126,11695.65,11695.65,9966.16,9.3671,12956.01,HIGH
POL008367,0,0,1.0,0.59558,4184.19,4184.19,2492.02,8.3393,3239.62,MODERATE
POL008368,0,0,1.0,0.361604,20835.22,20835.22,7534.09,9.9444,9794.32,HIGH
POL008369,1,6565,0.5,0.488611,4836.28,4836.28,2363.06,8.4841,3071.98,MODERATE
POL008370,0,0,1.0,0.386185,7499.62,7499.62,2896.24,8.9227,3765.12,MODERATE
POL008371,0,0,1.0,0.260541,3362.9,3362.9,876.17,8.1209,1139.02,LOW
POL008372,0,0,1.0,0.515569,5144.55,5144.55,2652.37,8.5459,3448.08,MODERATE
POL008373,0,0,1.0,0.233301,9811.65,9811.65,2289.07,9.1914,2975.79,MODERATE
POL008374,1,2648,0.6075,0.787082,5247.3,5247.3,4130.06,8.5657,5369.08,MODERATE
POL008375,0,0,1.0,0.332507,2522.57,2522.57,838.77,7.8334,1090.4,LOW
POL008376,0,0,1.0,0.807751,5636.59,5636.59,4552.96,8.6372,5918.84,MODERATE
POL008377,0,0,0.9734,0.262264,10590.15,10590.15,2777.42,9.2678,3610.65,MODERATE
POL008378,0,0,1.0,0.72188,14879.1,14879.1,10740.93,9.6078,13963.2,HIGH
POL008379,0,0,0.8252,0.224104,49763.23,49763.23,11152.13,10.8151,14497.77,HIGH
POL008380,1,3870,0.5,0.465012,12471.48,12471.48,5799.39,9.4313,7539.2,HIGH
POL008381,0,0,0.3581,0.495791,15000.42,15000.42,7437.07,9.6159,9668.19,HIGH
POL008382,0,0,1.0,0.306544,3576.49,3576.49,1096.35,8.1824,1425.26,LOW
POL008383,0,0,1.0,0.594242,6736.69,6736.69,4003.22,8.8155,5204.19,MODERATE
POL008384,0,0,0.2584,0.495367,37002.62,37002.62,18329.86,10.5188,23828.82,VERY_HIGH
POL008385,0,0,0.5,0.224395,5748.85,5748.85,1290.01,8.6569,1677.02,LOW
POL008386,0,0,0.25,0.258204,6132.33,6132.33,1583.39,8.7215,2058.41,LOW
POL008387,1,10692,0.3966,0.353182,13632.55,13632.55,4814.77,9.5203,6259.2,MODERATE
POL008388,0,0,0.5,0.411086,5056.48,5056.48,2078.65,8.5286,2702.24,MODERATE
POL008389,0,0,1.0,0.37338,4467.48,4467.48,1668.07,8.4048,2168.49,LOW
POL008390,0,0,1.0,0.352374,7002.87,7002.87,2467.63,8.8542,3207.91,MODERATE
POL008391,0,0,1.0,0.348421,6625.89,6625.89,2308.6,8.7989,3001.18,MODERATE
POL008392,0,0,0.5,0.569469,7692.59,7692.59,4380.69,8.9481,5694.89,MODERATE
POL008393,0,0,0.5093,0.315957,12620.23,12620.23,3987.45,9.4431,5183.68,MODERATE
POL008394,0,0,1.0,0.359337,5822.67,5822.67,2092.3,8.6697,2719.99,MODERATE
POL008395,0,0,0.25,0.578908,6805.8,6805.8,3939.93,8.8257,5121.91,MODERATE
POL008396,0,0,0.5,0.59762,4048.0,4048.0,2419.16,8.3062,3144.91,MODERATE
POL008397,0,0,0.8851,0.715403,15866.89,15866.89,11351.22,9.6721,14756.58,HIGH
POL008398,0,0,0.6061,0.357327,22803.17,22803.17,8148.19,10.0347,10592.65,HIGH
POL008399,0,0,0.5,0.581297,6396.03,6396.03,3718.0,8.7636,4833.39,MODERATE
POL008400,0,0,1.0,0.190471,5077.85,5077.85,967.18,8.5328,1257.34,LOW
POL008401,0,0,0.5,0.360796,6759.09,6759.09,2438.65,8.8188,3170.25,MODERATE
POL008402,0,0,0.8437,0.49226,11799.15,11799.15,5808.25,9.3759,7550.72,HIGH
POL008403,1,4417,0.25,0.829221,4711.91,4711.91,3907.21,8.4581,5079.37,MODERATE
POL008404,0,0,0.6975,0.488119,5352.05,5352.05,2612.44,8.5854,3396.17,MODERATE
POL008405,0,0,0.7837,0.561955,3234.47,3234.47,1817.63,8.0819,2362.92,MODERATE
POL008406,0,0,0.4311,0.431493,3324.35,3324.35,1434.43,8.1093,1864.76,LOW
POL008407,0,0,0.4673,0.794116,11280.48,11280.48,8958.01,9.3309,11645.41,HIGH
POL008408,0,0,1.0,0.319886,7429.07,7429.07,2376.45,8.9133,3089.39,MODERATE
POL008409,0,0,0.25,0.420612,14908.25,14908.25,6270.58,9.6097,8151.76,HIGH
POL008410,0,0,0.5,0.309535,11460.11,11460.11,3547.3,9.3467,4611.49,MODERATE
POL008411,0,0,0.3235,0.402651,22836.8,22836.8,9195.27,10.0362,11953.84,HIGH
POL008412,0,0,1.0,0.560015,6624.99,6624.99,3710.09,8.7988,4823.12,MODERATE
POL008413,0,0,0.3878,0.744649,10318.35,10318.35,7683.54,9.2418,9988.6,HIGH
POL008414,1,3559,0.25,0.871153,13656.7,13656.7,11897.08,9.5221,15466.2,HIGH
POL008415,1,5384,0.8517,0.827772,9113.15,9113.15,7543.61,9.1176,9806.69,HIGH
POL008416,1,989902,1.0,0.729224,17330.16,17330.16,12637.57,9.7603,16428.84,VERY_HIGH
POL008417,0,0,1.0,0.303569,6124.58,6124.58,1859.23,8.7202,2417.0,MODERATE
POL008418,0,0,1.0,0.407493,5879.14,5879.14,2395.71,8.6793,3114.42,MODERATE
POL008419,0,0,1.0,0.244474,5258.47,5258.47,1285.56,8.5678,1671.23,LOW
POL008420,1,15818,0.6784,0.839059,10181.2,10181.2,8542.63,9.2284,11105.42,HIGH
POL008421,0,0,0.126,0.476249,33620.84,33620.84,16011.9,10.4229,20815.47,VERY_HIGH
POL008422,1,8651,0.6896,0.442899,6352.45,6352.45,2813.49,8.7568,3657.54,MODERATE
POL008423,0,0,1.0,0.430805,4380.41,4380.41,1887.11,8.3851,2453.24,MODERATE
POL008424,0,0,0.6194,0.114003,23320.23,23320.23,2658.57,10.0571,3456.14,MODERATE
POL008425,0,0,1.0,0.324292,5224.34,5224.34,1694.21,8.5613,2202.47,LOW
POL008426,1,16533,0.3491,0.781581,16565.0,16565.0,12946.89,9.7151,16830.96,VERY_HIGH
POL008427,0,0,1.0,0.493516,5308.75,5308.75,2619.95,8.5773,3405.93,MODERATE
POL008428,0,0,1.0,0.097405,4427.62,4427.62,431.27,8.3958,560.65,LOW
POL008429,1,4116,0.8311,0.186564,5075.95,5075.95,946.99,8.5325,1231.08,LOW
POL008430,0,0,0.3254,0.390537,16187.37,16187.37,6321.77,9.692,8218.31,HIGH
POL008431,1,6153,1.0,0.787071,7025.43,7025.43,5529.51,8.8574,7188.37,HIGH
POL008432,0,0,1.0,0.477665,5060.92,5060.92,2417.43,8.5295,3142.65,MODERATE
POL008433,0,0,1.0,0.65181,10501.14,10501.14,6844.74,9.2593,8898.17,HIGH
POL008434,0,0,0.3337,0.397015,14788.02,14788.02,5871.07,9.6016,7632.39,HIGH
POL008435,0,0,0.5,0.393909,12978.31,12978.31,5112.28,9.4711,6645.96,MODERATE
POL008436,0,0,0.675,0.403852,21471.5,21471.5,8671.32,9.9745,11272.71,HIGH
POL008437,0,0,0.9725,0.184392,3158.66,3158.66,582.43,8.0582,757.16,LOW
POL008438,0,0,1.0,0.54262,37697.78,37697.78,20455.57,10.5374,26592.24,VERY_HIGH
POL008439,0,0,1.0,0.645284,7635.92,7635.92,4927.34,8.9407,6405.54,MODERATE
POL008440,0,0,0.8756,0.651898,11833.47,11833.47,7714.21,9.3788,10028.47,HIGH
POL008441,0,0,0.2996,0.483949,10050.14,10050.14,4863.76,9.2154,6322.89,MODERATE
POL008442,0,0,0.1034,0.53205,8999.33,8999.33,4788.09,9.105,6224.52,MODERATE
POL008443,1,7200,0.2966,0.82241,21885.54,21885.54,17998.9,9.9936,23398.57,VERY_HIGH
POL008444,0,0,1.0,0.185885,10018.36,10018.36,1862.27,9.2123,2420.95,MODERATE
POL008445,1,649296,0.25,0.460943,29763.47,29763.47,13719.27,10.3011,17835.05,VERY_HIGH
POL008446,1,9950,0.6477,0.540525,6484.1,6484.1,3504.81,8.7773,4556.26,MODERATE
POL008447,0,0,1.0,0.336956,7980.47,7980.47,2689.07,8.9849,3495.79,MODERATE
POL008448,0,0,0.798,0.252355,30321.87,30321.87,7651.86,10.3197,9947.42,HIGH
POL008449,1,6230,0.5,0.52412,10416.54,10416.54,5459.52,9.2512,7097.37,MODERATE
POL008450,0,0,0.1435,0.4344,9894.64,9894.64,4298.24,9.1998,5587.71,MODERATE
POL008451,0,0,1.0,0.52721,3144.88,3144.88,1658.01,8.0538,2155.41,LOW
POL008452,0,0,1.0,0.201963,5322.61,5322.61,1074.97,8.5799,1397.46,LOW
POL008453,0,0,1.0,0.719488,12013.97,12013.97,8643.9,9.3939,11237.07,HIGH
POL008454,0,0,0.7233,0.437409,1785.3,1785.3,780.91,7.4879,1015.18,LOW
POL008455,0,0,0.9292,0.79731,17804.42,17804.42,14195.65,9.7873,18454.34,VERY_HIGH
POL008456,0,0,0.2674,0.320401,33578.79,33578.79,10758.69,10.4217,13986.3,HIGH
POL008457,0,0,0.5,0.260735,4039.04,4039.04,1053.12,8.304,1369.05,LOW
POL008458,0,0,0.5,0.316167,4341.64,4341.64,1372.68,8.3762,1784.49,LOW
POL008459,0,0,1.0,0.319528,3812.32,3812.32,1218.14,8.2463,1583.59,LOW
POL008460,0,0,0.5,0.212462,6037.38,6037.38,1282.71,8.7059,1667.53,LOW
POL008461,0,0,0.25,0.386111,13180.79,13180.79,5089.25,9.4866,6616.03,MODERATE
POL008462,0,0,0.432,0.303287,6362.98,6362.98,1929.81,8.7584,2508.75,MODERATE
POL008463,0,0,1.0,0.147676,6807.69,6807.69,1005.33,8.826,1306.93,LOW
POL008464,0,0,1.0,0.260396,3742.99,3742.99,974.66,8.2279,1267.06,LOW
POL008465,0,0,0.5,0.088475,19635.8,19635.8,1737.27,9.8852,2258.46,LOW
POL008466,1,18386,1.0,0.274877,6534.2,6534.2,1796.1,8.785,2334.93,LOW
POL008467,0,0,0.5,0.242552,5139.2,5139.2,1246.53,8.5448,1620.48,LOW
POL008468,0,0,0.9226,0.112874,8856.46,8856.46,999.67,9.089,1299.57,LOW
POL008469,0,0,0.1684,0.537329,8133.35,8133.35,4370.29,9.0039,5681.38,MODERATE
POL008470,0,0,1.0,0.572935,5501.41,5501.41,3151.95,8.6129,4097.54,MODERATE
POL008471,0,0,1.0,0.155059,7894.92,7894.92,1224.18,8.9741,1591.43,LOW
POL008472,1,13125,0.3903,0.739739,17075.26,17075.26,12631.24,9.7454,16420.61,VERY_HIGH
POL008473,0,0,0.3774,0.471338,11148.78,11148.78,5254.85,9.3192,6831.3,MODERATE
POL008474,0,0,0.106,0.394007,11611.08,11611.08,4574.85,9.3598,5947.3,MODERATE
POL008475,0,0,1.0,0.879437,11494.82,11494.82,10108.97,9.3497,13141.66,HIGH
POL008476,0,0,0.4925,0.427499,5962.55,5962.55,2548.99,8.6934,3313.68,MODERATE
POL008477,0,0,1.0,0.493475,11676.29,11676.29,5761.95,9.3654,7490.54,HIGH
POL008478,0,0,1.0,0.245948,11193.3,11193.3,2752.97,9.3232,3578.86,MODERATE
POL008479,0,0,1.0,0.465247,5989.53,5989.53,2786.61,8.6979,3622.59,MODERATE
POL008480,0,0,1.0,0.522384,4594.8,4594.8,2400.25,8.4329,3120.32,MODERATE
POL008481,0,0,1.0,0.220423,4794.59,4794.59,1056.84,8.4755,1373.89,LOW
POL008482,1,10379,0.7304,0.894188,17090.84,17090.84,15282.43,9.7464,19867.16,VERY_HIGH
POL008483,1,2791,0.5,0.643469,6293.25,6293.25,4049.51,8.7474,5264.37,MODERATE
POL008484,1,2984,1.0,0.383037,4493.63,4493.63,1721.23,8.4106,2237.59,LOW
POL008485,0,0,0.5,0.435302,12920.39,12920.39,5624.27,9.4666,7311.56,HIGH
POL008486,0,0,0.5,0.499055,3503.87,3503.87,1748.62,8.1619,2273.21,LOW
POL008487,0,0,0.9337,0.188481,3845.74,3845.74,724.85,8.255,942.3,LOW
POL008488,0,0,0.5,0.503905,7401.16,7401.16,3729.48,8.9095,4848.32,MODERATE
POL008489,0,0,0.5,0.61802,4957.7,4957.7,3063.96,8.5089,3983.15,MODERATE
POL008490,1,1934,1.0,0.545443,5439.16,5439.16,2966.75,8.6016,3856.78,MODERATE
POL008491,0,0,0.3551,0.796518,8196.09,8196.09,6528.33,9.0115,8486.84,HIGH
POL008492,0,0,1.0,0.580948,3322.73,3322.73,1930.34,8.1088,2509.44,MODERATE
POL008493,0,0,0.3994,0.444532,14727.15,14727.15,6546.69,9.5975,8510.7,HIGH
POL008494,0,0,0.25,0.306637,10217.55,10217.55,3133.08,9.232,4073.0,MODERATE
POL008495,0,0,1.0,0.276326,20527.56,20527.56,5672.3,9.9296,7373.99,HIGH
POL008496,0,0,0.7882,0.628837,14583.98,14583.98,9170.94,9.5877,11922.23,HIGH
POL008497,0,0,0.5,0.372763,4424.06,4424.06,1649.13,8.395,2143.87,LOW
POL008498,0,0,0.9883,0.506695,4009.22,4009.22,2031.45,8.2966,2640.89,MODERATE
POL008499,0,0,1.0,0.19301,3892.82,3892.82,751.35,8.2671,976.76,LOW
POL008500,0,0,1.0,0.373187,5786.86,5786.86,2159.58,8.6635,2807.45,MODERATE
POL008501,0,0,1.0,0.612291,5330.19,5330.19,3263.63,8.5813,4242.72,MODERATE
POL008502,0,0,0.3676,0.220981,10091.37,10091.37,2230.0,9.2195,2899.0,MODERATE
POL008503,0,0,0.5,0.442268,5524.31,5524.31,2443.23,8.6171,3176.19,MODERATE
POL008504,0,0,1.0,0.409443,10718.05,10718.05,4388.43,9.2798,5704.97,MODERATE
POL008505,0,0,1.0,0.596732,3201.25,3201.25,1910.29,8.0716,2483.37,MODERATE
POL008506,0,0,1.0,0.376229,5592.96,5592.96,2104.24,8.6294,2735.51,MODERATE
POL008507,0,0,1.0,0.660527,4526.08,4526.08,2989.6,8.4178,3886.48,MODERATE
POL008508,0,0,0.7966,0.31632,7751.69,7751.69,2452.01,8.9558,3187.62,MODERATE
POL008509,0,0,1.0,0.220759,5185.46,5185.46,1144.74,8.5538,1488.16,LOW
POL008510,1,10120,0.5287,0.480193,15406.63,15406.63,7398.16,9.6426,9617.6,HIGH
POL008511,0,0,0.5,0.575627,9365.2,9365.2,5390.86,9.1449,7008.11,MODERATE
POL008512,0,0,1.0,0.338687,7717.49,7717.49,2613.82,8.9514,3397.96,MODERATE
POL008513,0,0,1.0,0.667442,15793.67,15793.67,10541.36,9.6674,13703.77,HIGH
POL008514,0,0,0.5,0.952849,5345.68,5345.68,5093.63,8.5842,6621.71,MODERATE
POL008515,0,0,0.826,0.309088,10359.91,10359.91,3202.12,9.2458,4162.76,MODERATE
POL008516,0,0,0.5293,0.309747,5297.91,5297.91,1641.01,8.5753,2133.32,LOW
POL008517,0,0,1.0,0.189706,4799.82,4799.82,910.56,8.4765,1183.72,LOW
POL008518,0,0,0.6503,0.298133,15077.05,15077.05,4494.96,9.621,5843.45,MODERATE
POL008519,0,0,0.5,0.399902,4019.18,4019.18,1607.28,8.2991,2089.46,LOW
POL008520,0,0,0.8935,0.550686,5541.0,5541.0,3051.35,8.6201,3966.75,MODERATE
POL008521,0,0,0.5,0.348215,13330.78,13330.78,4641.97,9.4979,6034.56,MODERATE
POL008522,0,0,0.1673,0.55468,8439.2,8439.2,4681.05,9.0408,6085.37,MODERATE
POL008523,0,0,0.3453,0.1858,32810.11,32810.11,6096.11,10.3985,7924.94,HIGH
POL008524,0,0,0.5,0.7144,2419.26,2419.26,1728.32,7.7916,2246.81,LOW
POL008525,0,0,0.8992,0.549556,13408.18,13408.18,7368.54,9.5037,9579.1,HIGH
POL008526,0,0,0.5,0.51877,4950.76,4950.76,2568.31,8.5075,3338.8,MODERATE
POL008527,0,0,1.0,0.16886,6122.97,6122.97,1033.92,8.72,1344.1,LOW
POL008528,0,0,0.5,0.339322,4162.47,4162.47,1412.42,8.3341,1836.14,LOW
POL008529,0,0,0.9781,0.412631,7672.39,7672.39,3165.87,8.9455,4115.63,MODERATE
POL008530,1,1432,1.0,0.451772,7142.25,7142.25,3226.67,8.8739,4194.67,MODERATE
POL008531,0,0,0.5,0.199982,39496.46,39496.46,7898.6,10.584,10268.18,HIGH
POL008532,0,0,1.0,0.396785,4809.85,4809.85,1908.47,8.4786,2481.01,MODERATE
POL008533,0,0,0.5802,0.462892,7471.72,7471.72,3458.6,8.919,4496.18,MODERATE
POL008534,0,0,0.4151,0.364273,11772.79,11772.79,4288.51,9.3736,5575.06,MODERATE
POL008535,0,0,1.0,0.505113,4498.49,4498.49,2272.25,8.4117,2953.92,MODERATE
POL008536,0,0,1.0,0.476595,4804.53,4804.53,2289.81,8.4775,2976.76,MODERATE
POL008537,0,0,0.25,0.239306,3695.68,3695.68,884.4,8.2152,1149.72,LOW
POL008538,1,11206,0.5,0.889474,36110.74,36110.74,32119.58,10.4944,41755.45,VERY_HIGH
POL008539,0,0,0.592,0.362162,6157.37,6157.37,2229.97,8.7256,2898.96,MODERATE
POL008540,0,0,0.8149,0.407717,5493.01,5493.01,2239.6,8.6114,2911.47,MODERATE
POL008541,0,0,0.5,0.221698,4471.52,4471.52,991.33,8.4057,1288.72,LOW
POL008542,0,0,0.5,0.662887,7227.12,7227.12,4790.76,8.8857,6227.99,MODERATE
POL008543,0,0,0.5,0.569259,20413.48,20413.48,11620.56,9.924,15106.73,HIGH
POL008544,0,0,0.25,0.226989,16704.98,16704.98,3791.84,9.7235,4929.39,MODERATE
POL008545,0,0,0.7499,0.379854,4344.62,4344.62,1650.32,8.3769,2145.42,LOW
POL008546,0,0,0.5,0.260556,9040.01,9040.01,2355.43,9.1095,3062.06,MODERATE
POL008547,1,19509,0.8215,0.659846,14624.84,14624.84,9650.14,9.5905,12545.19,HIGH
POL008548,0,0,0.5,0.338463,14158.69,14158.69,4792.2,9.5582,6229.86,MODERATE
POL008549,0,0,0.5738,0.623894,16343.56,16343.56,10196.65,9.7017,13255.65,HIGH
POL008550,0,0,0.1045,0.410908,38311.58,38311.58,15742.54,10.5535,20465.3,VERY_HIGH
POL008551,0,0,0.1668,0.39904,24206.23,24206.23,9659.24,10.0944,12557.02,HIGH
POL008552,0,0,0.3403,0.269948,5510.32,5510.32,1487.5,8.6146,1933.75,LOW
POL008553,0,0,0.658,0.389053,5704.35,5704.35,2219.29,8.6492,2885.08,MODERATE
POL008554,1,7401,1.0,0.28454,5418.68,5418.68,1541.83,8.5978,2004.38,LOW
POL008555,0,0,0.9345,0.269164,9755.47,9755.47,2625.82,9.1857,3413.57,MODERATE
POL008556,0,0,0.2882,0.714604,4989.8,4989.8,3565.73,8.5154,4635.45,MODERATE
POL008557,0,0,1.0,0.309533,21281.32,21281.32,6587.26,9.9656,8563.44,HIGH
POL008558,0,0,0.9524,0.344222,11564.14,11564.14,3980.64,9.3558,5174.83,MODERATE
POL008559,0,0,0.5,0.424204,8383.19,8383.19,3556.18,9.0341,4623.04,MODERATE
POL008560,0,0,1.0,0.496552,6226.85,6226.85,3091.96,8.7368,4019.55,MODERATE
POL008561,0,0,1.0,0.649634,6661.75,6661.75,4327.7,8.8043,5626.01,MODERATE
POL008562,0,0,0.446,0.311788,14719.17,14719.17,4589.27,9.597,5966.05,MODERATE
POL008563,0,0,0.5,0.223037,5354.41,5354.41,1194.23,8.5859,1552.5,LOW
POL008564,0,0,0.1724,0.286713,14096.98,14096.98,4041.79,9.5538,5254.32,MODERATE
POL008565,0,0,1.0,0.217758,8800.23,8800.23,1916.32,9.0826,2491.21,MODERATE
POL008566,0,0,0.25,0.671559,17609.75,17609.75,11826.0,9.7763,15373.79,HIGH
POL008567,0,0,0.1552,0.172998,50582.27,50582.27,8750.63,10.8314,11375.82,HIGH
POL008568,0,0,0.25,0.635387,9648.16,9648.16,6130.31,9.1746,7969.41,HIGH
POL008569,0,0,1.0,0.481019,5182.7,5182.7,2492.98,8.5533,3240.87,MODERATE
POL008570,0,0,0.9352,0.340629,5593.18,5593.18,1905.2,8.6295,2476.76,MODERATE
POL008571,0,0,0.5,0.326451,3980.81,3980.81,1299.54,8.2895,1689.4,LOW
POL008572,0,0,0.5333,0.29052,9056.51,9056.51,2631.1,9.1113,3420.43,MODERATE
POL008573,0,0,0.8709,0.128011,7962.49,7962.49,1019.29,8.9826,1325.08,LOW
POL008574,0,0,0.5,0.621559,9405.43,9405.43,5846.02,9.1491,7599.83,HIGH
POL008575,0,0,0.5831,0.215871,3546.05,3546.05,765.49,8.1739,995.14,LOW
POL008576,1,9300,0.4112,0.333357,18157.03,18157.03,6052.78,9.8069,7868.62,HIGH
POL008577,0,0,0.6328,0.350788,11639.84,11639.84,4083.11,9.3623,5308.05,MODERATE
POL008578,0,0,0.4034,0.219654,10248.08,10248.08,2251.04,9.2349,2926.35,MODERATE
POL008579,0,0,1.0,0.318482,4894.35,4894.35,1558.76,8.496,2026.39,LOW
POL008580,0,0,1.0,0.203584,3279.68,3279.68,667.69,8.0958,868.0,LOW
POL008581,0,0,0.8288,0.216263,5182.83,5182.83,1120.85,8.5533,1457.11,LOW
POL008582,0,0,1.0,0.198576,5811.47,5811.47,1154.02,8.6678,1500.23,LOW
POL008583,0,0,0.2597,0.475942,12901.84,12901.84,6140.53,9.4652,7982.69,HIGH
POL008584,0,0,0.25,0.525068,30619.11,30619.11,16077.11,10.3294,20900.25,VERY_HIGH
POL008585,0,0,0.25,0.348157,4752.46,4752.46,1654.6,8.4666,2150.98,LOW
POL008586,0,0,0.7905,0.689496,10518.96,10518.96,7252.78,9.261,9428.62,HIGH
POL008587,0,0,0.5,0.359317,23694.31,23694.31,8513.77,10.073,11067.91,HIGH
POL008588,0,0,0.4872,0.24712,5828.14,5828.14,1440.25,8.6706,1872.33,LOW
POL008589,0,0,1.0,0.288547,25472.95,25472.95,7350.15,10.1454,9555.19,HIGH
POL008590,0,0,0.5,0.452865,3262.38,3262.38,1477.42,8.0905,1920.65,LOW
POL008591,0,0,0.2987,0.221698,15132.31,15132.31,3354.81,9.6247,4361.25,MODERATE
POL008592,0,0,0.1613,0.293612,33565.0,33565.0,9855.1,10.4213,12811.63,HIGH
POL008593,0,0,0.25,0.446829,4000.5,4000.5,1787.54,8.2944,2323.8,LOW
POL008594,0,0,0.5,0.182136,178935.67,178935.67,32590.64,12.0948,42367.83,VERY_HIGH
POL008595,0,0,0.8704,0.436166,4945.24,4945.24,2156.95,8.5064,2804.03,MODERATE
POL008596,0,0,0.25,0.658205,8033.51,8033.51,5287.7,8.9915,6874.01,MODERATE
POL008597,0,0,1.0,0.218399,5070.47,5070.47,1107.39,8.5314,1439.6,LOW
POL008598,0,0,0.5,0.22998,28006.19,28006.19,6440.87,10.2402,8373.13,HIGH
POL008599,0,0,0.3078,0.538745,29975.08,29975.08,16148.93,10.3082,20993.6,VERY_HIGH
POL008600,0,0,0.5,0.466372,15443.14,15443.14,7202.25,9.645,9362.92,HIGH
POL008601,0,0,0.2001,0.208618,25447.46,25447.46,5308.8,10.1444,6901.44,MODERATE
POL008602,0,0,1.0,0.304721,3963.06,3963.06,1207.63,8.285,1569.92,LOW
POL008603,0,0,1.0,0.529705,10371.83,10371.83,5494.01,9.2469,7142.22,MODERATE
POL008604,0,0,0.25,0.180278,5419.24,5419.24,976.97,8.5979,1270.06,LOW
POL008605,0,0,0.7474,0.395913,7498.9,7498.9,2968.91,8.9226,3859.59,MODERATE
POL008606,0,0,0.8168,0.427272,14030.98,14030.98,5995.04,9.5491,7793.55,HIGH
POL008607,1,2886,0.5,0.34988,3461.88,3461.88,1211.24,8.1499,1574.62,LOW
POL008608,0,0,0.25,0.338486,27603.38,27603.38,9343.35,10.2257,12146.35,HIGH
POL008609,0,0,1.0,0.616396,5613.02,5613.02,3459.84,8.633,4497.79,MODERATE
POL008610,0,0,0.25,0.243025,8751.6,8751.6,2126.86,9.0771,2764.92,MODERATE
POL008611,1,4704,1.0,0.874499,7875.23,7875.23,6886.89,8.9716,8952.95,HIGH
POL008612,0,0,0.3768,0.195463,35346.38,35346.38,6908.92,10.473,8981.6,HIGH
POL008613,0,0,0.6864,0.312138,6992.53,6992.53,2182.64,8.8527,2837.43,MODERATE
POL008614,0,0,0.5,0.480324,4253.66,4253.66,2043.13,8.3558,2656.07,MODERATE
POL008615,0,0,0.6744,0.5715,6293.77,6293.77,3596.89,8.7475,4675.95,MODERATE
POL008616,0,0,0.25,0.465959,6246.18,6246.18,2910.47,8.7399,3783.61,MODERATE
POL008617,0,0,0.5,0.32191,13172.78,13172.78,4240.45,9.486,5512.59,MODERATE
POL008618,1,1038270,0.4763,0.920445,61307.9,61307.9,56430.55,11.0237,73359.72,VERY_HIGH
POL008619,0,0,0.5,0.444012,2713.1,2713.1,1204.65,7.9062,1566.04,LOW
POL008620,0,0,0.296,0.534233,6171.55,6171.55,3297.04,8.7279,4286.15,MODERATE
POL008621,0,0,1.0,0.407294,19828.86,19828.86,8076.17,9.8949,10499.02,HIGH
POL008622,0,0,1.0,0.462995,5963.59,5963.59,2761.11,8.6936,3589.44,MODERATE
POL008623,1,5232,1.0,0.432693,14491.34,14491.34,6270.3,9.5814,8151.39,HIGH
POL008624,0,0,0.8852,0.584576,26364.9,26364.9,15412.29,10.1798,20035.98,VERY_HIGH
POL008625,1,11202,0.2896,0.714872,17422.63,17422.63,12454.95,9.7656,16191.44,VERY_HIGH
POL008626,0,0,0.9532,0.25594,5862.66,5862.66,1500.49,8.6765,1950.63,LOW
POL008627,0,0,1.0,0.743307,9805.3,9805.3,7288.35,9.1908,9474.85,HIGH
POL008628,0,0,0.25,0.405898,18629.57,18629.57,7561.7,9.8326,9830.22,HIGH
POL008629,0,0,0.4587,0.777905,18442.01,18442.01,14346.14,9.8224,18649.98,VERY_HIGH
POL008630,1,7195,0.4178,0.445605,3601.79,3601.79,1604.98,8.1895,2086.47,LOW
POL008631,1,9448,0.7146,0.750536,7060.01,7060.01,5298.79,8.8623,6888.43,MODERATE
POL008632,0,0,0.8679,0.491262,13571.04,13571.04,6666.94,9.5158,8667.02,HIGH
POL008633,0,0,0.5,0.272196,8524.49,8524.49,2320.33,9.0508,3016.43,MODERATE
POL008634,0,0,0.5,0.544905,4041.4,4041.4,2202.18,8.3046,2862.84,MODERATE
POL008635,0,0,0.8938,0.29964,8063.6,8063.6,2416.18,8.9952,3141.03,MODERATE
POL008636,0,0,0.2308,0.478711,10876.91,10876.91,5206.89,9.2945,6768.96,MODERATE
POL008637,0,0,0.3934,0.35324,15080.18,15080.18,5326.93,9.6212,6925.01,MODERATE
POL008638,0,0,1.0,0.215162,3853.31,3853.31,829.09,8.2569,1077.81,LOW
POL008639,0,0,0.2216,0.212445,20681.18,20681.18,4393.61,9.937,5711.69,MODERATE
POL008640,0,0,1.0,0.268404,4994.97,4994.97,1340.67,8.5164,1742.87,LOW
POL008641,1,12168,0.5871,0.761801,8529.09,8529.09,6497.47,9.0514,8446.72,HIGH
POL008642,0,0,0.6546,0.402214,3431.38,3431.38,1380.15,8.141,1794.2,LOW
POL008643,0,0,0.1863,0.315889,42093.23,42093.23,13296.77,10.6477,17285.8,VERY_HIGH
POL008644,0,0,1.0,0.171485,4696.33,4696.33,805.35,8.4547,1046.96,LOW
POL008645,0,0,0.1912,0.274505,17658.35,17658.35,4847.31,9.779,6301.51,MODERATE
POL008646,0,0,0.8768,0.399527,9374.49,9374.49,3745.36,9.1459,4868.97,MODERATE
POL008647,0,0,0.9407,0.421089,22567.76,22567.76,9503.03,10.0243,12353.94,HIGH
POL008648,0,0,0.5,0.397114,6292.37,6292.37,2498.79,8.7473,3248.43,MODERATE
POL008649,0,0,0.5,0.678354,27775.16,27775.16,18841.39,10.2319,24493.81,VERY_HIGH
POL008650,0,0,0.5,0.37876,6238.55,6238.55,2362.91,8.7387,3071.79,MODERATE
POL008651,0,0,1.0,0.616664,11342.57,11342.57,6994.55,9.3364,9092.92,HIGH
POL008652,1,19771,0.25,0.690274,10423.49,10423.49,7195.07,9.2519,9353.59,HIGH
POL008653,0,0,0.898,0.568016,4754.76,4754.76,2700.78,8.4671,3511.01,MODERATE
POL008654,0,0,0.3591,0.230594,16591.69,16591.69,3825.95,9.7167,4973.73,MODERATE
POL008655,0,0,1.0,0.384447,10610.04,10610.04,4079.0,9.2697,5302.7,MODERATE
POL008656,1,18415,0.2333,0.368486,18543.08,18543.08,6832.87,9.8279,8882.74,HIGH
POL008657,0,0,0.6654,0.247502,6394.96,6394.96,1582.77,8.7634,2057.6,LOW
POL008658,0,0,0.2773,0.267527,11978.91,11978.91,3204.69,9.391,4166.09,MODERATE
POL008659,0,0,1.0,0.340066,4952.71,4952.71,1684.25,8.5079,2189.52,LOW
POL008660,1,10654,0.25,0.787242,11643.66,11643.66,9166.38,9.3626,11916.29,HIGH
POL008661,0,0,0.5,0.678067,12540.98,12540.98,8503.62,9.4368,11054.71,HIGH
POL008662,0,0,1.0,0.76047,3664.74,3664.74,2786.92,8.2068,3623.0,MODERATE
POL008663,1,7332,1.0,0.580238,9590.6,9590.6,5564.83,9.1686,7234.28,HIGH
POL008664,0,0,0.3276,0.332479,30715.42,30715.42,10212.23,10.3326,13275.9,HIGH
POL008665,0,0,1.0,0.328238,9009.17,9009.17,2957.15,9.1061,3844.29,MODERATE
POL008666,0,0,0.5,0.328483,5972.17,5972.17,1961.76,8.695,2550.29,MODERATE
POL008667,0,0,0.5,0.444883,17940.7,17940.7,7981.51,9.7949,10375.96,HIGH
POL008668,0,0,0.6087,0.671502,9364.11,9364.11,6288.02,9.1447,8174.42,HIGH
POL008669,0,0,1.0,0.728487,5018.23,5018.23,3655.71,8.521,4752.42,MODERATE
POL008670,1,9775,0.6311,0.949757,17840.18,17840.18,16943.83,9.7893,22026.98,VERY_HIGH
POL008671,0,0,1.0,0.40058,8650.11,8650.11,3465.06,9.0654,4504.57,MODERATE
POL008672,1,9303,0.7062,0.88062,5391.09,5391.09,4747.51,8.5927,6171.76,MODERATE
POL008673,1,6483,0.1813,0.461471,11558.78,11558.78,5334.05,9.3553,6934.26,MODERATE
POL008674,0,0,0.4482,0.645785,4279.81,4279.81,2763.84,8.3619,3592.99,MODERATE
POL008675,0,0,0.6549,0.381705,10413.44,10413.44,3974.86,9.2509,5167.31,MODERATE
POL008676,0,0,0.8384,0.283405,5013.08,5013.08,1420.73,8.52,1846.95,LOW
POL008677,0,0,1.0,0.748848,7021.07,7021.07,5257.71,8.8568,6835.02,MODERATE
POL008678,0,0,0.5,0.823381,6916.34,6916.34,5694.78,8.8418,7403.22,HIGH
POL008679,1,2031,0.439,0.358669,4605.72,4605.72,1651.93,8.4353,2147.5,LOW
POL008680,0,0,1.0,0.210984,4263.28,4263.28,899.49,8.358,1169.33,LOW
POL008681,0,0,0.5,0.138513,8849.61,8849.61,1225.78,9.0882,1593.52,LOW
POL008682,0,0,0.25,0.374635,4631.23,4631.23,1735.02,8.4408,2255.53,LOW
POL008683,0,0,1.0,0.339496,4762.96,4762.96,1617.0,8.4688,2102.11,LOW
POL008684,0,0,1.0,0.265173,5679.82,5679.82,1506.13,8.6449,1957.97,LOW
POL008685,0,0,0.8358,0.288268,20679.74,20679.74,5961.31,9.937,7749.71,HIGH
POL008686,0,0,0.25,0.519556,5069.78,5069.78,2634.04,8.5312,3424.25,MODERATE
POL008687,0,0,0.9336,0.146291,11300.91,11300.91,1653.22,9.3327,2149.19,LOW
POL008688,0,0,0.3665,0.417784,6121.04,6121.04,2557.27,8.7197,3324.45,MODERATE
POL008689,0,0,1.0,0.39547,8411.99,8411.99,3326.69,9.0375,4324.7,MODERATE
POL008690,0,0,0.5,0.234015,6101.78,6101.78,1427.91,8.7165,1856.28,LOW
POL008691,0,0,1.0,0.169234,6502.66,6502.66,1100.47,8.7801,1430.61,LOW
POL008692,0,0,1.0,0.408311,5672.04,5672.04,2315.96,8.6435,3010.75,MODERATE
POL008693,0,0,0.6896,0.4679,4671.9,4671.9,2185.98,8.4495,2841.78,MODERATE
POL008694,0,0,0.6817,0.547938,4811.37,4811.37,2636.33,8.4789,3427.23,MODERATE
POL008695,0,0,1.0,0.455787,12076.36,12076.36,5504.25,9.3991,7155.52,HIGH
POL008696,0,0,1.0,0.460425,6766.71,6766.71,3115.57,8.8199,4050.24,MODERATE
POL008697,1,3877,1.0,0.694005,6598.71,6598.71,4579.54,8.7948,5953.4,MODERATE
POL008698,0,0,1.0,0.480542,7621.38,7621.38,3662.39,8.9388,4761.11,MODERATE
POL008699,0,0,0.9122,0.52714,18564.79,18564.79,9786.25,9.8291,12722.13,HIGH
POL008700,0,0,0.614,0.439415,18427.85,18427.85,8097.47,9.8217,10526.71,HIGH
POL008701,0,0,0.25,0.420206,5188.25,5188.25,2180.14,8.5543,2834.18,MODERATE
POL008702,0,0,1.0,0.345537,5900.09,5900.09,2038.7,8.6829,2650.31,MODERATE
POL008703,1,25563,0.423,0.353688,14300.15,14300.15,5057.79,9.5681,6575.13,MODERATE
POL008704,0,0,0.3663,0.403386,4265.78,4265.78,1720.75,8.3586,2236.98,LOW
POL008705,0,0,0.5,0.258584,4112.5,4112.5,1063.43,8.322,1382.46,LOW
POL008706,0,0,0.8484,0.616887,12872.89,12872.89,7941.12,9.463,10323.45,HIGH
POL008707,0,0,1.0,0.252805,13021.58,13021.58,3291.92,9.4744,4279.5,MODERATE
POL008708,0,0,0.3375,0.213791,11409.03,11409.03,2439.15,9.3422,3170.89,MODERATE
POL008709,0,0,0.8189,0.692464,22895.2,22895.2,15854.1,10.0387,20610.32,VERY_HIGH
POL008710,0,0,0.1918,0.450269,15741.19,15741.19,7087.77,9.6641,9214.1,HIGH
POL008711,0,0,0.1696,0.618507,22785.31,22785.31,14092.87,10.0339,18320.73,VERY_HIGH
POL008712,1,1734,1.0,0.674861,5299.71,5299.71,3576.57,8.5756,4649.54,MODERATE
POL008713,0,0,0.25,0.848252,11235.09,11235.09,9530.18,9.3269,12389.24,HIGH
POL008714,0,0,1.0,0.294613,6722.52,6722.52,1980.54,8.8134,2574.7,MODERATE
POL008715,0,0,0.2635,0.496446,28662.85,28662.85,14229.57,10.2634,18498.44,VERY_HIGH
POL008716,0,0,1.0,0.465053,9678.8,9678.8,4501.16,9.1778,5851.5,MODERATE
POL008717,0,0,0.1931,0.207752,15928.81,15928.81,3309.25,9.6759,4302.02,MODERATE
POL008718,0,0,0.9184,0.317488,9052.85,9052.85,2874.17,9.1109,3736.42,MODERATE
POL008719,0,0,1.0,0.256138,10582.48,10582.48,2710.58,9.267,3523.75,MODERATE
POL008720,1,5392,0.5,0.70853,7244.05,7244.05,5132.63,8.8881,6672.42,MODERATE
POL008721,0,0,0.5,0.580252,6456.57,6456.57,3746.44,8.773,4870.37,MODERATE
POL008722,0,0,0.6489,0.453649,8130.23,8130.23,3688.27,9.0035,4794.75,MODERATE
POL008723,0,0,0.5,0.705514,5964.25,5964.25,4207.86,8.6937,5470.21,MODERATE
POL008724,0,0,0.5261,0.13194,15463.79,15463.79,2040.28,9.6463,2652.37,MODERATE
POL008725,0,0,0.5,0.459972,20267.1,20267.1,9322.29,9.9168,12118.98,HIGH
POL008726,0,0,1.0,0.688103,8770.57,8770.57,6035.06,9.0793,7845.57,HIGH
POL008727,0,0,0.25,0.235452,6188.1,6188.1,1457.0,8.7305,1894.1,LOW
POL008728,0,0,1.0,0.298412,19132.1,19132.1,5709.24,9.8592,7422.01,HIGH
POL008729,1,10467,1.0,0.544465,3865.63,3865.63,2104.7,8.2601,2736.11,MODERATE
POL008730,0,0,0.1957,0.292955,10616.94,10616.94,3110.28,9.2703,4043.37,MODERATE
POL008731,0,0,0.2441,0.124849,18612.27,18612.27,2323.72,9.8316,3020.84,MODERATE
POL008732,0,0,0.5,0.695847,7901.85,7901.85,5498.48,8.975,7148.02,MODERATE
POL008733,0,0,0.3063,0.627361,5623.37,5623.37,3527.88,8.6349,4586.25,MODERATE
POL008734,0,0,0.5238,0.682298,3187.05,3187.05,2174.52,8.0672,2826.87,MODERATE
POL008735,0,0,0.5,0.650185,5265.25,5265.25,3423.38,8.5691,4450.4,MODERATE
POL008736,0,0,0.8901,0.700726,3039.33,3039.33,2129.74,8.0197,2768.66,MODERATE
POL008737,0,0,0.1802,0.255316,8381.41,8381.41,2139.9,9.0339,2781.88,MODERATE
POL008738,0,0,0.2239,0.562686,10315.35,10315.35,5804.31,9.2415,7545.6,HIGH
POL008739,1,3108,0.25,0.821753,3920.83,3920.83,3221.95,8.2743,4188.54,MODERATE
POL008740,0,0,0.4807,0.208304,11058.9,11058.9,2303.62,9.3111,2994.7,MODERATE
POL008741,0,0,0.5327,0.393503,5350.62,5350.62,2105.49,8.5852,2737.14,MODERATE
POL008742,0,0,0.5186,0.593302,10867.43,10867.43,6447.68,9.2936,8381.98,HIGH
POL008743,0,0,1.0,0.424412,9419.64,9419.64,3997.81,9.1507,5197.15,MODERATE
POL008744,0,0,0.5059,0.858639,31677.67,31677.67,27199.69,10.3634,35359.59,VERY_HIGH
POL008745,0,0,0.5696,0.268694,4200.43,4200.43,1128.63,8.3432,1467.22,LOW
POL008746,1,3429,0.5215,0.734736,5873.95,5873.95,4315.8,8.6785,5610.55,MODERATE
POL008747,0,0,0.5,0.41407,7540.17,7540.17,3122.16,8.9281,4058.81,MODERATE
POL008748,0,0,0.5,0.354384,4029.66,4029.66,1428.05,8.3017,1856.46,LOW
POL008749,1,1363,0.25,0.364769,3040.48,3040.48,1109.07,8.0201,1441.79,LOW
POL008750,0,0,0.6736,0.578838,5017.59,5017.59,2904.37,8.5209,3775.68,MODERATE
POL008751,0,0,0.5185,0.451476,11187.65,11187.65,5050.95,9.3227,6566.24,MODERATE
POL008752,0,0,0.6509,0.28147,11736.79,11736.79,3303.56,9.3706,4294.63,MODERATE
POL008753,0,0,0.4841,0.407074,11744.12,11744.12,4780.73,9.3712,6214.95,MODERATE
POL008754,0,0,0.25,0.404726,7012.67,7012.67,2838.21,8.8556,3689.67,MODERATE
POL008755,0,0,0.5,0.458101,3075.15,3075.15,1408.73,8.0314,1831.35,LOW
POL008756,0,0,0.25,0.510616,20347.84,20347.84,10389.93,9.9208,13506.91,HIGH
POL008757,0,0,0.2517,0.228555,6637.84,6637.84,1517.11,8.8007,1972.25,LOW
POL008758,0,0,1.0,0.569973,7480.12,7480.12,4263.47,8.9201,5542.51,MODERATE
POL008759,1,3752,1.0,0.30003,8233.86,8233.86,2470.4,9.0161,3211.52,MODERATE
POL008760,0,0,1.0,0.379696,9862.74,9862.74,3744.84,9.1966,4868.29,MODERATE
POL008761,0,0,0.25,0.405411,53859.13,53859.13,21835.1,10.8941,28385.63,VERY_HIGH
POL008762,0,0,0.7381,0.419041,4240.22,4240.22,1776.83,8.3526,2309.88,LOW
POL008763,0,0,0.1684,0.112843,18323.85,18323.85,2067.72,9.816,2688.03,MODERATE
POL008764,0,0,0.5,0.244805,21622.69,21622.69,5293.34,9.9815,6881.34,MODERATE
POL008765,0,0,0.8732,0.767303,6264.74,6264.74,4806.95,8.7429,6249.04,MODERATE
POL008766,0,0,0.5,0.250754,10797.94,10797.94,2707.62,9.2872,3519.91,MODERATE
POL008767,0,0,1.0,0.658584,5670.92,5670.92,3734.77,8.6433,4855.2,MODERATE
POL008768,0,0,0.25,0.3341,3482.15,3482.15,1163.38,8.1557,1512.4,LOW
POL008769,0,0,1.0,0.739879,4371.62,4371.62,3234.47,8.3831,4204.81,MODERATE
POL008770,0,0,1.0,0.42372,5007.78,5007.78,2121.9,8.5189,2758.47,MODERATE
POL008771,1,11310,0.4346,0.659997,9869.51,9869.51,6513.84,9.1973,8468.0,HIGH
POL008772,0,0,0.8471,0.437679,6272.13,6272.13,2745.18,8.744,3568.73,MODERATE
POL008773,0,0,1.0,0.453169,4844.91,4844.91,2195.56,8.4859,2854.23,MODERATE
POL008774,0,0,1.0,0.478309,2984.04,2984.04,1427.29,8.0014,1855.48,LOW
POL008775,0,0,0.5191,0.202327,9770.98,9770.98,1976.94,9.1873,2570.02,MODERATE
POL008776,0,0,0.5851,0.567571,14133.78,14133.78,8021.92,9.5564,10428.5,HIGH
POL008777,0,0,1.0,0.236003,7695.35,7695.35,1816.13,8.9485,2360.97,MODERATE
POL008778,0,0,0.5,0.273652,5489.87,5489.87,1502.32,8.6108,1953.01,LOW
POL008779,0,0,0.5,0.492192,6908.44,6908.44,3400.28,8.8406,4420.36,MODERATE
POL008780,0,0,0.6137,0.337093,8987.9,8987.9,3029.76,9.1037,3938.69,MODERATE
POL008781,0,0,0.2779,0.325096,10169.5,10169.5,3306.06,9.2272,4297.88,MODERATE
POL008782,0,0,0.1636,0.512113,24593.77,24593.77,12594.79,10.1103,16373.22,VERY_HIGH
POL008783,0,0,0.5095,0.228808,4049.68,4049.68,926.6,8.3066,1204.58,LOW
POL008784,0,0,1.0,0.456971,5627.71,5627.71,2571.7,8.6356,3343.21,MODERATE
POL008785,0,0,1.0,0.763729,5298.77,5298.77,4046.83,8.5754,5260.87,MODERATE
POL008786,0,0,1.0,0.386741,3711.53,3711.53,1435.4,8.2195,1866.02,LOW
POL008787,0,0,0.5,0.410478,16744.03,16744.03,6873.05,9.7259,8934.97,HIGH
POL008788,1,13600,0.3019,0.543767,16505.02,16505.02,8974.88,9.7115,11667.35,HIGH
POL008789,1,6081,0.7551,0.862891,19816.55,19816.55,17099.52,9.8943,22229.37,VERY_HIGH
POL008790,0,0,0.5,0.398345,20949.04,20949.04,8344.94,9.9499,10848.42,HIGH
POL008791,0,0,1.0,0.383508,5841.53,5841.53,2240.27,8.6729,2912.35,MODERATE
POL008792,0,0,0.293,0.313223,12613.7,12613.7,3950.9,9.4426,5136.17,MODERATE
POL008793,0,0,1.0,0.140267,4514.3,4514.3,633.21,8.4152,823.17,LOW
POL008794,1,525687,0.2301,0.800396,19108.23,19108.23,15294.15,9.8579,19882.4,VERY_HIGH
POL008795,0,0,0.7872,0.378764,5253.54,5253.54,1989.85,8.5668,2586.81,MODERATE
POL008796,0,0,0.531,0.457564,3519.0,3519.0,1610.17,8.1662,2093.22,LOW
POL008797,0,0,1.0,0.29107,6996.44,6996.44,2036.45,8.8533,2647.39,MODERATE
POL008798,1,980507,0.2661,0.708074,16316.94,16316.94,11553.59,9.7,15019.67,HIGH
POL008799,1,11034,0.25,0.862076,6242.55,6242.55,5381.56,8.7393,6996.02,MODERATE
POL008800,1,2874,0.5365,0.820221,6028.51,6028.51,4944.71,8.7044,6428.12,MODERATE
POL008801,1,25513,0.5,0.596205,17843.1,17843.1,10638.14,9.7894,13829.58,HIGH
POL008802,0,0,1.0,0.474338,4823.39,4823.39,2287.92,8.4814,2974.29,MODERATE
POL008803,0,0,0.4015,0.198324,10828.87,10828.87,2147.62,9.2901,2791.91,MODERATE
POL008804,0,0,1.0,0.485022,12968.41,12968.41,6289.96,9.4703,8176.95,HIGH
POL008805,0,0,0.4676,0.280232,39203.58,39203.58,10986.09,10.5765,14281.92,HIGH
POL008806,0,0,0.6089,0.281652,9511.81,9511.81,2679.02,9.1604,3482.72,MODERATE
POL008807,0,0,0.7146,0.797705,6366.08,6366.08,5078.26,8.7589,6601.73,MODERATE
POL008808,0,0,0.7369,0.43216,10640.54,10640.54,4598.42,9.2725,5977.94,MODERATE
POL008809,1,24470,0.5554,0.355021,16425.66,16425.66,5831.46,9.7067,7580.9,HIGH
POL008810,0,0,0.8801,0.10688,17359.71,17359.71,1855.41,9.762,2412.04,MODERATE
POL008811,0,0,1.0,0.494822,13030.94,13030.94,6447.99,9.4752,8382.39,HIGH
POL008812,0,0,1.0,0.81141,5189.27,5189.27,4210.63,8.5545,5473.81,MODERATE
POL008813,0,0,0.25,0.672732,7925.8,7925.8,5331.94,8.978,6931.52,MODERATE
POL008814,0,0,0.4823,0.229752,20844.28,20844.28,4789.02,9.9449,6225.73,MODERATE
POL008815,1,14748,0.3774,0.415108,28070.36,28070.36,11652.23,10.2425,15147.9,HIGH
POL008816,0,0,0.59,0.439688,10926.6,10926.6,4804.29,9.299,6245.58,MODERATE
POL008817,0,0,0.7155,0.367752,5982.12,5982.12,2199.94,8.6967,2859.92,MODERATE
POL008818,0,0,1.0,0.539086,11020.36,11020.36,5940.93,9.3076,7723.21,HIGH
POL008819,0,0,1.0,0.638721,4341.83,4341.83,2773.22,8.3763,3605.18,MODERATE
POL008820,1,6909,0.2877,0.600705,3383.01,3383.01,2032.19,8.1268,2641.84,MODERATE
POL008821,1,6059,1.0,0.880987,4628.74,4628.74,4077.86,8.4403,5301.21,MODERATE
POL008822,0,0,0.3098,0.530205,14500.96,14500.96,7688.47,9.582,9995.02,HIGH
POL008823,0,0,1.0,0.468084,3210.71,3210.71,1502.88,8.0746,1953.74,LOW
POL008824,0,0,0.9914,0.853578,6417.78,6417.78,5478.07,8.767,7121.5,MODERATE
POL008825,0,0,0.4785,0.440506,5258.11,5258.11,2316.23,8.5677,3011.1,MODERATE
POL008826,0,0,0.25,0.393586,21250.02,21250.02,8363.72,9.9642,10872.84,HIGH
POL008827,0,0,0.5,0.32743,15510.58,15510.58,5078.63,9.6493,6602.22,MODERATE
POL008828,0,0,0.4247,0.414872,13950.16,13950.16,5787.53,9.5433,7523.8,HIGH
POL008829,0,0,1.0,0.676511,7211.06,7211.06,4878.36,8.8835,6341.87,MODERATE
POL008830,1,10698,1.0,0.46231,4773.33,4773.33,2206.76,8.471,2868.79,MODERATE
POL008831,0,0,0.4505,0.7649,16865.98,16865.98,12900.8,9.7331,16771.04,VERY_HIGH
POL008832,0,0,1.0,0.576531,5686.37,5686.37,3278.37,8.646,4261.88,MODERATE
POL008833,0,0,1.0,0.360469,3336.05,3336.05,1202.54,8.1128,1563.31,LOW
POL008834,0,0,0.25,0.855398,7653.55,7653.55,6546.84,8.9431,8510.89,HIGH
POL008835,0,0,0.25,0.304253,50904.44,50904.44,15487.84,10.8377,20134.19,VERY_HIGH
POL008836,0,0,0.9925,0.775205,9330.64,9330.64,7233.16,9.1412,9403.11,HIGH
POL008837,0,0,1.0,0.458191,4700.23,4700.23,2153.6,8.4556,2799.68,MODERATE
POL008838,0,0,0.1773,0.372913,15816.75,15816.75,5898.28,9.6689,7667.76,HIGH
POL008839,1,19185,0.2345,0.746115,23304.86,23304.86,17388.11,10.0565,22604.54,VERY_HIGH
POL008840,0,0,1.0,0.340311,11206.87,11206.87,3813.82,9.3244,4957.96,MODERATE
POL008841,1,3522,1.0,0.814662,6707.19,6707.19,5464.09,8.8111,7103.32,MODERATE
POL008842,1,867425,1.0,0.595126,22291.98,22291.98,13266.55,10.012,17246.51,VERY_HIGH
POL008843,0,0,1.0,0.872751,5246.19,5246.19,4578.61,8.5654,5952.2,MODERATE
POL008844,0,0,0.25,0.494251,8585.68,8585.68,4243.48,9.058,5516.53,MODERATE
POL008845,0,0,0.4361,0.450605,16035.43,16035.43,7225.65,9.6826,9393.35,HIGH
POL008846,1,18745,0.5,0.772335,11617.71,11617.71,8972.76,9.3604,11664.59,HIGH
POL008847,0,0,0.5,0.217755,19119.02,19119.02,4163.26,9.8585,5412.23,MODERATE
POL008848,1,2861,1.0,0.485878,7135.37,7135.37,3466.92,8.873,4506.99,MODERATE
POL008849,0,0,1.0,0.886813,4585.27,4585.27,4066.28,8.4308,5286.16,MODERATE
POL008850,0,0,0.3958,0.493662,7517.95,7517.95,3711.33,8.9252,4824.73,MODERATE
POL008851,1,7412,0.4313,0.648383,22415.27,22415.27,14533.68,10.0175,18893.78,VERY_HIGH
POL008852,0,0,1.0,0.725239,7783.85,7783.85,5645.15,8.9599,7338.7,HIGH
POL008853,0,0,0.5572,0.099314,5697.95,5697.95,565.89,8.648,735.65,LOW
POL008854,0,0,0.9186,0.212141,4520.14,4520.14,958.91,8.4165,1246.58,LOW
POL008855,0,0,1.0,0.440619,3501.78,3501.78,1542.95,8.1613,2005.84,LOW
POL008856,0,0,0.8895,0.337685,9598.69,9598.69,3241.33,9.1695,4213.73,MODERATE
POL008857,0,0,0.9503,0.527821,17408.51,17408.51,9188.58,9.7648,11945.15,HIGH
POL008858,1,5873,1.0,0.848153,6732.32,6732.32,5710.03,8.8148,7423.04,HIGH
POL008859,0,0,1.0,0.666856,4155.1,4155.1,2770.86,8.3323,3602.11,MODERATE
POL008860,0,0,0.5,0.315289,2656.43,2656.43,837.54,7.8851,1088.81,LOW
POL008861,0,0,0.5305,0.425121,3614.99,3614.99,1536.81,8.1931,1997.85,LOW
POL008862,0,0,0.25,0.485885,2870.81,2870.81,1394.88,7.9627,1813.35,LOW
POL008863,0,0,0.5,0.69545,7626.32,7626.32,5303.73,8.9395,6894.85,MODERATE
POL008864,1,3647,1.0,0.493078,3828.26,3828.26,1887.63,8.2504,2453.92,MODERATE
POL008865,0,0,0.7802,0.400088,25656.14,25656.14,10264.71,10.1526,13344.12,HIGH
POL008866,1,8047,0.2505,0.353184,9199.43,9199.43,3249.09,9.127,4223.82,MODERATE
POL008867,0,0,0.25,0.169158,3689.89,3689.89,624.18,8.2136,811.43,LOW
POL008868,0,0,0.25,0.254999,19558.96,19558.96,4987.52,9.8812,6483.77,MODERATE
POL008869,0,0,1.0,0.122981,6284.47,6284.47,772.87,8.746,1004.73,LOW
POL008870,1,6081,0.3423,0.330227,11110.01,11110.01,3668.82,9.3157,4769.47,MODERATE
POL008871,0,0,0.2102,0.489571,8373.89,8373.89,4099.61,9.033,5329.49,MODERATE
POL008872,0,0,0.8552,0.38407,4778.32,4778.32,1835.21,8.4721,2385.77,MODERATE
POL008873,0,0,0.8854,0.590269,18187.23,18187.23,10735.35,9.8085,13955.96,HIGH
POL008874,0,0,0.5,0.210083,9135.7,9135.7,1919.25,9.1201,2495.03,MODERATE
POL008875,0,0,0.4854,0.809183,27360.18,27360.18,22139.4,10.2169,28781.22,VERY_HIGH
POL008876,0,0,0.5,0.448053,15582.53,15582.53,6981.8,9.654,9076.34,HIGH
POL008877,0,0,1.0,0.275358,12077.98,12077.98,3325.77,9.3992,4323.5,MODERATE
POL008878,0,0,1.0,0.626412,21128.89,21128.89,13235.39,9.9584,17206.01,VERY_HIGH
POL008879,0,0,0.9923,0.603529,12717.07,12717.07,7675.13,9.4508,9977.66,HIGH
POL008880,0,0,1.0,0.313823,5426.56,5426.56,1702.98,8.5992,2213.87,LOW
POL008881,0,0,0.6472,0.213811,5682.48,5682.48,1214.98,8.6453,1579.47,LOW
POL008882,0,0,0.5,0.306262,14874.71,14874.71,4555.55,9.6075,5922.22,MODERATE
POL008883,0,0,0.25,0.388552,14784.88,14784.88,5744.69,9.6014,7468.1,HIGH
POL008884,0,0,0.2252,0.162628,36334.52,36334.52,5909.0,10.5006,7681.7,HIGH
POL008885,0,0,0.41,0.264025,16967.74,16967.74,4479.91,9.7391,5823.89,MODERATE
POL008886,1,6249,0.5925,0.21025,4880.41,4880.41,1026.11,8.4932,1333.94,LOW
POL008887,0,0,0.2952,0.510475,7805.56,7805.56,3984.54,8.9627,5179.91,MODERATE
POL008888,0,0,0.25,0.409849,7273.75,7273.75,2981.14,8.8922,3875.48,MODERATE
POL008889,0,0,0.5,0.739194,18872.16,18872.16,13950.19,9.8455,18135.24,VERY_HIGH
POL008890,0,0,0.6553,0.291891,4972.72,4972.72,1451.49,8.5119,1886.94,LOW
POL008891,0,0,0.9086,0.28691,5361.5,5361.5,1538.27,8.5872,1999.75,LOW
POL008892,0,0,0.2135,0.233445,14581.83,14581.83,3404.05,9.5876,4425.27,MODERATE
POL008893,0,0,0.7443,0.166569,13001.73,13001.73,2165.69,9.4729,2815.39,MODERATE
POL008894,0,0,1.0,0.149363,7140.1,7140.1,1066.47,8.8736,1386.41,LOW
POL008895,0,0,0.4344,0.618684,10454.15,10454.15,6467.82,9.2549,8408.16,HIGH
POL008896,0,0,0.5,0.345286,5632.12,5632.12,1944.69,8.6364,2528.1,MODERATE
POL008897,0,0,1.0,0.342366,2588.6,2588.6,886.25,7.8593,1152.12,LOW
POL008898,0,0,1.0,0.56851,5221.54,5221.54,2968.5,8.5607,3859.05,MODERATE
POL008899,1,7512,1.0,0.463358,4483.65,4483.65,2077.53,8.4084,2700.79,MODERATE
POL008900,0,0,0.25,0.626588,18034.57,18034.57,11300.25,9.8001,14690.33,HIGH
POL008901,0,0,1.0,0.504951,5781.62,5781.62,2919.43,8.6626,3795.26,MODERATE
POL008902,0,0,1.0,0.142909,18574.19,18574.19,2654.42,9.8296,3450.75,MODERATE
POL008903,0,0,1.0,0.738214,6740.49,6740.49,4975.92,8.816,6468.7,MODERATE
POL008904,0,0,1.0,0.418007,5687.45,5687.45,2377.39,8.6462,3090.61,MODERATE
POL008905,0,0,0.5,0.488533,11440.59,11440.59,5589.11,9.345,7265.84,HIGH
POL008906,1,5532,0.8531,0.507925,6493.46,6493.46,3298.19,8.7787,4287.65,MODERATE
POL008907,0,0,0.8596,0.467773,16393.23,16393.23,7668.32,9.7047,9968.81,HIGH
POL008908,0,0,0.25,0.423276,31641.08,31641.08,13392.92,10.3622,17410.79,VERY_HIGH
POL008909,0,0,0.3492,0.345134,31307.42,31307.42,10805.24,10.3516,14046.81,HIGH
POL008910,0,0,0.25,0.472047,11755.7,11755.7,5549.24,9.3722,7214.01,HIGH
POL008911,1,5825,1.0,0.477714,4962.95,4962.95,2370.87,8.51,3082.13,MODERATE
POL008912,0,0,0.5,0.255641,7039.37,7039.37,1799.55,8.8594,2339.42,LOW
POL008913,0,0,0.6,0.760514,6995.68,6995.68,5320.31,8.8532,6916.41,MODERATE
POL008914,0,0,0.4777,0.362393,12532.02,12532.02,4541.51,9.4361,5903.97,MODERATE
POL008915,0,0,1.0,0.266018,8372.26,8372.26,2227.17,9.0328,2895.32,MODERATE
POL008916,0,0,0.5035,0.453206,6396.92,6396.92,2899.12,8.7637,3768.86,MODERATE
POL008917,0,0,0.6689,0.235407,4657.32,4657.32,1096.37,8.4464,1425.28,LOW
POL008918,0,0,0.8369,0.313991,4420.5,4420.5,1388.0,8.3942,1804.39,LOW
POL008919,0,0,1.0,0.206229,3538.15,3538.15,729.67,8.1716,948.57,LOW
POL008920,0,0,1.0,0.666157,14974.35,14974.35,9975.27,9.6142,12967.85,HIGH
POL008921,0,0,0.6063,0.494979,14519.98,14519.98,7187.09,9.5833,9343.22,HIGH
POL008922,0,0,0.6225,0.153507,5302.83,5302.83,814.02,8.5762,1058.22,LOW
POL008923,0,0,0.5,0.280046,9953.22,9953.22,2787.36,9.2058,3623.57,MODERATE
POL008924,1,19439,0.2502,0.675698,16929.79,16929.79,11439.42,9.7369,14871.25,HIGH
POL008925,0,0,0.4168,0.274823,32000.5,32000.5,8794.49,10.3735,11432.83,HIGH
POL008926,0,0,0.7292,0.596169,23344.54,23344.54,13917.29,10.0582,18092.48,VERY_HIGH
POL008927,0,0,1.0,0.75061,24456.77,24456.77,18357.49,10.1047,23864.74,VERY_HIGH
POL008928,0,0,0.3365,0.319423,6057.94,6057.94,1935.05,8.7093,2515.56,MODERATE
POL008929,0,0,0.5,0.262522,14951.74,14951.74,3925.16,9.6126,5102.71,MODERATE
POL008930,1,5404,0.6288,0.547555,4202.89,4202.89,2301.32,8.3438,2991.71,MODERATE
POL008931,0,0,1.0,0.361129,2624.62,2624.62,947.83,7.8731,1232.17,LOW
POL008932,0,0,0.5,0.831889,13009.46,13009.46,10822.43,9.4735,14069.16,HIGH
POL008933,1,3420,0.4826,0.479452,4011.26,4011.26,1923.21,8.2971,2500.17,MODERATE
POL008934,0,0,1.0,0.254573,5633.3,5633.3,1434.09,8.6366,1864.31,LOW
POL008935,0,0,0.4036,0.399855,10914.99,10914.99,4364.42,9.298,5673.74,MODERATE
POL008936,0,0,0.5,0.292972,6867.24,6867.24,2011.91,8.8347,2615.48,MODERATE
POL008937,0,0,0.7196,0.251829,5183.87,5183.87,1305.45,8.5535,1697.08,LOW
POL008938,0,0,0.9074,0.800286,9443.23,9443.23,7557.28,9.1532,9824.46,HIGH
POL008939,0,0,0.8052,0.593521,7730.77,7730.77,4588.38,8.9531,5964.89,MODERATE
POL008940,0,0,0.5,0.315127,4275.59,4275.59,1347.35,8.3609,1751.56,LOW
POL008941,0,0,0.7595,0.378979,5075.37,5075.37,1923.46,8.5324,2500.49,MODERATE
POL008942,0,0,0.5296,0.415233,2428.62,2428.62,1008.44,7.7955,1310.98,LOW
POL008943,0,0,0.377,0.42022,16710.36,16710.36,7022.03,9.7238,9128.64,HIGH
POL008944,0,0,0.4553,0.737041,17313.41,17313.41,12760.7,9.7593,16588.91,VERY_HIGH
POL008945,0,0,0.7395,0.232011,13356.74,13356.74,3098.92,9.4999,4028.59,MODERATE
POL008946,0,0,0.5,0.647194,18454.25,18454.25,11943.48,9.8231,15526.52,HIGH
POL008947,0,0,0.5,0.128235,29486.49,29486.49,3781.21,10.2917,4915.57,MODERATE
POL008948,0,0,0.8504,0.325627,5610.44,5610.44,1826.91,8.6326,2374.98,MODERATE
POL008949,0,0,0.5,0.252048,9716.45,9716.45,2449.01,9.1817,3183.71,MODERATE
POL008950,0,0,0.5,0.361415,12333.46,12333.46,4457.49,9.4202,5794.74,MODERATE
POL008951,0,0,0.4632,0.686401,19960.13,19960.13,13700.66,9.9015,17810.85,VERY_HIGH
POL008952,0,0,0.4861,0.335593,10041.23,10041.23,3369.77,9.2146,4380.7,MODERATE
POL008953,1,5965,0.25,0.697532,5568.52,5568.52,3884.22,8.6251,5049.48,MODERATE
POL008954,1,18288,0.475,0.350327,11490.24,11490.24,4025.34,9.3493,5232.95,MODERATE
POL008955,0,0,0.5,0.630491,5296.3,5296.3,3339.27,8.575,4341.05,MODERATE
POL008956,0,0,1.0,0.819713,8294.03,8294.03,6798.73,9.0234,8838.34,HIGH
POL008957,1,9078,1.0,0.456743,12104.03,12104.03,5528.43,9.4014,7186.96,HIGH
POL008958,0,0,1.0,0.324848,6958.06,6958.06,2260.31,8.8478,2938.41,MODERATE
POL008959,0,0,1.0,0.398731,11336.31,11336.31,4520.14,9.3359,5876.18,MODERATE
POL008960,1,9998,0.5,0.929746,8687.6,8687.6,8077.26,9.0698,10500.44,HIGH
POL008961,0,0,0.3857,0.351313,13191.51,13191.51,4634.35,9.4874,6024.65,MODERATE
POL008962,0,0,0.2172,0.36373,22063.15,22063.15,8025.03,10.0017,10432.53,HIGH
POL008963,0,0,0.7249,0.39907,13574.85,13574.85,5417.32,9.516,7042.52,MODERATE
POL008964,0,0,0.2491,0.693458,7322.17,7322.17,5077.62,8.8988,6600.9,MODERATE
POL008965,0,0,0.7124,0.078961,3089.05,3089.05,243.91,8.0359,500.0,LOW
POL008966,1,4076,0.5,0.559079,13298.59,13298.59,7434.97,9.4955,9665.46,HIGH
POL008967,0,0,1.0,0.605511,5446.03,5446.03,3297.63,8.6028,4286.92,MODERATE
POL008968,0,0,0.7953,0.263699,9076.88,9076.88,2393.57,9.1136,3111.64,MODERATE
POL008969,0,0,0.5851,0.158606,5370.43,5370.43,851.78,8.5888,1107.32,LOW
POL008970,0,0,0.9119,0.519641,13798.27,13798.27,7170.14,9.5324,9321.18,HIGH
POL008971,0,0,1.0,0.307626,6348.81,6348.81,1953.06,8.7562,2538.98,MODERATE
POL008972,0,0,0.4859,0.458699,9834.74,9834.74,4511.19,9.1938,5864.55,MODERATE
POL008973,0,0,1.0,0.180719,15358.82,15358.82,2775.64,9.6395,3608.33,MODERATE
POL008974,0,0,0.774,0.230772,23956.32,23956.32,5528.45,10.084,7186.98,HIGH
POL008975,0,0,1.0,0.379054,3898.75,3898.75,1477.84,8.2687,1921.19,LOW
POL008976,1,1674,0.25,0.470339,7661.65,7661.65,3603.57,8.9441,4684.64,MODERATE
POL008977,0,0,1.0,0.325692,5302.5,5302.5,1726.98,8.5761,2245.08,LOW
POL008978,0,0,0.5,0.299912,7689.53,7689.53,2306.18,8.9477,2998.03,MODERATE
POL008979,0,0,0.25,0.252166,15240.89,15240.89,3843.23,9.6318,4996.2,MODERATE
POL008980,0,0,0.25,0.408048,16451.37,16451.37,6712.95,9.7082,8726.84,HIGH
POL008981,0,0,1.0,0.513372,14691.17,14691.17,7542.03,9.5951,9804.64,HIGH
POL008982,0,0,1.0,0.472054,5660.07,5660.07,2671.86,8.6414,3473.42,MODERATE
POL008983,0,0,0.8141,0.386084,2751.19,2751.19,1062.19,7.9202,1380.85,LOW
POL008984,0,0,0.25,0.403181,4332.97,4332.97,1746.97,8.3742,2271.06,LOW
POL008985,0,0,0.5647,0.647032,36674.58,36674.58,23729.63,10.5099,30848.53,VERY_HIGH
POL008986,1,11507,0.535,0.387248,13242.07,13242.07,5127.97,9.4912,6666.36,MODERATE
POL008987,0,0,0.25,0.781666,13239.95,13239.95,10349.21,9.4911,13453.98,HIGH
POL008988,0,0,0.6468,0.41562,9161.78,9161.78,3807.82,9.1229,4950.17,MODERATE
POL008989,0,0,1.0,0.431545,3074.03,3074.03,1326.58,8.0311,1724.56,LOW
POL008990,0,0,0.25,0.283836,5296.33,5296.33,1503.29,8.575,1954.28,LOW
POL008991,0,0,1.0,0.35615,6410.03,6410.03,2282.93,8.7658,2967.81,MODERATE
POL008992,0,0,0.5,0.44239,11141.47,11141.47,4928.87,9.3185,6407.54,MODERATE
POL008993,1,9207,1.0,0.614635,5605.35,5605.35,3445.24,8.6317,4478.81,MODERATE
POL008994,0,0,1.0,0.278056,7191.56,7191.56,1999.65,8.8808,2599.55,MODERATE
POL008995,0,0,0.25,0.222818,12100.19,12100.19,2696.14,9.4011,3504.99,MODERATE
POL008996,0,0,0.1178,0.198185,12831.22,12831.22,2542.95,9.4597,3305.84,MODERATE
POL008997,0,0,1.0,0.216356,5115.78,5115.78,1106.83,8.5403,1438.88,LOW
POL008998,0,0,0.4736,0.69615,12574.53,12574.53,8753.76,9.4395,11379.89,HIGH
POL008999,0,0,1.0,0.391829,4054.53,4054.53,1588.68,8.3078,2065.29,LOW
POL009000,0,0,0.4035,0.508977,17865.21,17865.21,9092.97,9.7907,11820.86,HIGH
POL009001,0,0,1.0,0.244797,5885.98,5885.98,1440.87,8.6805,1873.13,LOW
POL009002,0,0,1.0,0.170675,3477.36,3477.36,593.5,8.1543,771.55,LOW
POL009003,0,0,1.0,0.403698,4668.69,4668.69,1884.74,8.4488,2450.16,MODERATE
POL009004,0,0,0.5,0.292699,3164.98,3164.98,926.39,8.0602,1204.3,LOW
POL009005,0,0,0.9382,0.182081,28496.31,28496.31,5188.64,10.2576,6745.23,MODERATE
POL009006,0,0,0.3765,0.244795,134297.49,134297.49,32875.29,11.8078,42737.88,VERY_HIGH
POL009007,0,0,1.0,0.305157,17499.16,17499.16,5340.0,9.77,6942.0,MODERATE
POL009008,0,0,0.396,0.138242,18303.22,18303.22,2530.27,9.8149,3289.35,MODERATE
POL009009,1,3751,0.8459,0.33171,3354.07,3354.07,1112.58,8.1182,1446.35,LOW
POL009010,0,0,0.6284,0.357195,5315.61,5315.61,1898.71,8.5786,2468.32,MODERATE
POL009011,0,0,1.0,0.481624,23968.61,23968.61,11543.86,10.0845,15007.02,HIGH
POL009012,0,0,0.1743,0.584326,14027.39,14027.39,8196.56,9.5488,10655.53,HIGH
POL009013,0,0,1.0,0.467157,5319.6,5319.6,2485.09,8.5793,3230.62,MODERATE
POL009014,0,0,0.25,0.274995,12045.76,12045.76,3312.52,9.3966,4306.27,MODERATE
POL009015,0,0,0.4534,0.575276,7803.42,7803.42,4489.12,8.9624,5835.85,MODERATE
POL009016,0,0,1.0,0.260686,3309.61,3309.61,862.77,8.1049,1121.6,LOW
POL009017,0,0,1.0,0.260261,2881.52,2881.52,749.95,7.9664,974.93,LOW
POL009018,0,0,0.5,0.648835,4713.78,4713.78,3058.47,8.4585,3976.01,MODERATE
POL009019,0,0,0.6234,0.384571,4999.47,4999.47,1922.65,8.5173,2499.45,MODERATE
POL009020,0,0,0.5,0.266938,3905.18,3905.18,1042.44,8.2703,1355.17,LOW
POL009021,0,0,0.2688,0.345258,22169.9,22169.9,7654.34,10.0065,9950.64,HIGH
POL009022,0,0,0.3641,0.708886,5235.55,5235.55,3711.41,8.5634,4824.83,MODERATE
POL009023,0,0,0.5,0.211007,5961.42,5961.42,1257.9,8.6932,1635.27,LOW
POL009024,0,0,0.25,0.758463,14725.7,14725.7,11168.89,9.5974,14519.56,HIGH
POL009025,0,0,0.3848,0.183366,45609.23,45609.23,8363.18,10.7279,10872.13,HIGH
POL009026,0,0,0.3729,0.364814,3283.73,3283.73,1197.95,8.097,1557.34,LOW
POL009027,1,5199,0.2257,0.488378,8469.52,8469.52,4136.33,9.0443,5377.23,MODERATE
POL009028,0,0,0.4304,0.237603,16582.29,16582.29,3940.0,9.7162,5122.01,MODERATE
POL009029,0,0,0.6284,0.526106,4418.89,4418.89,2324.8,8.3939,3022.24,MODERATE
POL009030,0,0,0.5,0.340498,9718.62,9718.62,3309.17,9.1819,4301.92,MODERATE
POL009031,1,8856,0.4636,0.668005,31353.4,31353.4,20944.22,10.3531,27227.49,VERY_HIGH
POL009032,0,0,1.0,0.314791,8720.33,8720.33,2745.08,9.0735,3568.61,MODERATE
POL009033,0,0,0.9756,0.593852,14292.07,14292.07,8487.37,9.5675,11033.58,HIGH
POL009034,0,0,0.2594,0.554091,22145.53,22145.53,12270.64,10.0054,15951.83,VERY_HIGH
POL009035,0,0,1.0,0.394451,4220.7,4220.7,1664.86,8.348,2164.32,LOW
POL009036,0,0,1.0,0.300339,11344.47,11344.47,3407.18,9.3366,4429.34,MODERATE
POL009037,0,0,0.5,0.450965,21347.15,21347.15,9626.82,9.9687,12514.86,HIGH
POL009038,0,0,0.5,0.487826,7056.16,7056.16,3442.18,8.8618,4474.84,MODERATE
POL009039,0,0,1.0,0.602744,13675.0,13675.0,8242.53,9.5234,10715.29,HIGH
POL009040,1,8384,1.0,0.394722,14620.39,14620.39,5770.98,9.5902,7502.28,HIGH
POL009041,0,0,0.2578,0.239231,10786.88,10786.88,2580.56,9.2862,3354.73,MODERATE
POL009042,0,0,0.4582,0.401798,15839.16,15839.16,6364.14,9.6703,8273.38,HIGH
POL009043,0,0,0.8668,0.406607,8774.14,8774.14,3567.62,9.0797,4637.91,MODERATE
POL009044,0,0,0.25,0.41106,10434.23,10434.23,4289.1,9.2529,5575.83,MODERATE
POL009045,0,0,1.0,0.435593,5132.84,5132.84,2235.83,8.5436,2906.58,MODERATE
POL009046,0,0,1.0,0.503434,3061.25,3061.25,1541.14,8.0269,2003.48,LOW
POL009047,1,3163,0.5,0.189697,3889.94,3889.94,737.91,8.2664,959.29,LOW
POL009048,0,0,0.5,0.170444,13972.25,13972.25,2381.48,9.5449,3095.93,MODERATE
POL009049,0,0,0.6987,0.162986,5819.13,5819.13,948.44,8.6691,1232.97,LOW
POL009050,0,0,1.0,0.615766,6653.28,6653.28,4096.87,8.803,5325.93,MODERATE
POL009051,0,0,0.5,0.391714,6067.96,6067.96,2376.9,8.7109,3089.97,MODERATE
POL009052,0,0,0.25,0.184819,4582.2,4582.2,846.88,8.4302,1100.94,LOW
POL009053,1,1035524,0.2103,0.694834,40473.45,40473.45,28122.33,10.6084,36559.03,VERY_HIGH
POL009054,0,0,0.25,0.690703,11342.76,11342.76,7834.48,9.3364,10184.82,HIGH
POL009055,0,0,0.3974,0.193485,18628.74,18628.74,3604.39,9.8325,4685.7,MODERATE
POL009056,0,0,0.5,0.495019,11683.67,11683.67,5783.63,9.366,7518.72,HIGH
POL009057,0,0,0.9708,0.497058,11190.13,11190.13,5562.14,9.3229,7230.78,HIGH
POL009058,0,0,1.0,0.098811,7006.94,7006.94,692.37,8.8548,900.08,LOW
POL009059,0,0,1.0,0.18369,4520.04,4520.04,830.29,8.4165,1079.37,LOW
POL009060,1,13799,0.3262,0.951049,40187.4,40187.4,38220.19,10.6013,49686.25,VERY_HIGH
POL009061,0,0,1.0,0.141868,6558.02,6558.02,930.37,8.7886,1209.49,LOW
POL009062,0,0,1.0,0.532986,4773.88,4773.88,2544.41,8.4711,3307.74,MODERATE
POL009063,0,0,0.8863,0.799858,11271.43,11271.43,9015.54,9.3301,11720.21,HIGH
POL009064,0,0,1.0,0.178392,8200.49,8200.49,1462.9,9.0121,1901.77,LOW
POL009065,0,0,0.7033,0.371232,5884.09,5884.09,2184.36,8.6802,2839.67,MODERATE
POL009066,0,0,0.8751,0.442641,3569.62,3569.62,1580.06,8.1805,2054.08,LOW
POL009067,1,20331,1.0,0.286614,13649.48,13649.48,3912.14,9.5215,5085.78,MODERATE
POL009068,0,0,0.9714,0.502139,13442.21,13442.21,6749.86,9.5062,8774.82,HIGH
POL009069,0,0,1.0,0.287479,7626.04,7626.04,2192.32,8.9395,2850.02,MODERATE
POL009070,0,0,0.407,0.323747,6071.53,6071.53,1965.64,8.7115,2555.33,MODERATE
POL009071,0,0,0.4404,0.483573,15642.97,15642.97,7564.51,9.6578,9833.87,HIGH
POL009072,0,0,0.3468,0.349553,20394.17,20394.17,7128.85,9.9231,9267.5,HIGH
POL009073,0,0,0.25,0.512563,5597.7,5597.7,2869.18,8.6303,3729.93,MODERATE
POL009074,0,0,1.0,0.387633,8536.95,8536.95,3309.2,9.0523,4301.96,MODERATE
POL009075,0,0,0.25,0.461385,12118.84,12118.84,5591.45,9.4026,7268.88,HIGH
POL009076,0,0,0.9994,0.553272,5967.97,5967.97,3301.91,8.6943,4292.48,MODERATE
POL009077,0,0,1.0,0.592882,5970.35,5970.35,3539.71,8.6947,4601.63,MODERATE
POL009078,0,0,0.6606,0.31869,13533.46,13533.46,4312.98,9.513,5606.88,MODERATE
POL009079,1,3312,0.1559,0.334335,8172.89,8172.89,2732.48,9.0087,3552.23,MODERATE
POL009080,0,0,0.5,0.573399,25868.52,25868.52,14832.98,10.1608,19282.88,VERY_HIGH
POL009081,0,0,1.0,0.270988,5041.79,5041.79,1366.26,8.5257,1776.14,LOW
POL009082,0,0,0.9474,0.310751,5803.73,5803.73,1803.52,8.6664,2344.57,MODERATE
POL009083,0,0,0.5,0.548156,10688.43,10688.43,5858.93,9.277,7616.6,HIGH
POL009084,0,0,1.0,0.672945,5905.89,5905.89,3974.34,8.6839,5166.65,MODERATE
POL009085,0,0,1.0,0.800742,5964.47,5964.47,4776.0,8.6937,6208.81,MODERATE
POL009086,0,0,0.5,0.595531,9049.85,9049.85,5389.46,9.1106,7006.3,MODERATE
POL009087,0,0,0.553,0.232567,9728.48,9728.48,2262.53,9.1829,2941.28,MODERATE
POL009088,0,0,0.5,0.701476,10941.64,10941.64,7675.29,9.3004,9977.88,HIGH
POL009089,0,0,0.6305,0.388972,5023.82,5023.82,1954.13,8.5221,2540.37,MODERATE
POL009090,0,0,0.3332,0.551646,32341.24,32341.24,17840.9,10.3841,23193.17,VERY_HIGH
POL009091,0,0,0.4184,0.449897,9505.38,9505.38,4276.45,9.1597,5559.38,MODERATE
POL009092,0,0,0.5447,0.327504,8643.05,8643.05,2830.63,9.0646,3679.82,MODERATE
POL009093,0,0,0.25,0.216104,4460.36,4460.36,963.9,8.4032,1253.07,LOW
POL009094,0,0,0.3208,0.470887,9019.88,9019.88,4247.35,9.1073,5521.55,MODERATE
POL009095,0,0,1.0,0.244498,4747.53,4747.53,1160.76,8.4656,1508.99,LOW
POL009096,0,0,1.0,0.268991,6090.41,6090.41,1638.26,8.7146,2129.74,LOW
POL009097,0,0,0.5,0.354003,4067.28,4067.28,1439.83,8.311,1871.78,LOW
POL009098,0,0,1.0,0.328808,21097.72,21097.72,6937.11,9.957,9018.24,HIGH
POL009099,0,0,1.0,0.160086,18180.06,18180.06,2910.37,9.8081,3783.49,MODERATE
POL009100,0,0,0.25,0.269559,7129.74,7129.74,1921.89,8.8722,2498.45,MODERATE
POL009101,0,0,0.3524,0.650357,22506.68,22506.68,14637.38,10.0216,19028.59,VERY_HIGH
POL009102,0,0,0.4562,0.587862,12670.09,12670.09,7448.26,9.4471,9682.74,HIGH
POL009103,1,28245,1.0,0.310725,11656.32,11656.32,3621.91,9.3637,4708.48,MODERATE
POL009104,0,0,0.383,0.708783,6580.43,6580.43,4664.1,8.792,6063.32,MODERATE
POL009105,0,0,0.3827,0.267163,6656.74,6656.74,1778.44,8.8035,2311.97,LOW
POL009106,0,0,1.0,0.367126,8395.13,8395.13,3082.07,9.0355,4006.7,MODERATE
POL009107,0,0,0.5,0.704142,9918.45,9918.45,6984.0,9.2023,9079.2,HIGH
POL009108,0,0,0.1594,0.259175,46842.5,46842.5,12140.41,10.7546,15782.53,VERY_HIGH
POL009109,0,0,0.7547,0.736943,7996.24,7996.24,5892.77,8.9869,7660.6,HIGH
POL009110,0,0,1.0,0.579187,5392.39,5392.39,3123.2,8.5929,4060.16,MODERATE
POL009111,0,0,0.25,0.152557,8447.72,8447.72,1288.76,9.0418,1675.39,LOW
POL009112,0,0,0.5,0.240131,8962.05,8962.05,2152.06,9.1009,2797.68,MODERATE
POL009113,0,0,0.7361,0.347539,3278.46,3278.46,1139.39,8.0954,1481.21,LOW
POL009114,0,0,0.5,0.281186,1942.34,1942.34,546.16,7.5722,710.01,LOW
POL009115,0,0,1.0,0.317918,5654.5,5654.5,1797.67,8.6404,2336.97,LOW
POL009116,0,0,0.25,0.313087,4691.74,4691.74,1468.92,8.4538,1909.6,LOW
POL009117,0,0,0.1453,0.226918,44759.44,44759.44,10156.7,10.7091,13203.71,HIGH
POL009118,0,0,1.0,0.455209,5488.04,5488.04,2498.21,8.6105,3247.67,MODERATE
POL009119,0,0,0.7148,0.321912,5561.78,5561.78,1790.4,8.6239,2327.53,LOW
POL009120,0,0,0.4736,0.26228,22111.51,22111.51,5799.41,10.0039,7539.23,HIGH
POL009121,0,0,1.0,0.589582,17853.59,17853.59,10526.16,9.79,13684.01,HIGH
POL009122,0,0,1.0,0.329242,3373.44,3373.44,1110.68,8.124,1443.88,LOW
POL009123,0,0,1.0,0.29856,5061.28,5061.28,1511.09,8.5296,1964.42,LOW
POL009124,0,0,0.3464,0.683638,20457.12,20457.12,13985.27,9.9261,18180.85,VERY_HIGH
POL009125,0,0,1.0,0.369165,3471.6,3471.6,1281.59,8.1527,1666.07,LOW
POL009126,0,0,0.1936,0.491016,9180.62,9180.62,4507.83,9.125,5860.18,MODERATE
POL009127,1,2193,0.3768,0.820549,4774.22,4774.22,3917.48,8.4712,5092.73,MODERATE
POL009128,0,0,0.5,0.139378,4277.73,4277.73,596.22,8.3614,775.09,LOW
POL009129,0,0,1.0,0.630225,5765.51,5765.51,3633.57,8.6598,4723.64,MODERATE
POL009130,0,0,1.0,0.350831,5740.99,5740.99,2014.12,8.6556,2618.35,MODERATE
POL009131,0,0,0.25,0.456045,16008.16,16008.16,7300.44,9.6809,9490.57,HIGH
POL009132,0,0,0.5,0.596447,15234.78,15234.78,9086.73,9.6314,11812.75,HIGH
POL009133,0,0,0.6165,0.406601,33988.84,33988.84,13819.89,10.4338,17965.86,VERY_HIGH
POL009134,0,0,0.1373,0.41551,8852.68,8852.68,3678.37,9.0886,4781.89,MODERATE
POL009135,0,0,0.2904,0.595373,18873.47,18873.47,11236.75,9.8456,14607.78,HIGH
POL009136,0,0,0.2353,0.411556,17175.78,17175.78,7068.8,9.7513,9189.44,HIGH
POL009137,0,0,0.3228,0.316865,7541.61,7541.61,2389.67,8.9283,3106.57,MODERATE
POL009138,0,0,0.9002,0.260821,4758.78,4758.78,1241.19,8.468,1613.55,LOW
POL009139,1,5326,1.0,0.818058,5621.15,5621.15,4598.43,8.6345,5977.95,MODERATE
POL009140,1,6794,1.0,0.945851,19889.24,19889.24,18812.26,9.898,24455.94,VERY_HIGH
POL009141,0,0,0.6868,0.827431,13149.81,13149.81,10880.56,9.4842,14144.73,HIGH
POL009142,0,0,0.6759,0.264849,11448.82,11448.82,3032.2,9.3457,3941.87,MODERATE
POL009143,0,0,0.2501,0.176783,9517.82,9517.82,1682.58,9.161,2187.36,LOW
POL009144,1,5229,1.0,0.505681,4997.52,4997.52,2527.15,8.5169,3285.29,MODERATE
POL009145,0,0,0.3764,0.214716,12140.76,12140.76,2606.82,9.4044,3388.86,MODERATE
POL009146,0,0,0.7582,0.481059,16914.22,16914.22,8136.74,9.736,10577.77,HIGH
POL009147,1,3873,0.25,0.493056,3131.01,3131.01,1543.76,8.0494,2006.89,LOW
POL009148,1,4178,0.4052,0.743299,11229.01,11229.01,8346.51,9.3263,10850.46,HIGH
POL009149,0,0,1.0,0.440416,11848.47,11848.47,5218.25,9.38,6783.73,MODERATE
POL009150,0,0,0.5,0.767879,7996.55,7996.55,6140.38,8.9869,7982.5,HIGH
POL009151,0,0,0.3184,0.662612,10796.74,10796.74,7154.05,9.2871,9300.26,HIGH
POL009152,0,0,0.5,0.520902,18296.48,18296.48,9530.68,9.8145,12389.88,HIGH
POL009153,0,0,0.7886,0.520375,7643.12,7643.12,3977.28,8.9417,5170.47,MODERATE
POL009154,0,0,0.7802,0.555021,3862.8,3862.8,2143.94,8.2594,2787.12,MODERATE
POL009155,0,0,1.0,0.683169,5361.65,5361.65,3662.91,8.5872,4761.79,MODERATE
POL009156,0,0,0.5,0.499524,6806.63,6806.63,3400.08,8.8258,4420.1,MODERATE
POL009157,0,0,0.5,0.6946,8978.99,8978.99,6236.81,9.1028,8107.85,HIGH
POL009158,0,0,1.0,0.13735,8342.3,8342.3,1145.81,9.0292,1489.55,LOW
POL009159,0,0,1.0,0.099425,6220.54,6220.54,618.48,8.7358,804.02,LOW
POL009160,0,0,1.0,0.495156,3552.82,3552.82,1759.2,8.1758,2286.96,LOW
POL009161,0,0,0.3613,0.386196,17096.64,17096.64,6602.65,9.7467,8583.45,HIGH
POL009162,0,0,0.3333,0.371794,11872.13,11872.13,4413.99,9.382,5738.19,MODERATE
POL009163,0,0,0.4449,0.394155,10286.93,10286.93,4054.64,9.2387,5271.03,MODERATE
POL009164,0,0,0.5423,0.470697,11519.62,11519.62,5422.25,9.3519,7048.93,MODERATE
POL009165,0,0,1.0,0.145386,6625.35,6625.35,963.23,8.7988,1252.2,LOW
POL009166,1,5174,0.8612,0.246592,3620.22,3620.22,892.72,8.1946,1160.54,LOW
POL009167,0,0,0.5,0.312296,6882.35,6882.35,2149.33,8.8369,2794.13,MODERATE
POL009168,0,0,0.1871,0.206418,10029.65,10029.65,2070.3,9.2134,2691.39,MODERATE
POL009169,0,0,1.0,0.474801,5494.28,5494.28,2608.69,8.6116,3391.3,MODERATE
POL009170,0,0,0.4973,0.184722,38462.96,38462.96,7104.97,10.5575,9236.46,HIGH
POL009171,1,7327,1.0,0.385839,5451.71,5451.71,2103.48,8.6039,2734.53,MODERATE
POL009172,1,2253,1.0,0.673719,5268.08,5268.08,3549.21,8.5696,4613.97,MODERATE
POL009173,0,0,1.0,0.435025,18195.12,18195.12,7915.34,9.809,10289.94,HIGH
POL009174,0,0,0.2572,0.173645,14502.67,14502.67,2518.32,9.5822,3273.82,MODERATE
POL009175,0,0,0.4389,0.258339,5138.09,5138.09,1327.37,8.5446,1725.58,LOW
POL009176,0,0,0.3779,0.412527,4821.7,4821.7,1989.08,8.4811,2585.8,MODERATE
POL009177,0,0,1.0,0.318555,4600.9,4600.9,1465.64,8.4342,1905.33,LOW
POL009178,0,0,0.25,0.567115,2596.65,2596.65,1472.6,7.8624,1914.38,LOW
POL009179,0,0,1.0,0.349213,14689.45,14689.45,5129.75,9.595,6668.67,MODERATE
POL009180,0,0,0.8192,0.807677,5378.88,5378.88,4344.4,8.5904,5647.71,MODERATE
POL009181,0,0,0.5,0.266581,5239.55,5239.55,1396.77,8.5642,1815.8,LOW
POL009182,1,7751,0.1487,0.550566,5414.92,5414.92,2981.27,8.5971,3875.66,MODERATE
POL009183,1,4169,0.5,0.936631,9103.57,9103.57,8526.69,9.1165,11084.7,HIGH
POL009184,0,0,1.0,0.566619,5397.88,5397.88,3058.54,8.5939,3976.1,MODERATE
POL009185,0,0,1.0,0.508603,7230.43,7230.43,3677.42,8.8862,4780.64,MODERATE
POL009186,0,0,1.0,0.258351,6385.6,6385.6,1649.72,8.762,2144.64,LOW
POL009187,0,0,0.6058,0.596941,6517.02,6517.02,3890.28,8.7823,5057.36,MODERATE
POL009188,0,0,0.25,0.35127,13051.64,13051.64,4584.65,9.4767,5960.05,MODERATE
POL009189,0,0,0.7294,0.481471,3648.4,3648.4,1756.6,8.2023,2283.58,LOW
POL009190,0,0,1.0,0.313939,6347.11,6347.11,1992.61,8.7559,2590.39,MODERATE
POL009191,0,0,0.5,0.165896,22226.43,22226.43,3687.27,10.0091,4793.45,MODERATE
POL009192,0,0,0.82,0.648828,12407.05,12407.05,8050.04,9.4261,10465.05,HIGH
POL009193,0,0,0.2215,0.421136,8330.41,8330.41,3508.23,9.0278,4560.71,MODERATE
POL009194,0,0,0.7528,0.131099,19236.93,19236.93,2521.93,9.8646,3278.51,MODERATE
POL009195,0,0,1.0,0.289763,6762.53,6762.53,1959.53,8.8193,2547.39,MODERATE
POL009196,0,0,0.5,0.740686,7377.84,7377.84,5464.67,8.9064,7104.07,MODERATE
POL009197,0,0,0.6315,0.50784,8953.89,8953.89,4547.15,9.1,5911.29,MODERATE
POL009198,0,0,1.0,0.324166,4194.03,4194.03,1359.56,8.3417,1767.43,LOW
POL009199,0,0,0.6727,0.373706,3627.5,3627.5,1355.62,8.1966,1762.3,LOW
POL009200,0,0,0.2746,0.23488,18469.25,18469.25,4338.05,9.8239,5639.47,MODERATE
POL009201,0,0,0.2275,0.328795,12571.58,12571.58,4133.47,9.4393,5373.51,MODERATE
POL009202,0,0,0.3449,0.329913,31159.64,31159.64,10279.98,10.3469,13363.98,HIGH
POL009203,0,0,1.0,0.737718,7567.89,7567.89,5582.97,8.9318,7257.86,HIGH
POL009204,0,0,0.7942,0.149678,3149.39,3149.39,471.39,8.0553,612.81,LOW
POL009205,0,0,1.0,0.287302,35953.85,35953.85,10329.62,10.49,13428.5,HIGH
POL009206,0,0,1.0,0.479463,10799.88,10799.88,5178.14,9.2874,6731.59,MODERATE
POL009207,0,0,0.25,0.661047,7195.52,7195.52,4756.57,8.8814,6183.55,MODERATE
POL009208,1,3296,0.25,0.793652,10964.98,10964.98,8702.38,9.3026,11313.09,HIGH
POL009209,0,0,1.0,0.4684,5700.35,5700.35,2670.04,8.6485,3471.05,MODERATE
POL009210,0,0,0.5,0.899986,3430.6,3430.6,3087.49,8.1408,4013.74,MODERATE
POL009211,0,0,1.0,0.422117,23606.93,23606.93,9964.88,10.0693,12954.35,HIGH
POL009212,0,0,0.25,0.366512,10722.16,10722.16,3929.8,9.2802,5108.74,MODERATE
POL009213,0,0,0.5,0.222969,10975.53,10975.53,2447.2,9.3035,3181.36,MODERATE
POL009214,0,0,0.354,0.609738,5840.91,5840.91,3561.42,8.6728,4629.85,MODERATE
POL009215,0,0,1.0,0.259321,4653.51,4653.51,1206.75,8.4456,1568.78,LOW
POL009216,0,0,1.0,0.334535,5684.89,5684.89,1901.79,8.6457,2472.33,MODERATE
POL009217,0,0,1.0,0.784693,11294.39,11294.39,8862.63,9.3322,11521.42,HIGH
POL009218,0,0,0.5,0.330029,41196.84,41196.84,13596.14,10.6261,17674.98,VERY_HIGH
POL009219,0,0,1.0,0.277526,5062.87,5062.87,1405.08,8.5299,1826.6,LOW
POL009220,0,0,0.6782,0.330167,5368.35,5368.35,1772.45,8.5885,2304.19,LOW
POL009221,0,0,0.7792,0.254421,4213.61,4213.61,1072.03,8.3463,1393.64,LOW
POL009222,0,0,1.0,0.709153,5524.12,5524.12,3917.45,8.6171,5092.69,MODERATE
POL009223,0,0,1.0,0.269483,2233.64,2233.64,601.93,7.7118,782.51,LOW
POL009224,0,0,0.5,0.582667,9454.12,9454.12,5508.6,9.1543,7161.18,HIGH
POL009225,0,0,1.0,0.472751,26260.16,26260.16,12414.52,10.1758,16138.88,VERY_HIGH
POL009226,0,0,1.0,0.308098,5055.23,5055.23,1557.51,8.5284,2024.76,LOW
POL009227,0,0,0.25,0.600562,8096.31,8096.31,4862.33,8.9993,6321.03,MODERATE
POL009228,0,0,0.3249,0.531135,23388.9,23388.9,12422.67,10.0601,16149.47,VERY_HIGH
POL009229,0,0,0.847,0.471242,3483.41,3483.41,1641.53,8.1561,2133.99,LOW
POL009230,0,0,0.3067,0.51771,20930.11,20930.11,10835.72,9.949,14086.44,HIGH
POL009231,0,0,1.0,0.537723,3818.56,3818.56,2053.33,8.2479,2669.32,MODERATE
POL009232,0,0,1.0,0.420095,4718.42,4718.42,1982.18,8.4594,2576.84,MODERATE
POL009233,0,0,1.0,0.248413,6721.96,6721.96,1669.82,8.8133,2170.77,LOW
POL009234,0,0,0.4687,0.524484,22204.77,22204.77,11646.05,10.0081,15139.87,HIGH
POL009235,0,0,1.0,0.344342,5796.44,5796.44,1995.96,8.6652,2594.75,MODERATE
POL009236,0,0,1.0,0.278991,2255.59,2255.59,629.29,7.7216,818.07,LOW
POL009237,0,0,0.6903,0.322435,4815.97,4815.97,1552.84,8.4799,2018.69,LOW
POL009238,0,0,1.0,0.479334,4327.99,4327.99,2074.55,8.3731,2696.92,MODERATE
POL009239,0,0,1.0,0.81004,9707.28,9707.28,7863.28,9.1807,10222.27,HIGH
POL009240,0,0,0.9652,0.788353,7181.28,7181.28,5661.39,8.8794,7359.81,HIGH
POL009241,0,0,1.0,0.343763,18120.9,18120.9,6229.3,9.8049,8098.1,HIGH
POL009242,0,0,1.0,0.416045,4522.27,4522.27,1881.47,8.417,2445.91,MODERATE
POL009243,0,0,0.8447,0.458113,31284.68,31284.68,14331.91,10.3509,18631.48,VERY_HIGH
POL009244,0,0,1.0,0.348831,7628.8,7628.8,2661.16,8.9398,3459.51,MODERATE
POL009245,1,6083,1.0,0.755356,8051.86,8051.86,6082.03,8.9938,7906.63,HIGH
POL009246,0,0,0.1051,0.519173,22718.4,22718.4,11794.78,10.031,15333.22,HIGH
POL009247,0,0,0.8425,0.558195,15777.57,15777.57,8806.96,9.6664,11449.05,HIGH
POL009248,0,0,1.0,0.302587,4464.39,4464.39,1350.87,8.4041,1756.13,LOW
POL009249,0,0,1.0,0.707648,5084.0,5084.0,3597.68,8.5341,4676.99,MODERATE
POL009250,0,0,0.25,0.618195,8156.04,8156.04,5042.02,9.0066,6554.63,MODERATE
POL009251,0,0,0.6058,0.531433,6090.24,6090.24,3236.56,8.7146,4207.52,MODERATE
POL009252,0,0,0.1655,0.328735,10180.61,10180.61,3346.72,9.2283,4350.74,MODERATE
POL009253,0,0,1.0,0.509647,5815.96,5815.96,2964.09,8.6685,3853.31,MODERATE
POL009254,0,0,1.0,0.522321,3821.71,3821.71,1996.16,8.2487,2595.01,MODERATE
POL009255,0,0,0.6077,0.321398,15972.21,15972.21,5133.43,9.6787,6673.46,MODERATE
POL009256,0,0,0.3708,0.300014,18844.28,18844.28,5653.55,9.844,7349.61,HIGH
POL009257,0,0,1.0,0.383765,7175.86,7175.86,2753.85,8.8786,3580.0,MODERATE
POL009258,0,0,0.2424,0.132585,26924.42,26924.42,3569.78,10.2008,4640.72,MODERATE
POL009259,1,7325,0.9061,0.251548,4914.16,4914.16,1236.15,8.5001,1606.99,LOW
POL009260,0,0,0.6065,0.303909,24099.93,24099.93,7324.19,10.09,9521.45,HIGH
POL009261,0,0,1.0,0.418938,14405.8,14405.8,6035.14,9.5755,7845.68,HIGH
POL009262,0,0,0.5,0.602206,7127.3,7127.3,4292.1,8.8718,5579.73,MODERATE
POL009263,0,0,1.0,0.350158,3836.53,3836.53,1343.39,8.2526,1746.41,LOW
POL009264,0,0,1.0,0.427339,5928.73,5928.73,2533.58,8.6877,3293.65,MODERATE
POL009265,1,4797,0.5,0.579419,8624.17,8624.17,4997.01,9.0624,6496.11,MODERATE
POL009266,1,3594,1.0,0.814197,7274.17,7274.17,5922.61,8.8922,7699.39,HIGH
POL009267,0,0,0.5952,0.255239,9115.74,9115.74,2326.69,9.1179,3024.7,MODERATE
POL009268,0,0,0.5,0.352311,5188.87,5188.87,1828.1,8.5545,2376.52,MODERATE
POL009269,0,0,0.25,0.344914,15648.94,15648.94,5397.53,9.6582,7016.79,MODERATE
POL009270,0,0,0.1921,0.332299,28283.04,28283.04,9398.42,10.2501,12217.95,HIGH
POL009271,0,0,0.25,0.285834,4397.0,4397.0,1256.81,8.3889,1633.85,LOW
POL009272,0,0,1.0,0.455883,11844.12,11844.12,5399.53,9.3797,7019.39,MODERATE
POL009273,0,0,1.0,0.264397,5216.56,5216.56,1379.24,8.5598,1793.02,LOW
POL009274,0,0,1.0,0.201346,5688.59,5688.59,1145.37,8.6464,1488.98,LOW
POL009275,0,0,0.25,0.408367,4806.02,4806.02,1962.62,8.4778,2551.41,MODERATE
POL009276,0,0,0.25,0.191694,36958.25,36958.25,7084.67,10.5176,9210.07,HIGH
POL009277,0,0,0.5,0.581089,10681.68,10681.68,6207.01,9.2764,8069.11,HIGH
POL009278,0,0,0.6612,0.756934,17983.05,17983.05,13611.98,9.7972,17695.57,VERY_HIGH
POL009279,0,0,0.4014,0.361257,6600.48,6600.48,2384.47,8.795,3099.81,MODERATE
POL009280,0,0,0.8595,0.500631,5497.23,5497.23,2752.09,8.6122,3577.71,MODERATE
POL009281,0,0,0.5,0.630782,5409.35,5409.35,3412.12,8.5961,4435.76,MODERATE
POL009282,1,4735,0.6797,0.821252,6350.7,6350.7,5215.53,8.7565,6780.19,MODERATE
POL009283,0,0,0.2284,0.475718,54441.34,54441.34,25898.72,10.9049,33668.34,VERY_HIGH
POL009284,0,0,1.0,0.247791,5680.22,5680.22,1407.5,8.6449,1829.76,LOW
POL009285,1,2373,0.5,0.319264,8658.09,8658.09,2764.22,9.0664,3593.49,MODERATE
POL009286,0,0,1.0,0.455468,15782.19,15782.19,7188.29,9.6667,9344.77,HIGH
POL009287,0,0,0.1591,0.603505,17951.94,17951.94,10834.08,9.7955,14084.31,HIGH
POL009288,0,0,1.0,0.347562,3557.96,3557.96,1236.61,8.1772,1607.59,LOW
POL009289,1,6414,1.0,0.709357,7397.06,7397.06,5247.16,8.909,6821.3,MODERATE
POL009290,0,0,0.3327,0.477303,12364.99,12364.99,5901.85,9.4227,7672.4,HIGH
POL009291,0,0,0.5,0.456388,4003.13,4003.13,1826.98,8.2951,2375.07,MODERATE
POL009292,1,7846,0.5,0.883346,16182.43,16182.43,14294.69,9.6917,18583.1,VERY_HIGH
POL009293,0,0,0.184,0.386752,12434.09,12434.09,4808.91,9.4283,6251.59,MODERATE
POL009294,0,0,1.0,0.463887,21222.99,21222.99,9845.06,9.9629,12798.58,HIGH
POL009295,0,0,0.8564,0.453875,10514.24,10514.24,4772.15,9.2606,6203.79,MODERATE
POL009296,0,0,0.3563,0.312338,20065.98,20065.98,6267.36,9.9068,8147.57,HIGH
POL009297,0,0,0.7395,0.50419,7458.84,7458.84,3760.67,8.9173,4888.87,MODERATE
POL009298,0,0,0.5,0.202784,6962.25,6962.25,1411.84,8.8484,1835.39,LOW
POL009299,0,0,0.5,0.403843,13887.79,13887.79,5608.48,9.5388,7291.03,HIGH
POL009300,0,0,0.5,0.223149,4679.37,4679.37,1044.19,8.4511,1357.45,LOW
POL009301,0,0,0.9825,0.66496,4146.97,4146.97,2757.57,8.3304,3584.84,MODERATE
POL009302,0,0,0.5,0.201173,4559.61,4559.61,917.27,8.4252,1192.45,LOW
POL009303,1,6690,0.4706,0.917283,11827.13,11827.13,10848.83,9.3782,14103.48,HIGH
POL009304,0,0,0.5019,0.298906,10512.43,10512.43,3142.22,9.2604,4084.89,MODERATE
POL009305,0,0,0.25,0.434331,3783.11,3783.11,1643.12,8.2386,2136.06,LOW
POL009306,0,0,0.5,0.32713,5049.55,5049.55,1651.86,8.5273,2147.42,LOW
POL009307,1,5155,0.5,0.750181,4170.18,4170.18,3128.39,8.336,4066.91,MODERATE
POL009308,0,0,0.53,0.240858,20741.5,20741.5,4995.76,9.9399,6494.49,MODERATE
POL009309,0,0,0.3957,0.754545,11686.74,11686.74,8818.17,9.3663,11463.63,HIGH
POL009310,1,2845,1.0,0.31457,6154.93,6154.93,1936.16,8.7252,2517.01,MODERATE
POL009311,0,0,0.7711,0.18424,8660.74,8660.74,1595.65,9.0667,2074.35,LOW
POL009312,0,0,0.5,0.335108,6666.76,6666.76,2234.08,8.805,2904.31,MODERATE
POL009313,0,0,1.0,0.184879,8225.79,8225.79,1520.77,9.0152,1977.0,LOW
POL009314,0,0,0.6463,0.11263,8113.16,8113.16,913.79,9.0014,1187.93,LOW
POL009315,0,0,0.25,0.478957,10044.25,10044.25,4810.76,9.2149,6253.99,MODERATE
POL009316,0,0,0.7892,0.833272,6091.0,6091.0,5075.46,8.7147,6598.09,MODERATE
POL009317,0,0,0.5,0.249474,4305.17,4305.17,1074.03,8.3678,1396.24,LOW
POL009318,0,0,1.0,0.635076,16434.3,16434.3,10437.02,9.7072,13568.13,HIGH
POL009319,0,0,1.0,0.731717,5356.7,5356.7,3919.59,8.5863,5095.46,MODERATE
POL009320,0,0,0.4001,0.536283,5408.49,5408.49,2900.48,8.5959,3770.62,MODERATE
POL009321,0,0,0.1726,0.537456,13544.51,13544.51,7279.57,9.5138,9463.45,HIGH
POL009322,1,524409,0.2577,0.834956,38312.76,38312.76,31989.48,10.5536,41586.32,VERY_HIGH
POL009323,1,1931,1.0,0.342321,3634.81,3634.81,1244.27,8.1986,1617.55,LOW
POL009324,0,0,1.0,0.4646,9113.01,9113.01,4233.91,9.1176,5504.08,MODERATE
POL009325,0,0,0.25,0.351079,39464.67,39464.67,13855.23,10.5832,18011.8,VERY_HIGH
POL009326,1,9077,1.0,0.923253,12827.36,12827.36,11842.9,9.4594,15395.77,HIGH
POL009327,0,0,1.0,0.316008,5469.59,5469.59,1728.43,8.6071,2246.97,LOW
POL009328,0,0,0.7061,0.478232,10046.48,10046.48,4804.55,9.2151,6245.91,MODERATE
POL009329,0,0,0.5,0.550237,13541.37,13541.37,7450.96,9.5136,9686.25,HIGH
POL009330,0,0,0.5,0.200918,19804.52,19804.52,3979.09,9.8937,5172.82,MODERATE
POL009331,0,0,0.4719,0.555826,9737.08,9737.08,5412.13,9.1838,7035.76,MODERATE
POL009332,0,0,0.3578,0.738472,3872.39,3872.39,2859.65,8.2619,3717.55,MODERATE
POL009333,0,0,1.0,0.299254,6055.25,6055.25,1812.06,8.7088,2355.67,MODERATE
POL009334,0,0,0.5,0.567308,10040.92,10040.92,5696.29,9.2145,7405.18,HIGH
POL009335,0,0,0.2552,0.577603,11348.27,11348.27,6554.8,9.3369,8521.24,HIGH
POL009336,1,768,1.0,0.841204,5027.84,5027.84,4229.44,8.5229,5498.27,MODERATE
POL009337,0,0,0.5073,0.501095,5427.24,5427.24,2719.56,8.5994,3535.43,MODERATE
POL009338,0,0,1.0,0.331942,5627.57,5627.57,1868.03,8.6356,2428.43,MODERATE
POL009339,1,12032,0.359,0.635184,16741.36,16741.36,10633.84,9.7257,13823.99,HIGH
POL009340,0,0,0.2343,0.200125,9479.1,9479.1,1897.0,9.157,2466.11,MODERATE
POL009341,0,0,1.0,0.55913,3607.78,3607.78,2017.22,8.1911,2622.38,MODERATE
POL009342,0,0,0.5,0.486122,19153.45,19153.45,9310.92,9.8603,12104.2,HIGH
POL009343,0,0,0.5,0.537415,5775.7,5775.7,3103.95,8.6616,4035.13,MODERATE
POL009344,0,0,0.25,0.520091,6277.35,6277.35,3264.79,8.7449,4244.23,MODERATE
POL009345,0,0,1.0,0.328357,7031.4,7031.4,2308.81,8.8583,3001.45,MODERATE
POL009346,0,0,1.0,0.213576,12203.62,12203.62,2606.39,9.4096,3388.31,MODERATE
POL009347,0,0,1.0,0.3872,4135.4,4135.4,1601.23,8.3276,2081.59,LOW
POL009348,0,0,0.134,0.266217,83763.29,83763.29,22299.25,11.3358,28989.03,VERY_HIGH
POL009349,0,0,0.5,0.263276,7336.98,7336.98,1931.65,8.9008,2511.15,MODERATE
POL009350,0,0,0.25,0.838619,8206.84,8206.84,6882.41,9.0128,8947.13,HIGH
POL009351,0,0,0.1259,0.325994,10615.66,10615.66,3460.64,9.2702,4498.83,MODERATE
POL009352,0,0,0.5,0.306777,15798.39,15798.39,4846.58,9.6677,6300.56,MODERATE
POL009353,0,0,0.25,0.22889,8283.43,8283.43,1895.99,9.0221,2464.79,MODERATE
POL009354,0,0,1.0,0.396634,13411.4,13411.4,5319.42,9.5039,6915.25,MODERATE
POL009355,0,0,0.6015,0.509622,5270.81,5270.81,2686.12,8.5701,3491.96,MODERATE
POL009356,0,0,0.8416,0.308582,31787.39,31787.39,9809.01,10.3669,12751.72,HIGH
POL009357,0,0,0.5716,0.637962,5960.48,5960.48,3802.56,8.6931,4943.33,MODERATE
POL009358,1,18549,0.5,0.561309,8067.16,8067.16,4528.17,8.9957,5886.62,MODERATE
POL009359,1,23505,0.25,0.428829,35934.15,35934.15,15409.62,10.4895,20032.51,VERY_HIGH
POL009360,0,0,0.8986,0.399773,30794.27,30794.27,12310.73,10.3351,16003.95,VERY_HIGH
POL009361,0,0,0.9315,0.048651,8010.27,8010.27,389.7,8.9886,506.61,LOW
POL009362,0,0,0.5,0.591581,8492.81,8492.81,5024.18,9.0471,6531.44,MODERATE
POL009363,1,3659,0.3208,0.604294,5966.91,5966.91,3605.77,8.6942,4687.5,MODERATE
POL009364,0,0,0.3381,0.588651,12218.21,12218.21,7192.26,9.4108,9349.93,HIGH
POL009365,0,0,0.25,0.400643,6714.4,6714.4,2690.08,8.8122,3497.1,MODERATE
POL009366,0,0,1.0,0.441527,3882.96,3882.96,1714.43,8.2646,2228.76,LOW
POL009367,0,0,1.0,0.547692,7311.68,7311.68,4004.55,8.8974,5205.91,MODERATE
POL009368,0,0,1.0,0.354056,13030.44,13030.44,4613.5,9.4751,5997.56,MODERATE
POL009369,1,4183,0.5136,0.460496,3992.96,3992.96,1838.74,8.2925,2390.37,MODERATE
POL009370,0,0,0.4724,0.133664,61434.86,61434.86,8211.61,11.0257,10675.09,HIGH
POL009371,0,0,1.0,0.330132,12324.44,12324.44,4068.69,9.4194,5289.3,MODERATE
POL009372,0,0,0.6942,0.234627,4915.53,4915.53,1153.31,8.5004,1499.31,LOW
POL009373,0,0,1.0,0.615056,7938.13,7938.13,4882.39,8.9796,6347.11,MODERATE
POL009374,0,0,0.5,0.685026,8911.74,8911.74,6104.78,9.0952,7936.21,HIGH
POL009375,0,0,1.0,0.502823,4407.6,4407.6,2216.24,8.3913,2881.11,MODERATE
POL009376,0,0,0.5,0.280395,8715.25,8715.25,2443.71,9.0729,3176.82,MODERATE
POL009377,0,0,0.6294,0.614063,5961.93,5961.93,3661.0,8.6933,4759.3,MODERATE
POL009378,0,0,0.5,0.176925,8332.43,8332.43,1474.21,9.028,1916.48,LOW
POL009379,0,0,0.9861,0.152897,8463.26,8463.26,1294.0,9.0436,1682.21,LOW
POL009380,0,0,0.5,0.386518,6753.52,6753.52,2610.36,8.818,3393.47,MODERATE
POL009381,0,0,0.5659,0.352479,8288.4,8288.4,2921.48,9.0227,3797.93,MODERATE
POL009382,0,0,0.3422,0.110887,18339.31,18339.31,2033.6,9.8169,2643.68,MODERATE
POL009383,0,0,0.832,0.789728,20361.98,20361.98,16080.44,9.9215,20904.57,VERY_HIGH
POL009384,0,0,0.4493,0.612651,8193.42,8193.42,5019.71,9.0112,6525.63,MODERATE
POL009385,0,0,0.5,0.83921,4941.35,4941.35,4146.83,8.5056,5390.88,MODERATE
POL009386,1,6043,1.0,0.819773,7749.32,7749.32,6352.69,8.9555,8258.49,HIGH
POL009387,1,7165,1.0,0.175244,4300.85,4300.85,753.7,8.3668,979.81,LOW
POL009388,0,0,0.5457,0.2865,11118.04,11118.04,3185.32,9.3164,4140.92,MODERATE
POL009389,0,0,0.5,0.257161,5061.79,5061.79,1301.7,8.5297,1692.2,LOW
POL009390,0,0,0.3913,0.458786,12611.81,12611.81,5786.12,9.4425,7521.95,HIGH
POL009391,1,14552,0.5,0.758027,5179.97,5179.97,3926.56,8.5527,5104.52,MODERATE
POL009392,0,0,0.9307,0.119603,5633.81,5633.81,673.82,8.6367,875.97,LOW
POL009393,0,0,0.7068,0.353929,5360.56,5360.56,1897.26,8.587,2466.44,MODERATE
POL009394,0,0,0.5,0.579727,13413.63,13413.63,7776.24,9.5041,10109.12,HIGH
POL009395,0,0,0.7149,0.741162,4492.68,4492.68,3329.81,8.4104,4328.75,MODERATE
POL009396,0,0,0.5,0.420632,7367.97,7367.97,3099.2,8.905,4028.97,MODERATE
POL009397,1,8776,0.25,0.694375,12438.28,12438.28,8636.83,9.4286,11227.88,HIGH
POL009398,0,0,0.25,0.229645,8610.3,8610.3,1977.31,9.0608,2570.51,MODERATE
POL009399,0,0,1.0,0.260805,5709.53,5709.53,1489.07,8.6501,1935.79,LOW
POL009400,0,0,0.5763,0.387394,4324.44,4324.44,1675.26,8.3723,2177.84,LOW
POL009401,0,0,0.25,0.341211,6604.2,6604.2,2253.43,8.7956,2929.45,MODERATE
POL009402,0,0,0.543,0.350513,7351.02,7351.02,2576.63,8.9027,3349.62,MODERATE
POL009403,0,0,0.25,0.376063,10494.18,10494.18,3946.48,9.2587,5130.42,MODERATE
POL009404,0,0,0.5,0.497193,29742.01,29742.01,14787.52,10.3003,19223.77,VERY_HIGH
POL009405,0,0,0.5,0.239794,17058.07,17058.07,4090.43,9.7444,5317.56,MODERATE
POL009406,0,0,0.5,0.429645,3384.14,3384.14,1453.98,8.1272,1890.17,LOW
POL009407,0,0,1.0,0.258735,4639.15,4639.15,1200.31,8.4425,1560.41,LOW
POL009408,0,0,0.3891,0.329673,14576.51,14576.51,4805.49,9.5872,6247.13,MODERATE
POL009409,0,0,1.0,0.134428,11708.79,11708.79,1573.99,9.3682,2046.19,LOW
POL009410,1,4715,0.6632,0.339734,10897.29,10897.29,3702.19,9.2964,4812.84,MODERATE
POL009411,0,0,1.0,0.393397,6606.72,6606.72,2599.06,8.796,3378.78,MODERATE
POL009412,0,0,0.4897,0.44369,3359.17,3359.17,1490.43,8.1197,1937.56,LOW
POL009413,0,0,1.0,0.27197,6829.25,6829.25,1857.35,8.8291,2414.55,MODERATE
POL009414,1,8336,0.25,0.421489,19742.07,19742.07,8321.06,9.8906,10817.37,HIGH
POL009415,0,0,1.0,0.311682,12847.18,12847.18,4004.23,9.461,5205.5,MODERATE
POL009416,0,0,0.5,0.442186,9764.07,9764.07,4317.53,9.1866,5612.79,MODERATE
POL009417,0,0,1.0,0.180841,5170.84,5170.84,935.1,8.551,1215.63,LOW
POL009418,0,0,0.2022,0.862238,28315.51,28315.51,24414.72,10.2512,31739.14,VERY_HIGH
POL009419,0,0,1.0,0.31045,5000.98,5000.98,1552.55,8.5176,2018.32,LOW
POL009420,0,0,0.5,0.373397,6442.27,6442.27,2405.52,8.7708,3127.18,MODERATE
POL009421,0,0,0.3234,0.772119,36734.75,36734.75,28363.6,10.5115,36872.68,VERY_HIGH
POL009422,0,0,0.5376,0.293339,21291.33,21291.33,6245.58,9.9661,8119.25,HIGH
POL009423,0,0,1.0,0.784252,7250.27,7250.27,5686.04,8.8889,7391.85,HIGH
POL009424,0,0,1.0,0.395888,15561.39,15561.39,6160.56,9.6526,8008.73,HIGH
POL009425,0,0,1.0,0.197389,12313.94,12313.94,2430.63,9.4186,3159.82,MODERATE
POL009426,0,0,0.8456,0.224109,37375.54,37375.54,8376.21,10.5288,10889.07,HIGH
POL009427,0,0,0.5,0.305119,4872.22,4872.22,1486.61,8.4915,1932.59,LOW
POL009428,0,0,0.25,0.441931,9087.19,9087.19,4015.91,9.1147,5220.68,MODERATE
POL009429,0,0,1.0,0.470655,1977.51,1977.51,930.73,7.5901,1209.94,LOW
POL009430,0,0,0.25,0.740995,5409.56,5409.56,4008.46,8.5961,5211.0,MODERATE
POL009431,0,0,1.0,0.633296,7039.68,7039.68,4458.2,8.8595,5795.66,MODERATE
POL009432,0,0,0.4488,0.514878,7658.08,7658.08,3942.97,8.9436,5125.87,MODERATE
POL009433,1,19045,0.8968,0.460259,4765.83,4765.83,2193.52,8.4694,2851.57,MODERATE
POL009434,0,0,0.2056,0.501191,24149.45,24149.45,12103.48,10.0921,15734.52,VERY_HIGH
POL009435,0,0,0.7344,0.331498,10395.82,10395.82,3446.19,9.2493,4480.05,MODERATE
POL009436,0,0,0.3975,0.446858,11252.06,11252.06,5028.07,9.3284,6536.49,MODERATE
POL009437,0,0,0.4313,0.486905,9134.48,9134.48,4447.62,9.1199,5781.91,MODERATE
POL009438,0,0,0.25,0.180364,5211.63,5211.63,939.99,8.5588,1221.99,LOW
POL009439,0,0,1.0,0.292409,5118.32,5118.32,1496.64,8.5408,1945.63,LOW
POL009440,1,4977,1.0,0.884552,8229.88,8229.88,7279.76,9.0156,9463.69,HIGH
POL009441,1,15140,0.5,0.427002,5003.7,5003.7,2136.59,8.5181,2777.57,MODERATE
POL009442,0,0,1.0,0.514545,11680.49,11680.49,6010.14,9.3658,7813.18,HIGH
POL009443,0,0,0.5,0.341491,8371.34,8371.34,2858.74,9.0327,3716.36,MODERATE
POL009444,0,0,0.1798,0.633463,11439.5,11439.5,7246.5,9.3449,9420.45,HIGH
POL009445,1,10197,0.1734,0.531274,9526.62,9526.62,5061.25,9.162,6579.62,MODERATE
POL009446,0,0,1.0,0.463768,5358.7,5358.7,2485.19,8.5867,3230.75,MODERATE
POL009447,0,0,0.25,0.685976,21875.7,21875.7,15006.21,9.9932,19508.08,VERY_HIGH
POL009448,0,0,0.5,0.411402,11124.76,11124.76,4576.75,9.317,5949.78,MODERATE
POL009449,0,0,0.5,0.367349,7343.1,7343.1,2697.48,8.9017,3506.73,MODERATE
POL009450,0,0,0.8396,0.121728,4406.55,4406.55,536.4,8.3911,697.32,LOW
POL009451,0,0,0.5,0.290214,8282.5,8282.5,2403.7,9.022,3124.8,MODERATE
POL009452,0,0,0.25,0.399207,24215.01,24215.01,9666.8,10.0948,12566.84,HIGH
POL009453,0,0,0.7809,0.359481,3290.96,3290.96,1183.04,8.0992,1537.95,LOW
POL009454,0,0,0.5,0.38415,3852.06,3852.06,1479.77,8.2566,1923.7,LOW
POL009455,0,0,1.0,0.426849,16716.24,16716.24,7135.31,9.7242,9275.9,HIGH
POL009456,0,0,0.25,0.49232,4242.03,4242.03,2088.43,8.353,2714.96,MODERATE
POL009457,0,0,1.0,0.385348,2978.07,2978.07,1147.59,7.9994,1491.87,LOW
POL009458,0,0,0.5874,0.411409,11838.6,11838.6,4870.5,9.3792,6331.66,MODERATE
POL009459,0,0,0.7101,0.53547,14881.68,14881.68,7968.7,9.608,10359.31,HIGH
POL009460,0,0,1.0,0.250329,7016.16,7016.16,1756.35,8.8561,2283.25,LOW
POL009461,0,0,0.3967,0.42966,5238.74,5238.74,2250.88,8.564,2926.14,MODERATE
POL009462,0,0,1.0,0.230909,2827.92,2827.92,652.99,7.9477,848.89,LOW
POL009463,1,6604,1.0,0.804756,5279.03,5279.03,4248.33,8.5717,5522.83,MODERATE
POL009464,0,0,0.25,0.276934,8260.95,8260.95,2287.73,9.0194,2974.05,MODERATE
POL009465,1,7875,1.0,0.642883,9479.99,9479.99,6094.52,9.157,7922.87,HIGH
POL009466,0,0,1.0,0.162448,4425.44,4425.44,718.9,8.3954,934.58,LOW
POL009467,0,0,1.0,0.565049,11539.26,11539.26,6520.25,9.3536,8476.33,HIGH
POL009468,0,0,1.0,0.315651,20287.01,20287.01,6403.62,9.9178,8324.7,HIGH
POL009469,0,0,0.1309,0.379621,13407.73,13407.73,5089.85,9.5037,6616.81,MODERATE
POL009470,0,0,1.0,0.418375,4659.76,4659.76,1949.53,8.4469,2534.39,MODERATE
POL009471,0,0,1.0,0.239509,4966.92,4966.92,1189.62,8.5108,1546.51,LOW
POL009472,0,0,0.5107,0.700925,19874.88,19874.88,13930.8,9.8973,18110.05,VERY_HIGH
POL009473,0,0,1.0,0.558249,7148.09,7148.09,3990.42,8.8747,5187.54,MODERATE
POL009474,0,0,0.6978,0.427334,3693.8,3693.8,1578.49,8.2147,2052.03,LOW
POL009475,0,0,1.0,0.269899,10707.68,10707.68,2889.99,9.2788,3756.99,MODERATE
POL009476,0,0,0.1933,0.41055,9960.73,9960.73,4089.37,9.2065,5316.18,MODERATE
POL009477,0,0,0.3681,0.407803,11513.69,11513.69,4695.32,9.3514,6103.92,MODERATE
POL009478,0,0,0.3859,0.392472,46647.89,46647.89,18307.99,10.7504,23800.39,VERY_HIGH
POL009479,0,0,1.0,0.157917,5275.56,5275.56,833.1,8.571,1083.03,LOW
POL009480,0,0,0.25,0.616075,12302.66,12302.66,7579.37,9.4177,9853.18,HIGH
POL009481,0,0,1.0,0.465634,5382.06,5382.06,2506.07,8.591,3257.89,MODERATE
POL009482,0,0,1.0,0.295562,7827.99,7827.99,2313.66,8.9656,3007.75,MODERATE
POL009483,0,0,0.7989,0.315143,11917.9,11917.9,3755.84,9.3859,4882.59,MODERATE
POL009484,1,6393,0.25,0.744676,19261.87,19261.87,14343.86,9.8659,18647.02,VERY_HIGH
POL009485,0,0,1.0,0.231502,5345.88,5345.88,1237.58,8.5843,1608.86,LOW
POL009486,0,0,0.5,0.261231,16135.83,16135.83,4215.17,9.6889,5479.72,MODERATE
POL009487,0,0,0.6788,0.640429,13994.06,13994.06,8962.2,9.5465,11650.87,HIGH
POL009488,0,0,1.0,0.268992,9310.22,9310.22,2504.38,9.139,3255.69,MODERATE
POL009489,0,0,0.5386,0.145464,16237.65,16237.65,2361.99,9.6951,3070.59,MODERATE
POL009490,0,0,1.0,0.265862,7652.04,7652.04,2034.39,8.9429,2644.7,MODERATE
POL009491,0,0,0.2421,0.781534,18800.21,18800.21,14693.01,9.8417,19100.91,VERY_HIGH
POL009492,0,0,0.1926,0.692094,26388.08,26388.08,18263.03,10.1807,23741.93,VERY_HIGH
POL009493,0,0,0.3063,0.389893,6143.13,6143.13,2395.16,8.7233,3113.71,MODERATE
POL009494,0,0,1.0,0.312011,14612.41,14612.41,4559.23,9.5897,5927.0,MODERATE
POL009495,0,0,0.25,0.137758,5560.63,5560.63,766.02,8.6236,995.83,LOW
POL009496,0,0,1.0,0.373818,4893.64,4893.64,1829.33,8.4959,2378.13,MODERATE
POL009497,0,0,1.0,0.785274,8350.09,8350.09,6557.11,9.0301,8524.24,HIGH
POL009498,0,0,1.0,0.893794,3909.79,3909.79,3494.55,8.2715,4542.91,MODERATE
POL009499,0,0,0.5,0.243064,4795.88,4795.88,1165.71,8.4757,1515.42,LOW
POL009500,0,0,0.5,0.247989,5811.52,5811.52,1441.2,8.6678,1873.55,LOW
POL009501,0,0,0.1781,0.20862,16179.93,16179.93,3375.46,9.6916,4388.1,MODERATE
POL009502,1,5531,1.0,0.681474,7617.54,7617.54,5191.16,8.9383,6748.5,MODERATE
POL009503,0,0,0.8509,0.212671,6316.78,6316.78,1343.4,8.7511,1746.41,LOW
POL009504,0,0,0.1244,0.085897,43147.79,43147.79,3706.27,10.6724,4818.15,MODERATE
POL009505,0,0,1.0,0.243925,4767.02,4767.02,1162.8,8.4697,1511.64,LOW
POL009506,0,0,0.8597,0.484929,4875.64,4875.64,2364.34,8.4922,3073.64,MODERATE
POL009507,0,0,1.0,0.360885,5471.54,5471.54,1974.6,8.6075,2566.98,MODERATE
POL009508,0,0,0.2939,0.720228,23032.68,23032.68,16588.77,10.0447,21565.4,VERY_HIGH
POL009509,0,0,0.5623,0.855701,14345.39,14345.39,12275.36,9.5713,15957.97,VERY_HIGH
POL009510,1,6532,0.5,0.519497,9700.32,9700.32,5039.29,9.18,6551.08,MODERATE
POL009511,0,0,0.6078,0.446104,40169.22,40169.22,17919.66,10.6009,23295.56,VERY_HIGH
POL009512,1,25790,0.25,0.453064,6792.02,6792.02,3077.22,8.8237,4000.39,MODERATE
POL009513,1,12905,0.5188,0.942346,10648.33,10648.33,10034.4,9.2733,13044.73,HIGH
POL009514,0,0,0.8814,0.597342,13602.43,13602.43,8125.3,9.5181,10562.89,HIGH
POL009515,0,0,0.8416,0.461963,36551.76,36551.76,16885.57,10.5065,21951.24,VERY_HIGH
POL009516,0,0,0.4081,0.369605,10576.34,10576.34,3909.07,9.2665,5081.79,MODERATE
POL009517,0,0,0.9333,0.422824,7875.56,7875.56,3329.98,8.9716,4328.97,MODERATE
POL009518,0,0,0.5,0.418207,5039.38,5039.38,2107.5,8.5252,2739.75,MODERATE
POL009519,0,0,0.25,0.121826,14327.55,14327.55,1745.46,9.57,2269.1,LOW
POL009520,1,4293,0.25,0.724202,6967.54,6967.54,5045.9,8.8492,6559.67,MODERATE
POL009521,0,0,0.5,0.824272,5170.76,5170.76,4262.11,8.551,5540.74,MODERATE
POL009522,0,0,0.4587,0.296478,30846.56,30846.56,9145.32,10.3368,11888.91,HIGH
POL009523,0,0,0.4621,0.529616,15596.91,15596.91,8260.38,9.6549,10738.49,HIGH
POL009524,0,0,0.25,0.803493,10906.1,10906.1,8762.98,9.2972,11391.87,HIGH
POL009525,0,0,0.5999,0.265962,6641.92,6641.92,1766.5,8.8013,2296.45,LOW
POL009526,0,0,1.0,0.39077,8606.58,8606.58,3363.2,9.0604,4372.15,MODERATE
POL009527,0,0,0.7849,0.652534,24803.89,24803.89,16185.39,10.1188,21041.0,VERY_HIGH
POL009528,0,0,0.5649,0.592705,12065.02,12065.02,7151.0,9.3981,9296.3,HIGH
POL009529,0,0,0.4472,0.719347,20515.72,20515.72,14757.91,9.929,19185.29,VERY_HIGH
POL009530,0,0,0.4044,0.375033,28242.44,28242.44,10591.84,10.2486,13769.4,HIGH
POL009531,0,0,0.3186,0.251161,40820.19,40820.19,10252.43,10.617,13328.16,HIGH
POL009532,0,0,0.25,0.128994,8049.15,8049.15,1038.29,8.9934,1349.77,LOW
POL009533,0,0,1.0,0.527712,2735.18,2735.18,1443.39,7.9143,1876.41,LOW
POL009534,0,0,0.4263,0.57411,9371.62,9371.62,5380.34,9.1455,6994.44,MODERATE
POL009535,0,0,0.5,0.334353,9023.38,9023.38,3016.99,9.1077,3922.09,MODERATE
POL009536,0,0,0.177,0.505243,10488.05,10488.05,5299.02,9.2581,6888.72,MODERATE
POL009537,0,0,0.4186,0.226653,33479.26,33479.26,7588.16,10.4187,9864.61,HIGH
POL009538,0,0,1.0,0.34637,4947.6,4947.6,1713.7,8.5069,2227.81,LOW
POL009539,0,0,0.0779,0.320166,17173.47,17173.47,5498.36,9.7512,7147.87,MODERATE
POL009540,0,0,1.0,0.24068,6459.67,6459.67,1554.72,8.7735,2021.13,LOW
POL009541,0,0,0.5,0.605601,9796.3,9796.3,5932.65,9.1899,7712.45,HIGH
POL009542,0,0,1.0,0.556613,11431.38,11431.38,6362.85,9.3442,8271.7,HIGH
POL009543,0,0,0.5,0.56861,9395.73,9395.73,5342.5,9.1481,6945.25,MODERATE
POL009544,0,0,0.5,0.255117,3832.43,3832.43,977.72,8.2515,1271.03,LOW
POL009545,1,2653,0.7466,0.873721,4451.98,4451.98,3889.79,8.4013,5056.73,MODERATE
POL009546,0,0,1.0,0.099737,3269.33,3269.33,326.07,8.0926,500.0,LOW
POL009547,0,0,1.0,0.337954,7091.2,7091.2,2396.5,8.8668,3115.45,MODERATE
POL009548,0,0,0.25,0.496302,6071.05,6071.05,3013.07,8.7115,3917.0,MODERATE
POL009549,0,0,1.0,0.758469,6432.72,6432.72,4879.02,8.7693,6342.73,MODERATE
POL009550,0,0,0.3293,0.187975,16416.51,16416.51,3085.89,9.7061,4011.65,MODERATE
POL009551,0,0,0.5,0.593488,5175.42,5175.42,3071.55,8.5519,3993.02,MODERATE
POL009552,0,0,1.0,0.171025,6393.27,6393.27,1093.41,8.7632,1421.43,LOW
POL009553,0,0,0.7707,0.721635,9278.25,9278.25,6695.51,9.1355,8704.16,HIGH
POL009554,0,0,0.5,0.361049,16191.52,16191.52,5845.94,9.6923,7599.72,HIGH
POL009555,0,0,0.6909,0.62517,5961.0,5961.0,3726.64,8.6932,4844.63,MODERATE
POL009556,0,0,0.2469,0.156635,31116.09,31116.09,4873.87,10.3455,6336.03,MODERATE
POL009557,0,0,1.0,0.342875,18552.55,18552.55,6361.21,9.8284,8269.57,HIGH
POL009558,1,15260,0.2625,0.473603,8817.9,8817.9,4176.19,9.0847,5429.04,MODERATE
POL009559,0,0,0.8112,0.665015,10068.03,10068.03,6695.39,9.2172,8704.01,HIGH
POL009560,0,0,0.9198,0.194925,5967.62,5967.62,1163.24,8.6943,1512.21,LOW
POL009561,0,0,0.6193,0.343054,18996.57,18996.57,6516.85,9.8521,8471.91,HIGH
POL009562,0,0,0.5156,0.162458,6819.78,6819.78,1107.93,8.8277,1440.31,LOW
POL009563,1,7566,0.2658,0.662949,7836.2,7836.2,5195.0,8.9666,6753.5,MODERATE
POL009564,0,0,1.0,0.309446,12979.92,12979.92,4016.58,9.4712,5221.55,MODERATE
POL009565,0,0,0.7863,0.256417,8456.4,8456.4,2168.36,9.0428,2818.87,MODERATE
POL009566,1,2271,0.5,0.699618,6675.08,6675.08,4670.0,8.8063,6071.0,MODERATE
POL009567,0,0,1.0,0.394996,5492.24,5492.24,2169.41,8.6113,2820.23,MODERATE
POL009568,0,0,0.8191,0.52636,7964.55,7964.55,4192.22,8.9829,5449.89,MODERATE
POL009569,0,0,0.8503,0.479682,5492.32,5492.32,2634.57,8.6113,3424.94,MODERATE
POL009570,0,0,1.0,0.237398,3768.46,3768.46,894.63,8.2347,1163.01,LOW
POL009571,0,0,1.0,0.33987,2481.7,2481.7,843.45,7.8171,1096.49,LOW
POL009572,0,0,0.5,0.731536,12528.38,12528.38,9164.96,9.4358,11914.45,HIGH
POL009573,0,0,0.6665,0.261154,6449.09,6449.09,1684.21,8.7718,2189.47,LOW
POL009574,0,0,1.0,0.551854,4820.09,4820.09,2659.99,8.4808,3457.98,MODERATE
POL009575,0,0,0.5,0.204727,13383.82,13383.82,2740.03,9.5019,3562.03,MODERATE
POL009576,0,0,0.4181,0.227807,17236.41,17236.41,3926.57,9.7548,5104.54,MODERATE
POL009577,1,23076,0.8929,0.386614,14207.07,14207.07,5492.65,9.5616,7140.45,MODERATE
POL009578,0,0,0.5,0.650943,20908.94,20908.94,13610.54,9.948,17693.7,VERY_HIGH
POL009579,0,0,1.0,0.417323,5234.59,5234.59,2184.51,8.5632,2839.87,MODERATE
POL009580,0,0,1.0,0.485983,6870.63,6870.63,3339.01,8.8352,4340.71,MODERATE
POL009581,0,0,0.1272,0.356466,12512.4,12512.4,4460.25,9.4346,5798.32,MODERATE
POL009582,0,0,1.0,0.156143,5319.86,5319.86,830.66,8.5794,1079.86,LOW
POL009583,0,0,1.0,0.497371,15211.13,15211.13,7565.58,9.6298,9835.25,HIGH
POL009584,0,0,0.9616,0.267758,7676.59,7676.59,2055.47,8.9461,2672.11,MODERATE
POL009585,0,0,0.389,0.141959,4562.01,4562.01,647.62,8.4257,841.9,LOW
POL009586,1,4777,0.9029,0.457922,16813.98,16813.98,7699.5,9.73,10009.35,HIGH
POL009587,0,0,1.0,0.236667,6380.44,6380.44,1510.04,8.7611,1963.05,LOW
POL009588,1,26226,0.2911,0.893733,6248.32,6248.32,5584.33,8.7402,7259.63,HIGH
POL009589,0,0,0.831,0.313865,2490.95,2490.95,781.82,7.8208,1016.37,LOW
POL009590,0,0,0.9195,0.422111,19213.03,19213.03,8110.04,9.8634,10543.05,HIGH
POL009591,0,0,1.0,0.525878,4927.95,4927.95,2591.5,8.5029,3368.95,MODERATE
POL009592,1,961520,0.1536,0.650248,15897.17,15897.17,10337.1,9.674,13438.23,HIGH
POL009593,0,0,0.5,0.271657,3163.58,3163.58,859.41,8.0598,1117.23,LOW
POL009594,0,0,0.7739,0.249137,19081.51,19081.51,4753.91,9.8565,6180.09,MODERATE
POL009595,0,0,0.8843,0.156451,10982.65,10982.65,1718.24,9.3042,2233.71,LOW
POL009596,0,0,1.0,0.476663,2876.69,2876.69,1371.21,7.9647,1782.58,LOW
POL009597,1,9924,1.0,0.776414,11954.36,11954.36,9281.54,9.3889,12066.0,HIGH
POL009598,0,0,1.0,0.620205,7515.56,7515.56,4661.18,8.9249,6059.54,MODERATE
POL009599,0,0,0.5388,0.135916,20978.37,20978.37,2851.29,9.9513,3706.68,MODERATE
POL009600,1,13600,0.25,0.36433,7009.94,7009.94,2553.93,8.8552,3320.11,MODERATE
POL009601,0,0,0.5,0.229996,4016.75,4016.75,923.84,8.2985,1200.99,LOW
POL009602,0,0,0.25,0.095057,4681.1,4681.1,444.97,8.4515,578.47,LOW
POL009603,0,0,0.4043,0.229993,4202.28,4202.28,966.49,8.3436,1256.44,LOW
POL009604,0,0,1.0,0.253069,5389.63,5389.63,1363.95,8.5924,1773.13,LOW
POL009605,0,0,0.4075,0.778779,13870.82,13870.82,10802.31,9.5376,14043.0,HIGH
POL009606,0,0,0.2018,0.231219,12984.67,12984.67,3002.3,9.4716,3902.99,MODERATE
POL009607,0,0,0.9299,0.34708,6729.49,6729.49,2335.67,8.8144,3036.37,MODERATE
POL009608,0,0,0.5,0.291861,4708.18,4708.18,1374.13,8.4573,1786.37,LOW
POL009609,0,0,0.5955,0.184213,6292.61,6292.61,1159.18,8.7473,1506.93,LOW
POL009610,0,0,0.5,0.270003,19790.76,19790.76,5343.56,9.893,6946.62,MODERATE
POL009611,0,0,0.6883,0.247649,4867.31,4867.31,1205.38,8.4905,1567.0,LOW
POL009612,0,0,1.0,0.316604,5359.69,5359.69,1696.9,8.5868,2205.97,LOW
POL009613,0,0,0.8251,0.352499,12080.87,12080.87,4258.5,9.3995,5536.05,MODERATE
POL009614,0,0,0.452,0.542552,8829.74,8829.74,4790.6,9.086,6227.78,MODERATE
POL009615,0,0,0.5,0.206566,4344.63,4344.63,897.45,8.3769,1166.69,LOW
POL009616,0,0,0.5,0.502722,6507.06,6507.06,3271.25,8.7808,4252.62,MODERATE
POL009617,0,0,0.5,0.114723,7067.39,7067.39,810.79,8.8634,1054.03,LOW
POL009618,0,0,0.5,0.275407,6747.28,6747.28,1858.25,8.817,2415.72,MODERATE
POL009619,0,0,0.6117,0.466987,5540.75,5540.75,2587.46,8.6201,3363.69,MODERATE
POL009620,0,0,0.25,0.240203,11703.95,11703.95,2811.33,9.3678,3654.72,MODERATE
POL009621,0,0,0.5,0.180092,5983.05,5983.05,1077.5,8.6969,1400.75,LOW
POL009622,0,0,0.4564,0.417125,13183.15,13183.15,5499.02,9.4868,7148.73,MODERATE
POL009623,0,0,1.0,0.336766,3722.76,3722.76,1253.7,8.2225,1629.81,LOW
POL009624,0,0,0.4055,0.586912,33271.05,33271.05,19527.18,10.4125,25385.33,VERY_HIGH
POL009625,0,0,0.5,0.301895,9847.06,9847.06,2972.78,9.195,3864.61,MODERATE
POL009626,1,3946,1.0,0.173849,6295.84,6295.84,1094.52,8.7478,1422.88,LOW
POL009627,0,0,0.7921,0.751349,8181.37,8181.37,6147.06,9.0097,7991.18,HIGH
POL009628,0,0,0.25,0.503268,23834.81,23834.81,11995.31,10.0789,15593.9,HIGH
POL009629,0,0,1.0,0.382997,4088.06,4088.06,1565.71,8.3161,2035.42,LOW
POL009630,1,11483,0.25,0.662326,6656.55,6656.55,4408.8,8.8035,5731.45,MODERATE
POL009631,0,0,0.7252,0.299331,7110.95,7110.95,2128.53,8.8695,2767.09,MODERATE
POL009632,0,0,0.1864,0.286936,11019.52,11019.52,3161.89,9.3075,4110.46,MODERATE
POL009633,1,31394,0.2477,0.657606,12379.91,12379.91,8141.1,9.4239,10583.43,HIGH
POL009634,0,0,0.7257,0.378565,8280.6,8280.6,3134.75,9.0218,4075.17,MODERATE
POL009635,0,0,0.5,0.423097,4088.82,4088.82,1729.97,8.3163,2248.96,LOW
POL009636,1,9516,0.6528,0.387127,11835.96,11835.96,4582.03,9.379,5956.63,MODERATE
POL009637,0,0,0.25,0.319467,7360.74,7360.74,2351.52,8.9041,3056.97,MODERATE
POL009638,0,0,1.0,0.406922,4689.77,4689.77,1908.37,8.4534,2480.88,MODERATE
POL009639,0,0,1.0,0.491874,4509.16,4509.16,2217.94,8.4141,2883.32,MODERATE
POL009640,0,0,0.6728,0.390466,17906.8,17906.8,6992.0,9.793,9089.6,HIGH
POL009641,0,0,0.699,0.331625,5183.31,5183.31,1718.92,8.5534,2234.59,LOW
POL009642,0,0,0.5299,0.620321,20670.06,20670.06,12822.07,9.9365,16668.69,VERY_HIGH
POL009643,0,0,0.5,0.442507,13397.52,13397.52,5928.49,9.5029,7707.04,HIGH
POL009644,0,0,0.334,0.388809,13031.79,13031.79,5066.88,9.4752,6586.94,MODERATE
POL009645,0,0,1.0,0.135041,7477.98,7477.98,1009.83,8.9199,1312.79,LOW
POL009646,0,0,1.0,0.807648,7156.47,7156.47,5779.91,8.8759,7513.88,HIGH
POL009647,0,0,1.0,0.318815,5952.14,5952.14,1897.63,8.6917,2466.92,MODERATE
POL009648,0,0,0.5,0.354347,15962.15,15962.15,5656.13,9.678,7352.97,HIGH
POL009649,0,0,0.6105,0.478589,6506.1,6506.1,3113.75,8.7806,4047.88,MODERATE
POL009650,0,0,0.5795,0.470137,33008.42,33008.42,15518.48,10.4045,20174.02,VERY_HIGH
POL009651,0,0,1.0,0.205991,5746.42,5746.42,1183.71,8.6565,1538.83,LOW
POL009652,0,0,0.5095,0.54274,11737.52,11737.52,6370.42,9.3706,8281.55,HIGH
POL009653,0,0,0.5,0.23937,17831.24,17831.24,4268.26,9.7888,5548.74,MODERATE
POL009654,0,0,1.0,0.13155,5096.58,5096.58,670.45,8.5365,871.59,LOW
POL009655,0,0,0.8968,0.410146,6164.59,6164.59,2528.38,8.7267,3286.9,MODERATE
POL009656,0,0,0.25,0.393954,5252.57,5252.57,2069.27,8.5667,2690.06,MODERATE
POL009657,0,0,0.25,0.442034,20312.84,20312.84,8978.97,9.9191,11672.66,HIGH
POL009658,0,0,0.3143,0.638548,13268.38,13268.38,8472.5,9.4932,11014.25,HIGH
POL009659,0,0,1.0,0.763548,7106.39,7106.39,5426.07,8.8689,7053.89,MODERATE
POL009660,0,0,1.0,0.641816,10467.95,10467.95,6718.5,9.2562,8734.05,HIGH
POL009661,0,0,1.0,0.681132,5894.23,5894.23,4014.74,8.6819,5219.17,MODERATE
POL009662,0,0,0.1507,0.168307,8845.04,8845.04,1488.68,9.0877,1935.28,LOW
POL009663,0,0,0.2336,0.240055,10145.46,10145.46,2435.47,9.2249,3166.11,MODERATE
POL009664,0,0,0.1299,0.208455,16671.43,16671.43,3475.25,9.7215,4517.82,MODERATE
POL009665,0,0,1.0,0.270046,6862.25,6862.25,1853.12,8.8339,2409.06,MODERATE
POL009666,0,0,1.0,0.599908,7954.58,7954.58,4772.02,8.9816,6203.62,MODERATE
POL009667,1,1120,0.5,0.376508,4908.0,4908.0,1847.9,8.4988,2402.27,MODERATE
POL009668,1,5489,0.5,0.615184,5759.94,5759.94,3543.42,8.6589,4606.45,MODERATE
POL009669,0,0,0.6043,0.493693,8190.8,8190.8,4043.74,9.0109,5256.86,MODERATE
POL009670,0,0,0.25,0.589067,6974.71,6974.71,4108.57,8.8502,5341.14,MODERATE
POL009671,0,0,0.2408,0.514948,8979.12,8979.12,4623.78,9.1028,6010.91,MODERATE
POL009672,0,0,0.1906,0.226883,12835.77,12835.77,2912.22,9.4601,3785.89,MODERATE
POL009673,0,0,0.5529,0.225424,3656.91,3656.91,824.36,8.2046,1071.66,LOW
POL009674,0,0,0.31,0.221764,25937.63,25937.63,5752.03,10.1635,7477.65,HIGH
POL009675,0,0,1.0,0.112868,4928.04,4928.04,556.22,8.5029,723.08,LOW
POL009676,0,0,1.0,0.300768,4618.43,4618.43,1389.07,8.438,1805.8,LOW
POL009677,0,0,1.0,0.219804,5348.48,5348.48,1175.62,8.5848,1528.3,LOW
POL009678,0,0,1.0,0.649761,16653.97,16653.97,10821.1,9.7205,14067.43,HIGH
POL009679,0,0,0.4408,0.421674,14401.61,14401.61,6072.78,9.5752,7894.61,HIGH
POL009680,0,0,1.0,0.702624,9842.04,9842.04,6915.25,9.1945,8989.83,HIGH
POL009681,0,0,1.0,0.237827,8268.58,8268.58,1966.49,9.0203,2556.44,MODERATE
POL009682,0,0,1.0,0.416348,3709.05,3709.05,1544.26,8.2188,2007.53,LOW
POL009683,0,0,0.25,0.423569,17171.94,17171.94,7273.51,9.7511,9455.56,HIGH
POL009684,0,0,1.0,0.743754,9403.6,9403.6,6993.96,9.149,9092.15,HIGH
POL009685,1,2738,0.9532,0.429894,4631.1,4631.1,1990.89,8.4408,2588.15,MODERATE
POL009686,0,0,1.0,0.217134,5854.72,5854.72,1271.26,8.6752,1652.64,LOW
POL009687,0,0,0.3449,0.416742,18262.44,18262.44,7610.73,9.8127,9893.95,HIGH
POL009688,0,0,0.3101,0.310704,16695.13,16695.13,5187.24,9.7229,6743.41,MODERATE
POL009689,0,0,0.25,0.307127,30940.9,30940.9,9502.79,10.3399,12353.63,HIGH
POL009690,0,0,0.537,0.502994,9108.35,9108.35,4581.45,9.1171,5955.88,MODERATE
POL009691,0,0,1.0,0.392083,25016.38,25016.38,9808.5,10.1273,12751.05,HIGH
POL009692,0,0,0.4374,0.202406,3244.39,3244.39,656.68,8.085,853.69,LOW
POL009693,1,25797,0.1935,0.308336,11270.13,11270.13,3474.99,9.33,4517.48,MODERATE
POL009694,0,0,0.124,0.456036,14365.74,14365.74,6551.3,9.5727,8516.69,HIGH
POL009695,0,0,1.0,0.434928,4968.74,4968.74,2161.05,8.5111,2809.36,MODERATE
POL009696,0,0,1.0,0.281544,12392.57,12392.57,3489.05,9.4249,4535.76,MODERATE
POL009697,1,1637,0.3133,0.407213,13287.13,13287.13,5410.7,9.4946,7033.91,MODERATE
POL009698,1,5779,0.5,0.47403,5056.51,5056.51,2396.94,8.5286,3116.02,MODERATE
POL009699,0,0,0.25,0.309944,12077.26,12077.26,3743.27,9.3992,4866.25,MODERATE
POL009700,0,0,1.0,0.431371,4002.12,4002.12,1726.4,8.2948,2244.32,LOW
POL009701,0,0,0.5,0.267461,7600.78,7600.78,2032.91,8.9361,2642.79,MODERATE
POL009702,0,0,0.7083,0.51869,7039.2,7039.2,3651.16,8.8594,4746.51,MODERATE
POL009703,0,0,1.0,0.451849,11594.67,11594.67,5239.04,9.3584,6810.75,MODERATE
POL009704,0,0,0.2429,0.309758,12539.13,12539.13,3884.09,9.4367,5049.32,MODERATE
POL009705,0,0,0.9303,0.646459,3936.03,3936.03,2544.48,8.2782,3307.82,MODERATE
POL009706,0,0,0.2436,0.416859,40447.74,40447.74,16861.0,10.6078,21919.31,VERY_HIGH
POL009707,0,0,1.0,0.254996,5898.14,5898.14,1504.0,8.6826,1955.2,LOW
POL009708,0,0,0.361,0.402247,14578.3,14578.3,5864.07,9.5874,7623.29,HIGH
POL009709,0,0,0.8647,0.233651,14306.34,14306.34,3342.69,9.5685,4345.49,MODERATE
POL009710,0,0,1.0,0.610592,12931.36,12931.36,7895.78,9.4675,10264.52,HIGH
POL009711,0,0,0.25,0.211832,14603.1,14603.1,3093.4,9.5891,4021.42,MODERATE
POL009712,0,0,1.0,0.319249,5431.63,5431.63,1734.05,8.6002,2254.26,LOW
POL009713,0,0,0.9399,0.341054,26748.69,26748.69,9122.75,10.1943,11859.57,HIGH
POL009714,0,0,0.5,0.447966,4756.3,4756.3,2130.66,8.4674,2769.86,MODERATE
POL009715,0,0,0.9859,0.459237,14471.66,14471.66,6645.93,9.58,8639.71,HIGH
POL009716,0,0,0.7463,0.342742,21499.74,21499.74,7368.87,9.9758,9579.53,HIGH
POL009717,0,0,1.0,0.342011,4705.85,4705.85,1609.45,8.4568,2092.28,LOW
POL009718,0,0,0.5,0.17306,7006.98,7006.98,1212.63,8.8548,1576.42,LOW
POL009719,1,3553,0.4177,0.67377,6758.76,6758.76,4553.85,8.8187,5920.01,MODERATE
POL009720,0,0,0.8201,0.356949,3806.16,3806.16,1358.61,8.2446,1766.19,LOW
POL009721,1,2296,1.0,0.237104,3877.62,3877.62,919.4,8.2632,1195.22,LOW
POL009722,0,0,1.0,0.371482,5092.6,5092.6,1891.81,8.5357,2459.35,MODERATE
POL009723,1,8811,0.5,0.434358,15742.21,15742.21,6837.75,9.6642,8889.08,HIGH
POL009724,0,0,0.9692,0.394607,4947.79,4947.79,1952.43,8.5069,2538.16,MODERATE
POL009725,0,0,0.3312,0.426056,11516.36,11516.36,4906.62,9.3516,6378.6,MODERATE
POL009726,0,0,0.9204,0.511568,37127.54,37127.54,18993.28,10.5221,24691.26,VERY_HIGH
POL009727,0,0,0.25,0.465206,10285.71,10285.71,4784.97,9.2386,6220.46,MODERATE
POL009728,0,0,1.0,0.191412,7045.73,7045.73,1348.64,8.8603,1753.23,LOW
POL009729,0,0,0.9995,0.360375,5511.64,5511.64,1986.26,8.6148,2582.14,MODERATE
POL009730,1,6329,0.25,0.351595,14515.45,14515.45,5103.56,9.583,6634.63,MODERATE
POL009731,0,0,0.8495,0.399473,11120.69,11120.69,4442.42,9.3167,5775.15,MODERATE
POL009732,0,0,0.5,0.284649,9523.06,9523.06,2710.73,9.1616,3523.95,MODERATE
POL009733,0,0,1.0,0.235652,4030.36,4030.36,949.76,8.3019,1234.69,LOW
POL009734,0,0,0.25,0.531561,6756.82,6756.82,3591.66,8.8185,4669.16,MODERATE
POL009735,0,0,0.9018,0.580384,10402.42,10402.42,6037.4,9.2499,7848.62,HIGH
POL009736,0,0,0.4915,0.236831,5228.0,5228.0,1238.15,8.562,1609.6,LOW
POL009737,0,0,1.0,0.373424,7856.97,7856.97,2933.98,8.9693,3814.18,MODERATE
POL009738,0,0,0.7937,0.595504,14994.65,14994.65,8929.38,9.6155,11608.19,HIGH
POL009739,0,0,0.3828,0.307539,14920.56,14920.56,4588.66,9.6106,5965.26,MODERATE
POL009740,0,0,0.9879,0.58408,7425.44,7425.44,4337.05,8.9128,5638.17,MODERATE
POL009741,0,0,0.1536,0.413095,8066.49,8066.49,3332.23,8.9956,4331.9,MODERATE
POL009742,1,8424,0.9094,0.309156,26420.83,26420.83,8168.16,10.1819,10618.61,HIGH
POL009743,0,0,0.271,0.311512,32695.0,32695.0,10184.88,10.395,13240.34,HIGH
POL009744,0,0,1.0,0.379308,15872.94,15872.94,6020.74,9.6724,7826.96,HIGH
POL009745,0,0,0.266,0.666328,30328.35,30328.35,20208.62,10.3199,26271.21,VERY_HIGH
POL009746,0,0,1.0,0.608752,13705.98,13705.98,8343.54,9.5257,10846.6,HIGH
POL009747,1,12547,0.5,0.363751,4305.38,4305.38,1566.09,8.3679,2035.92,LOW
POL009748,1,25065,1.0,0.204002,5901.37,5901.37,1203.89,8.6831,1565.06,LOW
POL009749,1,23044,0.2412,0.71619,11716.03,11716.03,8390.9,9.3688,10908.17,HIGH
POL009750,0,0,1.0,0.222929,5645.59,5645.59,1258.56,8.6388,1636.13,LOW
POL009751,0,0,0.25,0.774541,12161.89,12161.89,9419.89,9.4061,12245.85,HIGH
POL009752,1,10362,1.0,0.262347,5041.43,5041.43,1322.61,8.5256,1719.39,LOW
POL009753,1,11550,0.2421,0.244429,9405.0,9405.0,2298.85,9.1491,2988.51,MODERATE
POL009754,0,0,0.25,0.508467,6353.99,6353.99,3230.79,8.757,4200.03,MODERATE
POL009755,0,0,0.2458,0.727209,21170.57,21170.57,15395.42,9.9604,20014.05,VERY_HIGH
POL009756,0,0,1.0,0.21875,5644.35,5644.35,1234.7,8.6386,1605.11,LOW
POL009757,1,17078,0.282,0.569775,9094.79,9094.79,5181.98,9.1156,6736.58,MODERATE
POL009758,0,0,0.5,0.515743,6207.85,6207.85,3201.65,8.7337,4162.15,MODERATE
POL009759,0,0,1.0,0.253869,9000.0,9000.0,2284.82,9.1051,2970.26,MODERATE
POL009760,0,0,0.5,0.210386,7329.49,7329.49,1542.02,8.8998,2004.63,LOW
POL009761,0,0,0.8683,0.422937,23446.83,23446.83,9916.53,10.0625,12891.49,HIGH
POL009762,0,0,0.4411,0.523339,16367.54,16367.54,8565.78,9.7031,11135.51,HIGH
POL009763,0,0,0.4328,0.748367,16387.92,16387.92,12264.17,9.7044,15943.42,VERY_HIGH
POL009764,0,0,0.2955,0.232096,17853.25,17853.25,4143.68,9.79,5386.78,MODERATE
POL009765,0,0,0.4198,0.570504,16126.62,16126.62,9200.3,9.6883,11960.39,HIGH
POL009766,0,0,0.2345,0.288554,13776.2,13776.2,3975.18,9.5308,5167.73,MODERATE
POL009767,0,0,1.0,0.520899,12482.76,12482.76,6502.26,9.4322,8452.93,HIGH
POL009768,0,0,0.5756,0.264282,19149.14,19149.14,5060.78,9.8601,6579.01,MODERATE
POL009769,0,0,0.3378,0.580854,8612.7,8612.7,5002.72,9.0611,6503.54,MODERATE
POL009770,0,0,0.8506,0.50695,17632.16,17632.16,8938.62,9.7775,11620.2,HIGH
POL009771,0,0,1.0,0.713377,6374.36,6374.36,4547.32,8.7602,5911.52,MODERATE
POL009772,0,0,1.0,0.671667,5897.08,5897.08,3960.87,8.6824,5149.14,MODERATE
POL009773,0,0,1.0,0.281995,2910.7,2910.7,820.8,7.9765,1067.04,LOW
POL009774,0,0,0.7633,0.815989,3311.31,3311.31,2701.99,8.1054,3512.59,MODERATE
POL009775,0,0,0.25,0.427085,11614.57,11614.57,4960.41,9.3601,6448.53,MODERATE
POL009776,0,0,0.2306,0.651094,10574.4,10574.4,6884.93,9.2663,8950.41,HIGH
POL009777,0,0,0.25,0.192195,6256.46,6256.46,1202.46,8.7415,1563.2,LOW
POL009778,0,0,0.4778,0.237126,10708.85,10708.85,2539.35,9.2789,3301.15,MODERATE
POL009779,0,0,0.5,0.42201,4414.73,4414.73,1863.06,8.3929,2421.98,MODERATE
POL009780,0,0,1.0,0.084085,5828.26,5828.26,490.07,8.6706,637.09,LOW
POL009781,0,0,0.721,0.267246,9491.39,9491.39,2536.54,9.1582,3297.5,MODERATE
POL009782,0,0,1.0,0.33156,8422.48,8422.48,2792.56,9.0388,3630.33,MODERATE
POL009783,0,0,1.0,0.361107,5893.12,5893.12,2128.05,8.6817,2766.46,MODERATE
POL009784,0,0,0.7256,0.266953,5750.57,5750.57,1535.13,8.6572,1995.67,LOW
POL009785,0,0,0.5,0.468308,9329.71,9329.71,4369.18,9.1411,5679.93,MODERATE
POL009786,0,0,0.5,0.661648,4075.11,4075.11,2696.28,8.3129,3505.17,MODERATE
POL009787,0,0,0.5,0.439868,18862.7,18862.7,8297.1,9.845,10786.23,HIGH
POL009788,0,0,0.3934,0.622511,10673.01,10673.01,6644.07,9.2756,8637.29,HIGH
POL009789,0,0,0.2682,0.760501,20871.34,20871.34,15872.68,9.9462,20634.48,VERY_HIGH
POL009790,0,0,0.5,0.552653,4399.71,4399.71,2431.51,8.3895,3160.97,MODERATE
POL009791,0,0,0.515,0.326133,14767.65,14767.65,4816.21,9.6003,6261.08,MODERATE
POL009792,0,0,0.25,0.238039,18203.54,18203.54,4333.15,9.8094,5633.1,MODERATE
POL009793,0,0,0.2684,0.251675,14076.16,14076.16,3542.62,9.5523,4605.4,MODERATE
POL009794,0,0,1.0,0.558745,18802.53,18802.53,10505.81,9.8418,13657.56,HIGH
POL009795,0,0,0.1932,0.492313,19029.12,19029.12,9368.29,9.8538,12178.78,HIGH
POL009796,0,0,0.4772,0.240895,23850.7,23850.7,5745.52,10.0796,7469.18,HIGH
POL009797,0,0,1.0,0.203763,52035.84,52035.84,10602.99,10.8597,13783.89,HIGH
POL009798,0,0,1.0,0.368018,4689.06,4689.06,1725.66,8.4532,2243.35,LOW
POL009799,0,0,0.5,0.621271,8553.73,8553.73,5314.19,9.0542,6908.44,MODERATE
POL009800,0,0,0.274,0.180859,35879.92,35879.92,6489.22,10.488,8435.98,HIGH
POL009801,0,0,0.2178,0.909731,10372.21,10372.21,9435.91,9.247,12266.69,HIGH
POL009802,0,0,0.5,0.283003,9978.22,9978.22,2823.87,9.2083,3671.03,MODERATE
POL009803,1,3821,1.0,0.428879,5308.21,5308.21,2276.58,8.5772,2959.55,MODERATE
POL009804,0,0,0.5,0.254573,5551.5,5551.5,1413.27,8.622,1837.25,LOW
POL009805,0,0,0.6434,0.214918,3101.45,3101.45,666.56,8.0399,866.53,LOW
POL009806,0,0,1.0,0.460242,45488.09,45488.09,20935.52,10.7252,27216.18,VERY_HIGH
POL009807,0,0,0.2375,0.312105,13847.65,13847.65,4321.92,9.5359,5618.49,MODERATE
POL009808,0,0,1.0,0.397084,6928.75,6928.75,2751.29,8.8436,3576.68,MODERATE
POL009809,0,0,1.0,0.350613,9061.95,9061.95,3177.23,9.112,4130.4,MODERATE
POL009810,0,0,0.4289,0.244067,7313.88,7313.88,1785.07,8.8977,2320.6,LOW
POL009811,0,0,0.7713,0.381399,10917.3,10917.3,4163.84,9.2982,5412.99,MODERATE
POL009812,0,0,0.6087,0.448357,4989.95,4989.95,2237.28,8.5154,2908.46,MODERATE
POL009813,0,0,0.631,0.718409,16040.86,16040.86,11523.89,9.683,14981.06,HIGH
POL009814,0,0,0.5,0.436386,11306.14,11306.14,4933.84,9.3332,6414.0,MODERATE
POL009815,0,0,0.5,0.245137,5450.3,5450.3,1336.07,8.6036,1736.89,LOW
POL009816,0,0,0.2156,0.543201,28872.09,28872.09,15683.35,10.2707,20388.35,VERY_HIGH
POL009817,1,5301,0.8202,0.282247,5400.06,5400.06,1524.15,8.5944,1981.4,LOW
POL009818,0,0,0.9454,0.777787,2454.73,2454.73,1909.25,7.8062,2482.03,MODERATE
POL009819,0,0,1.0,0.405566,3690.19,3690.19,1496.61,8.2137,1945.6,LOW
POL009820,0,0,0.5,0.485835,5330.89,5330.89,2589.93,8.5815,3366.91,MODERATE
POL009821,1,3030,0.4474,0.462892,7215.18,7215.18,3339.85,8.8841,4341.8,MODERATE
POL009822,0,0,0.6171,0.334484,32268.95,32268.95,10793.45,10.3819,14031.48,HIGH
POL009823,0,0,0.9232,0.736862,2560.67,2560.67,1886.86,7.8484,2452.92,MODERATE
POL009824,0,0,0.5251,0.639821,4922.7,4922.7,3149.64,8.5018,4094.54,MODERATE
POL009825,0,0,1.0,0.218263,3124.28,3124.28,681.92,8.0473,886.49,LOW
POL009826,0,0,1.0,0.149797,5676.03,5676.03,850.25,8.6442,1105.33,LOW
POL009827,0,0,0.25,0.25576,7879.6,7879.6,2015.28,8.9722,2619.87,MODERATE
POL009828,0,0,1.0,0.381568,3976.39,3976.39,1517.26,8.2884,1972.44,LOW
POL009829,0,0,0.25,0.683998,11174.85,11174.85,7643.57,9.3215,9936.64,HIGH
POL009830,0,0,1.0,0.406742,14264.8,14264.8,5802.09,9.5656,7542.71,HIGH
POL009831,0,0,0.5,0.257456,12074.97,12074.97,3108.77,9.399,4041.41,MODERATE
POL009832,0,0,0.4345,0.545581,18488.65,18488.65,10087.06,9.825,13113.18,HIGH
POL009833,0,0,1.0,0.190856,4638.8,4638.8,885.34,8.4424,1150.95,LOW
POL009834,1,5227,1.0,0.635988,6826.28,6826.28,4341.44,8.8287,5643.87,MODERATE
POL009835,0,0,0.5,0.325221,4603.43,4603.43,1497.13,8.4348,1946.27,LOW
POL009836,0,0,0.9266,0.445071,15217.06,15217.06,6772.68,9.6302,8804.48,HIGH
POL009837,1,8200,0.5,0.583747,7833.3,7833.3,4572.66,8.9663,5944.46,MODERATE
POL009838,0,0,1.0,0.300554,4580.44,4580.44,1376.67,8.4298,1789.67,LOW
POL009839,0,0,0.9928,0.491779,12181.1,12181.1,5990.41,9.4077,7787.54,HIGH
POL009840,0,0,0.3457,0.675969,36401.62,36401.62,24606.35,10.5024,31988.26,VERY_HIGH
POL009841,1,12023,0.3535,0.744108,21926.22,21926.22,16315.47,9.9955,21210.11,VERY_HIGH
POL009842,0,0,1.0,0.522274,18367.84,18367.84,9593.05,9.8184,12470.97,HIGH
POL009843,1,10247,0.7145,0.517248,24643.07,24643.07,12746.59,10.1123,16570.57,VERY_HIGH
POL009844,0,0,0.5,0.701638,8585.45,8585.45,6023.87,9.0579,7831.03,HIGH
POL009845,0,0,0.6628,0.273121,5166.07,5166.07,1410.96,8.5501,1834.25,LOW
POL009846,0,0,1.0,0.306016,3084.35,3084.35,943.86,8.0344,1227.02,LOW
POL009847,0,0,1.0,0.45418,14024.01,14024.01,6369.43,9.5486,8280.26,HIGH
POL009848,0,0,0.5,0.195308,8644.89,8644.89,1688.42,9.0648,2194.94,LOW
POL009849,0,0,0.8841,0.319048,5222.76,5222.76,1666.31,8.561,2166.21,LOW
POL009850,0,0,0.8279,0.346524,5209.33,5209.33,1805.16,8.5584,2346.71,MODERATE
POL009851,0,0,1.0,0.489808,3429.63,3429.63,1679.86,8.1405,2183.81,LOW
POL009852,0,0,1.0,0.374748,3063.04,3063.04,1147.87,8.0275,1492.23,LOW
POL009853,0,0,0.5,0.331579,12876.49,12876.49,4269.58,9.4632,5550.45,MODERATE
POL009854,0,0,1.0,0.330117,4066.14,4066.14,1342.3,8.3107,1744.99,LOW
POL009855,0,0,0.5,0.180888,8890.21,8890.21,1608.13,9.0928,2090.57,LOW
POL009856,0,0,0.5562,0.224922,6772.62,6772.62,1523.31,8.8208,1980.3,LOW
POL009857,0,0,0.25,0.51289,2900.3,2900.3,1487.53,7.9729,1933.79,LOW
POL009858,0,0,0.8401,0.701978,9378.88,9378.88,6583.77,9.1463,8558.89,HIGH
POL009859,0,0,0.2973,0.667255,15322.32,15322.32,10223.9,9.6371,13291.07,HIGH
POL009860,0,0,1.0,0.292786,5503.17,5503.17,1611.25,8.6133,2094.63,LOW
POL009861,0,0,1.0,0.484312,7969.4,7969.4,3859.67,8.9835,5017.58,MODERATE
POL009862,0,0,1.0,0.681904,8921.67,8921.67,6083.72,9.0964,7908.84,HIGH
POL009863,0,0,1.0,0.329514,8832.05,8832.05,2910.28,9.0863,3783.37,MODERATE
POL009864,0,0,0.25,0.742883,4988.57,4988.57,3705.93,8.5151,4817.7,MODERATE
POL009865,0,0,0.8517,0.434515,7278.51,7278.51,3162.62,8.8928,4111.41,MODERATE
POL009866,0,0,0.1758,0.390478,13482.99,13482.99,5264.81,9.5093,6844.25,MODERATE
POL009867,0,0,0.5,0.275784,3724.57,3724.57,1027.18,8.223,1335.33,LOW
POL009868,0,0,0.5507,0.404257,13928.41,13928.41,5630.65,9.5418,7319.85,HIGH
POL009869,0,0,0.4748,0.117888,5003.99,5003.99,589.91,8.5182,766.88,LOW
POL009870,0,0,1.0,0.25499,4438.78,4438.78,1131.84,8.3984,1471.4,LOW
POL009871,0,0,0.3136,0.371562,21550.87,21550.87,8007.48,9.9782,10409.72,HIGH
POL009872,0,0,1.0,0.562306,6473.28,6473.28,3639.97,8.7756,4731.96,MODERATE
POL009873,0,0,1.0,0.495194,30216.98,30216.98,14963.28,10.3162,19452.27,VERY_HIGH
POL009874,0,0,1.0,0.259515,5188.22,5188.22,1346.42,8.5543,1750.35,LOW
POL009875,0,0,0.6389,0.276672,13671.4,13671.4,3782.5,9.5231,4917.25,MODERATE
POL009876,0,0,0.4493,0.365558,9536.62,9536.62,3486.19,9.163,4532.05,MODERATE
POL009877,0,0,0.7669,0.45595,28719.73,28719.73,13094.77,10.2654,17023.2,VERY_HIGH
POL009878,0,0,0.2777,0.291946,7386.15,7386.15,2156.36,8.9075,2803.26,MODERATE
POL009879,0,0,1.0,0.223281,4011.26,4011.26,895.64,8.2971,1164.33,LOW
POL009880,0,0,1.0,0.522737,8738.31,8738.31,4567.84,9.0756,5938.19,MODERATE
POL009881,1,8595,0.2293,0.868078,7001.57,7001.57,6077.91,8.854,7901.28,HIGH
POL009882,0,0,0.6992,0.455267,10174.63,10174.63,4632.18,9.2278,6021.83,MODERATE
POL009883,0,0,0.5,0.565362,13094.32,13094.32,7403.02,9.48,9623.93,HIGH
POL009884,0,0,0.937,0.289759,19397.92,19397.92,5620.72,9.873,7306.93,HIGH
POL009885,0,0,1.0,0.348834,3937.65,3937.65,1373.58,8.2786,1785.66,LOW
POL009886,0,0,1.0,0.474501,7219.59,7219.59,3425.71,8.8847,4453.42,MODERATE
POL009887,0,0,1.0,0.786971,10108.73,10108.73,7955.28,9.2213,10341.86,HIGH
POL009888,0,0,0.5,0.550159,7464.76,7464.76,4106.81,8.9181,5338.85,MODERATE
POL009889,0,0,0.3286,0.389814,10742.78,10742.78,4187.69,9.2821,5443.99,MODERATE
POL009890,0,0,1.0,0.618535,8010.45,8010.45,4954.74,8.9886,6441.16,MODERATE
POL009891,0,0,1.0,0.329092,8865.39,8865.39,2917.53,9.09,3792.78,MODERATE
POL009892,0,0,0.25,0.294936,14880.28,14880.28,4388.73,9.6079,5705.35,MODERATE
POL009893,1,10116,0.5,0.442212,8271.51,8271.51,3657.76,9.0207,4755.09,MODERATE
POL009894,0,0,0.5,0.423099,9867.26,9867.26,4174.83,9.1971,5427.28,MODERATE
POL009895,0,0,1.0,0.23951,4741.38,4741.38,1135.61,8.4643,1476.29,LOW
POL009896,0,0,0.2151,0.420348,8139.02,8139.02,3421.22,9.0045,4447.59,MODERATE
POL009897,0,0,0.25,0.519091,3143.62,3143.62,1631.83,8.0534,2121.38,LOW
POL009898,0,0,0.5,0.53744,6046.04,6046.04,3249.38,8.7073,4224.19,MODERATE
POL009899,0,0,0.5,0.817369,5656.29,5656.29,4623.27,8.6407,6010.26,MODERATE
POL009900,0,0,0.8608,0.227749,6177.54,6177.54,1406.93,8.7288,1829.01,LOW
POL009901,0,0,0.5,0.307197,13477.38,13477.38,4140.21,9.5088,5382.28,MODERATE
POL009902,0,0,0.4729,0.522114,3496.58,3496.58,1825.61,8.1598,2373.29,MODERATE
POL009903,0,0,0.6922,0.277032,12257.69,12257.69,3395.78,9.414,4414.51,MODERATE
POL009904,0,0,1.0,0.27823,5692.23,5692.23,1583.75,8.647,2058.87,LOW
POL009905,0,0,0.2671,0.100398,67900.44,67900.44,6817.08,11.1258,8862.2,HIGH
POL009906,0,0,0.4301,0.146278,4734.81,4734.81,692.6,8.4629,900.37,LOW
POL009907,0,0,0.9218,0.318167,5744.6,5744.6,1827.74,8.6562,2376.06,MODERATE
POL009908,0,0,0.25,0.61305,7161.76,7161.76,4390.51,8.8767,5707.67,MODERATE
POL009909,0,0,0.4068,0.617946,4228.92,4228.92,2613.24,8.3499,3397.21,MODERATE
POL009910,0,0,0.4228,0.530333,3663.29,3663.29,1942.76,8.2064,2525.59,MODERATE
POL009911,0,0,1.0,0.414481,6090.62,6090.62,2524.45,8.7147,3281.78,MODERATE
POL009912,1,3895,0.25,0.115392,6951.41,6951.41,802.14,8.8468,1042.78,LOW
POL009913,0,0,0.113,0.646871,25527.42,25527.42,16512.96,10.1475,21466.84,VERY_HIGH
POL009914,0,0,0.5185,0.269666,20904.36,20904.36,5637.2,9.9478,7328.36,HIGH
POL009915,0,0,1.0,0.14155,4619.02,4619.02,653.82,8.4382,849.97,LOW
POL009916,0,0,1.0,0.148932,6202.51,6202.51,923.75,8.7329,1200.88,LOW
POL009917,0,0,0.2639,0.260279,14533.41,14533.41,3782.75,9.5843,4917.57,MODERATE
POL009918,0,0,1.0,0.372553,16467.01,16467.01,6134.83,9.7092,7975.28,HIGH
POL009919,0,0,0.4806,0.698439,9134.41,9134.41,6379.83,9.1199,8293.78,HIGH
POL009920,0,0,0.4962,0.735006,4292.34,4292.34,3154.9,8.3648,4101.37,MODERATE
POL009921,0,0,1.0,0.344051,7622.79,7622.79,2622.63,8.939,3409.42,MODERATE
POL009922,0,0,0.7384,0.296491,5887.43,5887.43,1745.57,8.6807,2269.24,LOW
POL009923,0,0,0.9164,0.463973,9048.86,9048.86,4198.42,9.1105,5457.95,MODERATE
POL009924,0,0,0.284,0.426646,8834.62,8834.62,3769.25,9.0865,4900.03,MODERATE
POL009925,0,0,0.4816,0.349727,81921.83,81921.83,28650.3,11.3135,37245.39,VERY_HIGH
POL009926,0,0,1.0,0.473713,3310.65,3310.65,1568.3,8.1052,2038.79,LOW
POL009927,1,1484,1.0,0.739322,3734.22,3734.22,2760.79,8.2256,3589.02,MODERATE
POL009928,0,0,0.2571,0.313178,11140.51,11140.51,3488.96,9.3184,4535.65,MODERATE
POL009929,0,0,0.5,0.638482,11494.2,11494.2,7338.84,9.3497,9540.5,HIGH
POL009930,1,11795,0.5,0.893738,17852.91,17852.91,15955.83,9.79,20742.57,VERY_HIGH
POL009931,0,0,0.25,0.347712,3217.31,3217.31,1118.7,8.0766,1454.31,LOW
POL009932,0,0,0.4657,0.336224,14446.68,14446.68,4857.31,9.5783,6314.51,MODERATE
POL009933,0,0,0.2545,0.26641,41887.31,41887.31,11159.19,10.6428,14506.95,HIGH
POL009934,0,0,0.1644,0.438444,13779.27,13779.27,6041.44,9.531,7853.88,HIGH
POL009935,0,0,1.0,0.59065,3343.4,3343.4,1974.78,8.115,2567.21,MODERATE
POL009936,0,0,1.0,0.227888,8146.71,8146.71,1856.53,9.0055,2413.49,MODERATE
POL009937,0,0,0.4905,0.123787,8976.08,8976.08,1111.12,9.1024,1444.46,LOW
POL009938,0,0,0.4188,0.40785,23545.95,23545.95,9603.23,10.0668,12484.19,HIGH
POL009939,1,10353,1.0,0.304297,16994.85,16994.85,5171.48,9.7407,6722.92,MODERATE
POL009940,0,0,0.5,0.598162,3375.8,3375.8,2019.28,8.1247,2625.06,MODERATE
POL009941,0,0,0.3581,0.375596,17569.21,17569.21,6598.92,9.774,8578.6,HIGH
POL009942,0,0,1.0,0.482778,4588.32,4588.32,2215.14,8.4315,2879.68,MODERATE
POL009943,1,31402,0.3737,0.643057,24848.22,24848.22,15978.82,10.1206,20772.47,VERY_HIGH
POL009944,1,7073,0.2232,0.486637,14356.62,14356.62,6986.47,9.572,9082.41,HIGH
POL009945,0,0,0.6326,0.550308,24432.69,24432.69,13445.51,10.1037,17479.17,VERY_HIGH
POL009946,0,0,0.25,0.366298,6073.45,6073.45,2224.69,8.7118,2892.1,MODERATE
POL009947,0,0,1.0,0.345811,4045.44,4045.44,1398.96,8.3056,1818.64,LOW
POL009948,0,0,0.9315,0.203147,11527.88,11527.88,2341.86,9.3526,3044.42,MODERATE
POL009949,0,0,0.7392,0.349728,11769.69,11769.69,4116.19,9.3734,5351.05,MODERATE
POL009950,0,0,0.7506,0.202457,25442.82,25442.82,5151.07,10.1442,6696.39,MODERATE
POL009951,0,0,0.25,0.62563,5662.72,5662.72,3542.77,8.6418,4605.6,MODERATE
POL009952,0,0,1.0,0.399554,6254.88,6254.88,2499.16,8.7413,3248.91,MODERATE
POL009953,0,0,1.0,0.583848,2611.07,2611.07,1524.47,7.8679,1981.81,LOW
POL009954,0,0,0.1952,0.349931,17002.57,17002.57,5949.73,9.7412,7734.65,HIGH
POL009955,0,0,0.1968,0.234426,16631.31,16631.31,3898.81,9.7191,5068.46,MODERATE
POL009956,1,10618,0.25,0.855362,21178.73,21178.73,18115.48,9.9608,23550.12,VERY_HIGH
POL009957,1,6582,0.5,0.506972,3411.02,3411.02,1729.29,8.1351,2248.08,LOW
POL009958,1,9404,0.5,0.862689,22564.26,22564.26,19465.93,10.0242,25305.71,VERY_HIGH
POL009959,0,0,1.0,0.253745,7690.82,7690.82,1951.51,8.9479,2536.96,MODERATE
POL009960,0,0,0.181,0.432256,14002.98,14002.98,6052.87,9.5471,7868.74,HIGH
POL009961,0,0,1.0,0.414233,6799.66,6799.66,2816.64,8.8248,3661.63,MODERATE
POL009962,0,0,0.25,0.163702,5989.49,5989.49,980.49,8.6979,1274.64,LOW
POL009963,0,0,1.0,0.350496,10314.79,10314.79,3615.29,9.2414,4699.88,MODERATE
POL009964,0,0,0.25,0.857974,10822.09,10822.09,9285.08,9.2894,12070.6,HIGH
POL009965,1,6896,0.5,0.664385,5838.54,5838.54,3879.04,8.6724,5042.75,MODERATE
POL009966,0,0,0.6161,0.139003,3828.08,3828.08,532.11,8.2504,691.75,LOW
POL009967,0,0,0.638,0.56704,7393.68,7393.68,4192.51,8.9085,5450.26,MODERATE
POL009968,0,0,1.0,0.317343,17112.21,17112.21,5430.45,9.7476,7059.58,MODERATE
POL009969,0,0,0.5,0.507365,4769.69,4769.69,2419.98,8.4702,3145.97,MODERATE
POL009970,0,0,1.0,0.502438,4153.05,4153.05,2086.65,8.3318,2712.64,MODERATE
POL009971,0,0,1.0,0.450745,6578.85,6578.85,2965.38,8.7918,3855.0,MODERATE
POL009972,0,0,0.4535,0.433938,16062.49,16062.49,6970.12,9.6843,9061.15,HIGH
POL009973,0,0,0.25,0.664038,5981.2,5981.2,3971.74,8.6965,5163.27,MODERATE
POL009974,0,0,0.5,0.65223,13362.06,13362.06,8715.14,9.5002,11329.68,HIGH
POL009975,0,0,1.0,0.512471,4328.56,4328.56,2218.26,8.3732,2883.74,MODERATE
POL009976,1,8167,1.0,0.830763,6696.94,6696.94,5563.57,8.8096,7232.64,HIGH
POL009977,0,0,1.0,0.41365,5129.79,5129.79,2121.94,8.543,2758.52,MODERATE
POL009978,1,17455,0.4142,0.584174,31726.94,31726.94,18534.06,10.365,24094.28,VERY_HIGH
POL009979,0,0,1.0,0.158613,3509.77,3509.77,556.7,8.1636,723.7,LOW
POL009980,0,0,0.7105,0.396796,4500.88,4500.88,1785.93,8.4123,2321.71,LOW
POL009981,0,0,0.5,0.638541,2786.14,2786.14,1779.06,7.9328,2312.78,LOW
POL009982,0,0,1.0,0.608868,4633.6,4633.6,2821.25,8.4413,3667.63,MODERATE
POL009983,0,0,0.25,0.253601,57137.78,57137.78,14490.2,10.9532,18837.26,VERY_HIGH
POL009984,0,0,0.274,0.212899,13469.99,13469.99,2867.75,9.5083,3728.08,MODERATE
POL009985,0,0,1.0,0.372413,18988.86,18988.86,7071.7,9.8517,9193.21,HIGH
POL009986,0,0,0.25,0.761138,4822.29,4822.29,3670.43,8.4812,4771.56,MODERATE
POL009987,0,0,0.9003,0.290262,16602.88,16602.88,4819.18,9.7174,6264.93,MODERATE
POL009988,0,0,0.25,0.322458,4915.72,4915.72,1585.12,8.5004,2060.65,LOW
POL009989,0,0,1.0,0.515556,7647.63,7647.63,3942.78,8.9423,5125.61,MODERATE
POL009990,0,0,1.0,0.918406,8028.96,8028.96,7373.84,8.9909,9585.99,HIGH
POL009991,0,0,1.0,0.363753,7280.86,7280.86,2648.43,8.8931,3442.97,MODERATE
POL009992,0,0,0.2092,0.323928,11965.62,11965.62,3876.0,9.3899,5038.8,MODERATE
POL009993,0,0,0.9361,0.233099,4631.56,4631.56,1079.61,8.4409,1403.49,LOW
POL009994,0,0,0.5,0.242097,3598.64,3598.64,871.22,8.1886,1132.58,LOW
POL009995,1,5827,1.0,0.82788,6019.69,6019.69,4983.58,8.703,6478.66,MODERATE
POL009996,1,31209,0.5,0.768174,23635.55,23635.55,18156.22,10.0705,23603.09,VERY_HIGH
POL009997,1,6272,0.3252,0.360485,16385.18,16385.18,5906.61,9.7042,7678.59,HIGH
POL009998,0,0,0.5756,0.26111,7409.61,7409.61,1934.72,8.9107,2515.14,MODERATE
POL009999,0,0,0.5,0.551762,2259.19,2259.19,1246.53,7.7232,1620.5,LOW
POL010000,0,0,1.0,0.479912,3293.98,3293.98,1580.82,8.1002,2055.06,LOW
